% program   : ES 1.5
% inp file  : C:\Users\photogrammetry\Desktop\gps\rover\rinex_1_2023-06-17-06-40-38\1_2023-06-17-06-40-38.23O
% inp file  : C:\Users\photogrammetry\Desktop\gps\base\rinex_1_2023-06-17-06-31-45\1_2023-06-17-06-31-45.23P
% inp file  : C:\Users\photogrammetry\Desktop\gps\base\rinex_1_2023-06-17-06-31-45\1_2023-06-17-06-31-45.23O
% obs start : 2023/06/17 04:41:08.0 GPST (week2266 535268.0s)
% obs end   : 2023/06/17 05:02:42.0 GPST (week2266 536562.0s)
% ref pos   : 46.289014470   9.617445320 3220.0429
%
% (lat/lon/height=WGS84/ellipsoidal,Q=1:fix,2:float,3:sbas,4:dgps,5:single,6:ppp,ns=# of satellites)
%  GPST                  latitude(deg) longitude(deg)  height(m)   Q  ns   sdn(m)   sde(m)   sdu(m)  sdne(m)  sdeu(m)  sdun(m) age(s)  ratio
2023/06/17 04:41:08.008   46.289005955    9.617415480  3220.4057   2   6   2.9616   1.9167   4.6210  -1.7069   1.1350  -0.5855   0.01    0.0
2023/06/17 04:41:09.008   46.289006324    9.617416153  3220.0441   2   5   2.3195   1.4198   3.7176  -1.2923   0.9430  -1.2170   0.01    0.0
2023/06/17 04:41:10.008   46.289005633    9.617416302  3219.7694   2   5   1.9871   1.1794   3.2237  -1.0875   0.8282  -1.2391   0.01    0.0
2023/06/17 04:41:11.008   46.289004866    9.617416618  3219.5020   2   5   1.7705   1.0307   2.8916  -0.9583   0.7487  -1.1960   0.01    0.0
2023/06/17 04:41:12.008   46.289004896    9.617416502  3219.3799   2   5   1.6137   0.9270   2.6461  -0.8670   0.6894  -1.1430   0.01    0.0
2023/06/17 04:41:13.008   46.289004661    9.617416246  3219.3034   2   5   1.4929   0.8494   2.4542  -0.7977   0.6429  -1.0917   0.01    0.0
2023/06/17 04:41:14.008   46.289004257    9.617416353  3219.2088   2   5   1.3958   0.7885   2.2982  -0.7429   0.6053  -1.0451   0.01    0.0
2023/06/17 04:41:15.008   46.289002956    9.617416724  3219.2314   2   6   1.2751   0.7376   2.0866  -0.6873   0.5536  -0.9096   0.01    0.0
2023/06/17 04:41:16.008   46.289002393    9.617416974  3219.2606   2   6   1.1829   0.6956   1.9250  -0.6433   0.5141  -0.8120   0.01    0.0
2023/06/17 04:41:17.008   46.289001894    9.617417366  3219.2492   2   6   1.1084   0.6600   1.7959  -0.6069   0.4830  -0.7387   0.01    0.0
2023/06/17 04:41:18.008   46.289001213    9.617417534  3219.1931   2   6   1.0464   0.6294   1.6892  -0.5760   0.4576  -0.6818   0.01    0.0
2023/06/17 04:41:19.000   46.289008953    9.617425091  3219.2080   2   6   0.7313   0.4558   1.1659  -0.4120   0.3118  -0.3950   0.00    0.0
2023/06/17 04:41:20.000   46.289009967    9.617424743  3219.0834   2   6   0.6774   0.4713   1.0100  -0.3604   0.2585  -0.2776   0.00    0.0
2023/06/17 04:41:21.000   46.289005876    9.617423934  3218.9850   2   6   0.5238   0.3374   0.8240  -0.2951   0.2157  -0.2391   0.00    0.0
2023/06/17 04:41:22.000   46.289004176    9.617426054  3219.1922   2   6   0.4650   0.2967   0.7342  -0.2643   0.1920  -0.2092   0.00    0.0
2023/06/17 04:41:23.000   46.289002595    9.617427669  3219.3687   2   6   0.4241   0.2702   0.6698  -0.2418   0.1750  -0.1877   0.00    0.0
2023/06/17 04:41:24.000   46.289001570    9.617428501  3219.4983   2   6   0.3926   0.2501   0.6199  -0.2242   0.1618  -0.1717   0.00    0.0
2023/06/17 04:41:25.000   46.289000859    9.617428984  3219.5508   2   6   0.3673   0.2340   0.5797  -0.2100   0.1513  -0.1591   0.00    0.0
2023/06/17 04:41:26.000   46.289000410    9.617429203  3219.6127   2   6   0.3464   0.2208   0.5464  -0.1981   0.1426  -0.1490   0.00    0.0
2023/06/17 04:41:27.000   46.289000197    9.617429414  3219.6653   2   6   0.3286   0.2095   0.5182  -0.1881   0.1353  -0.1408   0.00    0.0
2023/06/17 04:41:28.000   46.289000557    9.617429126  3219.7232   2   9   0.3074   0.1986   0.4899  -0.1757   0.1264  -0.1241   0.00    0.0
2023/06/17 04:41:29.000   46.289000680    9.617428715  3219.7444   2   9   0.2900   0.1893   0.4660  -0.1655   0.1193  -0.1114   0.00    0.0
2023/06/17 04:41:30.000   46.289000886    9.617428582  3219.7671   2   9   0.2753   0.1812   0.4453  -0.1570   0.1133  -0.1012   0.00    0.0
2023/06/17 04:41:31.000   46.289001063    9.617428438  3219.7831   2   9   0.2626   0.1741   0.4270  -0.1496   0.1082  -0.0928   0.00    2.7
2023/06/17 04:41:32.000   46.289001308    9.617428234  3219.7973   2   9   0.2515   0.1678   0.4109  -0.1432   0.1038  -0.0858   0.00    2.8
2023/06/17 04:41:33.000   46.289001464    9.617427969  3219.8103   2   9   0.2417   0.1621   0.3963  -0.1375   0.0999  -0.0800   0.00    2.8
2023/06/17 04:41:34.000   46.289001600    9.617427706  3219.8103   2   9   0.2329   0.1570   0.3832  -0.1324   0.0965  -0.0751   0.00    2.8
2023/06/17 04:41:35.000   46.289001692    9.617427443  3219.8141   2   9   0.2249   0.1523   0.3712  -0.1278   0.0934  -0.0709   0.00    2.7
2023/06/17 04:41:36.000   46.289001684    9.617427266  3219.8077   2   9   0.2177   0.1480   0.3603  -0.1236   0.0907  -0.0673   0.00    2.8
2023/06/17 04:41:37.000   46.289001792    9.617427252  3219.7739   2   9   0.2112   0.1441   0.3502  -0.1198   0.0882  -0.0643   0.00    2.8
2023/06/17 04:41:38.000   46.289001969    9.617427067  3219.7518   2   9   0.2051   0.1404   0.3409  -0.1164   0.0859  -0.0616   0.00    2.8
2023/06/17 04:41:39.000   46.289002060    9.617426901  3219.7211   2   9   0.1995   0.1370   0.3322  -0.1131   0.0838  -0.0594   0.00    2.9
2023/06/17 04:41:40.000   46.289001918    9.617415871  3219.0995   1   9   0.0067   0.0047   0.0115  -0.0037   0.0028   0.0006   0.00    3.0
2023/06/17 04:41:41.000   46.289001941    9.617415852  3219.0985   1   9   0.0067   0.0047   0.0114  -0.0037   0.0028   0.0006   0.00    3.0
2023/06/17 04:41:42.000   46.289002052    9.617415764  3219.1012   1   9   0.0067   0.0047   0.0114  -0.0037   0.0028   0.0007   0.00    3.1
2023/06/17 04:41:43.000   46.289002045    9.617415777  3219.0965   1   9   0.0067   0.0047   0.0114  -0.0037   0.0028   0.0007   0.00    3.1
2023/06/17 04:41:44.000   46.289001999    9.617415640  3219.1030   1   9   0.0066   0.0047   0.0114  -0.0037   0.0028   0.0007   0.00    3.1
2023/06/17 04:41:45.000   46.289001939    9.617415798  3219.0935   1   9   0.0066   0.0047   0.0114  -0.0037   0.0028   0.0008   0.00    3.2
2023/06/17 04:41:46.000   46.289001984    9.617415864  3219.0984   1   9   0.0066   0.0047   0.0114  -0.0037   0.0027   0.0008   0.00    3.2
2023/06/17 04:41:47.000   46.289001957    9.617415757  3219.1042   1   9   0.0066   0.0047   0.0114  -0.0037   0.0027   0.0008   0.00    3.3
2023/06/17 04:41:48.000   46.289001825    9.617415898  3219.0887   1   9   0.0066   0.0047   0.0114  -0.0037   0.0027   0.0008   0.00    3.3
2023/06/17 04:41:49.000   46.289001701    9.617415533  3219.0975   1   9   0.0066   0.0047   0.0114  -0.0037   0.0027   0.0009   0.00    3.3
2023/06/17 04:41:50.000   46.289001843    9.617415804  3219.0899   1   9   0.0066   0.0047   0.0114  -0.0037   0.0027   0.0009   0.00    3.4
2023/06/17 04:41:51.000   46.289001914    9.617415768  3219.0934   1   9   0.0066   0.0047   0.0114  -0.0037   0.0027   0.0009   0.00    3.5
2023/06/17 04:41:52.000   46.289001882    9.617415435  3219.1040   1   9   0.0064   0.0047   0.0113  -0.0037   0.0028  -0.0016   0.00    3.5
2023/06/17 04:41:53.000   46.289001737    9.617415537  3219.0934   1   9   0.0063   0.0047   0.0112  -0.0036   0.0029  -0.0019   0.00    3.5
2023/06/17 04:41:54.000   46.289001824    9.617415688  3219.0888   1   9   0.0063   0.0047   0.0112  -0.0036   0.0029  -0.0020   0.00    3.6
2023/06/17 04:41:55.000   46.289002146    9.617415179  3219.0996   1   9   0.0062   0.0047   0.0111  -0.0036   0.0029  -0.0024   0.00    3.9
2023/06/17 04:41:56.000   46.289003832    9.617425201  3219.0922   2   8   0.1390   0.1021   0.2411  -0.0793   0.0672  -0.0568   0.00    2.2
2023/06/17 04:41:57.000   46.289006413    9.617423250  3219.1846   2   7   0.1380   0.1020   0.2402  -0.0796   0.0670  -0.0566   0.00    1.1
2023/06/17 04:41:57.992   46.289007485    9.617421704  3219.1099   5   2   0.3471   0.2303   0.4502  -0.2672   0.2866  -0.3530   0.00    1.1
2023/06/17 04:41:59.000   46.289006825    9.617423381  3218.3225   2   5   1.1123   0.8395   1.4055  -0.8640   0.9492  -1.1268   0.00    0.0
2023/06/17 04:42:00.000   46.289012849    9.617429027  3218.3850   2   6   0.4385   0.3236   0.5510  -0.3203   0.3458  -0.4205   0.00    0.0
2023/06/17 04:42:01.000   46.289012707    9.617435624  3218.5607   2   8   0.5176   0.3304   0.7015  -0.3683   0.2869  -0.0871   0.00    0.0
2023/06/17 04:42:02.000   46.289013936    9.617440819  3218.6117   2   9   0.3053   0.2190   0.4189  -0.2188   0.2285  -0.2547   0.00    0.0
2023/06/17 04:42:03.000   46.289016892    9.617436527  3219.1568   2  10   0.2774   0.2051   0.3889  -0.2027   0.2204  -0.2522   0.00    1.3
2023/06/17 04:42:04.000   46.289017977    9.617435430  3219.0649   2  10   0.2571   0.1906   0.3664  -0.1869   0.2042  -0.2345   0.00    1.1
2023/06/17 04:42:05.000   46.289018367    9.617435547  3218.8223   2  10   0.2417   0.1795   0.3490  -0.1745   0.1908  -0.2191   0.00    1.0
2023/06/17 04:42:06.000   46.289018249    9.617435333  3218.6690   2  10   0.2303   0.1708   0.3349  -0.1648   0.1795  -0.2056   0.00    1.2
2023/06/17 04:42:07.000   46.289017979    9.617435547  3218.6637   2  11   0.2187   0.1626   0.3220  -0.1553   0.1689  -0.1928   0.00    1.6
2023/06/17 04:42:08.000   46.289017734    9.617436148  3218.6800   2  11   0.2090   0.1558   0.3109  -0.1473   0.1598  -0.1820   0.00    1.7
2023/06/17 04:42:09.000   46.289017773    9.617436312  3218.7260   2  11   0.2007   0.1499   0.3014  -0.1405   0.1520  -0.1726   0.00    1.7
2023/06/17 04:42:10.000   46.289017409    9.617436507  3218.7359   2  11   0.1934   0.1448   0.2929  -0.1345   0.1451  -0.1643   0.00    1.5
2023/06/17 04:42:11.000   46.289017265    9.617436598  3218.7225   2  11   0.1868   0.1402   0.2853  -0.1291   0.1390  -0.1569   0.00    1.2
2023/06/17 04:42:12.000   46.289017072    9.617436473  3218.7181   2  11   0.1809   0.1361   0.2784  -0.1243   0.1335  -0.1502   0.00    1.1
2023/06/17 04:42:13.000   46.289016880    9.617436373  3218.7164   2  11   0.1755   0.1322   0.2720  -0.1198   0.1286  -0.1443   0.00    1.1
2023/06/17 04:42:14.000   46.289016849    9.617436128  3218.7152   2  11   0.1705   0.1287   0.2661  -0.1158   0.1242  -0.1389   0.00    1.0
2023/06/17 04:42:15.000   46.289016757    9.617435940  3218.7068   2  11   0.1660   0.1255   0.2606  -0.1121   0.1201  -0.1340   0.00    1.1
2023/06/17 04:42:16.000   46.289016809    9.617435718  3218.6966   2  11   0.1618   0.1225   0.2555  -0.1087   0.1164  -0.1295   0.00    1.1
2023/06/17 04:42:17.000   46.289016825    9.617435430  3218.6846   2  11   0.1579   0.1198   0.2507  -0.1056   0.1130  -0.1254   0.00    1.1
2023/06/17 04:42:18.000   46.289016812    9.617435184  3218.6798   2  11   0.1542   0.1172   0.2462  -0.1027   0.1098  -0.1215   0.00    1.1
2023/06/17 04:42:19.000   46.289016863    9.617434855  3218.6734   2  11   0.1508   0.1148   0.2419  -0.0999   0.1068  -0.1180   0.00    1.1
2023/06/17 04:42:20.000   46.289016892    9.617434605  3218.6576   2  11   0.1476   0.1126   0.2379  -0.0974   0.1040  -0.1147   0.00    1.3
2023/06/17 04:42:21.000   46.289016893    9.617434539  3218.6371   2  11   0.1447   0.1104   0.2340  -0.0950   0.1015  -0.1116   0.00    1.1
2023/06/17 04:42:22.000   46.289018344    9.617435093  3218.5527   2  11   0.1418   0.1084   0.2304  -0.0928   0.0990  -0.1087   0.00    1.1
2023/06/17 04:42:23.000   46.289017713    9.617434390  3218.5503   2  10   0.1404   0.1070   0.2284  -0.0913   0.0971  -0.1075   0.00    1.6
2023/06/17 04:42:24.000   46.289018561    9.617435216  3218.3359   2   6   0.1401   0.1280   0.2612  -0.0891  -0.0027  -0.1088   0.00    1.6
2023/06/17 04:42:25.000   46.289018616    9.617434088  3218.5810   2   9   0.1409   0.1065   0.2276  -0.0904   0.0946  -0.1069   0.00    1.7
2023/06/17 04:42:26.000   46.289018626    9.617434090  3218.5740   2   9   0.1403   0.1058   0.2269  -0.0898   0.0948  -0.1069   0.00    1.6
2023/06/17 04:42:27.000   46.289018741    9.617434016  3218.5544   2  11   0.1396   0.1047   0.2260  -0.0886   0.0938  -0.1060   0.00    1.2
2023/06/17 04:42:28.000   46.289018917    9.617433482  3218.5354   2  11   0.1381   0.1031   0.2246  -0.0872   0.0919  -0.1041   0.00    1.0
2023/06/17 04:42:29.000   46.289018937    9.617433038  3218.5518   2  12   0.1355   0.1007   0.2209  -0.0846   0.0880  -0.1008   0.00    1.1
2023/06/17 04:42:30.000   46.289019070    9.617432693  3218.6090   2  12   0.1332   0.0984   0.2175  -0.0822   0.0846  -0.0975   0.00    1.0
2023/06/17 04:42:31.000   46.289019121    9.617432611  3218.5901   2  11   0.1324   0.0978   0.2163  -0.0813   0.0831  -0.0968   0.00    1.3
2023/06/17 04:42:32.000   46.289019096    9.617432579  3218.5966   2  12   0.1308   0.0967   0.2147  -0.0799   0.0815  -0.0954   0.00    1.1
2023/06/17 04:42:33.000   46.289019180    9.617432478  3218.5824   2  12   0.1293   0.0954   0.2123  -0.0783   0.0790  -0.0935   0.00    1.1
2023/06/17 04:42:34.000   46.289019336    9.617432255  3218.6053   2  12   0.1278   0.0938   0.2099  -0.0766   0.0772  -0.0917   0.00    1.1
2023/06/17 04:42:35.000   46.289019347    9.617431970  3218.6074   2  12   0.1264   0.0923   0.2076  -0.0751   0.0753  -0.0901   0.00    1.1
2023/06/17 04:42:36.000   46.289019779    9.617431775  3218.5918   2  12   0.1243   0.0905   0.2044  -0.0731   0.0726  -0.0870   0.00    1.1
2023/06/17 04:42:37.000   46.289019693    9.617431443  3218.5534   2  12   0.1226   0.0889   0.2019  -0.0713   0.0703  -0.0849   0.00    1.1
2023/06/17 04:42:38.000   46.289019618    9.617431064  3218.5515   2  12   0.1203   0.0871   0.1989  -0.0689   0.0666  -0.0815   0.00    1.0
2023/06/17 04:42:39.000   46.289019814    9.617431185  3218.5389   2  12   0.1181   0.0855   0.1962  -0.0667   0.0632  -0.0783   0.00    1.1
2023/06/17 04:42:40.000   46.289019941    9.617431107  3218.5768   2  12   0.1160   0.0837   0.1935  -0.0644   0.0604  -0.0755   0.00    1.2
2023/06/17 04:42:41.000   46.289020044    9.617430848  3218.5667   2  12   0.1142   0.0821   0.1910  -0.0625   0.0576  -0.0727   0.00    1.4
2023/06/17 04:42:42.000   46.289020902    9.617430967  3218.3595   2  12   0.1120   0.0805   0.1879  -0.0606   0.0551  -0.0696   0.00    1.1
2023/06/17 04:42:43.000   46.289020695    9.617430811  3218.3299   2  12   0.1103   0.0791   0.1852  -0.0589   0.0528  -0.0669   0.00    1.4
2023/06/17 04:42:44.000   46.289020623    9.617430564  3218.3217   2  12   0.1086   0.0778   0.1828  -0.0574   0.0505  -0.0643   0.00    1.3
2023/06/17 04:42:45.000   46.289020221    9.617430134  3218.3765   2  12   0.1070   0.0765   0.1804  -0.0558   0.0485  -0.0620   0.00    1.1
2023/06/17 04:42:46.000   46.289020088    9.617428704  3218.4677   2  12   0.1052   0.0753   0.1781  -0.0542   0.0466  -0.0599   0.00    1.1
2023/06/17 04:42:47.000   46.289019933    9.617428443  3218.4332   2  13   0.1035   0.0741   0.1759  -0.0527   0.0449  -0.0579   0.00    1.1
2023/06/17 04:42:48.000   46.289019879    9.617428275  3218.4039   2  13   0.1018   0.0729   0.1737  -0.0514   0.0432  -0.0560   0.00    1.2
2023/06/17 04:42:49.000   46.289019788    9.617428128  3218.3673   2  13   0.1003   0.0719   0.1717  -0.0500   0.0416  -0.0542   0.00    1.2
2023/06/17 04:42:50.000   46.289019703    9.617427990  3218.3399   2  13   0.0988   0.0709   0.1697  -0.0488   0.0401  -0.0526   0.00    1.1
2023/06/17 04:42:51.000   46.289019625    9.617427943  3218.3051   2  13   0.0974   0.0699   0.1678  -0.0476   0.0387  -0.0511   0.00    1.1
2023/06/17 04:42:52.000   46.289019538    9.617427831  3218.2636   2  13   0.0960   0.0690   0.1659  -0.0465   0.0374  -0.0496   0.00    1.1
2023/06/17 04:42:53.000   46.289019511    9.617427711  3218.2247   2  13   0.0947   0.0681   0.1641  -0.0454   0.0361  -0.0482   0.00    1.0
2023/06/17 04:42:54.000   46.289019488    9.617427604  3218.1798   2  13   0.0935   0.0672   0.1623  -0.0444   0.0349  -0.0470   0.00    1.0
2023/06/17 04:42:55.000   46.289019473    9.617427541  3218.1298   2  13   0.0923   0.0664   0.1606  -0.0435   0.0337  -0.0458   0.00    1.0
2023/06/17 04:42:56.000   46.289019211    9.617427576  3218.3717   2  13   0.0911   0.0656   0.1589  -0.0425   0.0326  -0.0446   0.00    1.0
2023/06/17 04:42:57.000   46.289019086    9.617427561  3218.4437   2  13   0.0900   0.0649   0.1573  -0.0417   0.0314  -0.0434   0.00    1.1
2023/06/17 04:42:58.000   46.289018957    9.617427563  3218.5029   2  13   0.0890   0.0642   0.1557  -0.0409   0.0302  -0.0423   0.00    1.1
2023/06/17 04:42:59.000   46.289018836    9.617427569  3218.5582   2  13   0.0880   0.0636   0.1541  -0.0402   0.0291  -0.0413   0.00    1.4
2023/06/17 04:43:00.000   46.289018725    9.617427580  3218.6057   2  13   0.0870   0.0629   0.1526  -0.0394   0.0281  -0.0403   0.00    1.4
2023/06/17 04:43:01.000   46.289018614    9.617427521  3218.6530   2  13   0.0860   0.0623   0.1511  -0.0387   0.0271  -0.0394   0.00    1.4
2023/06/17 04:43:02.000   46.289018493    9.617427520  3218.6787   2  13   0.0850   0.0616   0.1496  -0.0379   0.0263  -0.0387   0.00    1.5
2023/06/17 04:43:03.000   46.289018420    9.617427446  3218.7086   2  13   0.0841   0.0611   0.1482  -0.0373   0.0252  -0.0379   0.00    1.5
2023/06/17 04:43:04.000   46.289018335    9.617427395  3218.7347   2  13   0.0832   0.0605   0.1468  -0.0367   0.0243  -0.0371   0.00    1.3
2023/06/17 04:43:05.000   46.289018254    9.617427335  3218.7522   2  13   0.0823   0.0599   0.1453  -0.0360   0.0236  -0.0366   0.00    1.0
2023/06/17 04:43:06.000   46.289018180    9.617427238  3218.7642   2  13   0.0815   0.0594   0.1440  -0.0354   0.0227  -0.0358   0.00    1.5
2023/06/17 04:43:07.000   46.289018101    9.617427177  3218.7734   2  13   0.0806   0.0588   0.1425  -0.0347   0.0221  -0.0354   0.00    2.3
2023/06/17 04:43:08.000   46.289018032    9.617427110  3218.7803   2  13   0.0798   0.0583   0.1411  -0.0341   0.0214  -0.0349   0.00    3.0
2023/06/17 04:43:09.000   46.289016029    9.617421306  3220.0530   1  13   0.0050   0.0034   0.0095  -0.0012  -0.0019   0.0026   0.00    3.7
2023/06/17 04:43:10.000   46.289016036    9.617421288  3220.0502   1  13   0.0050   0.0034   0.0097  -0.0013  -0.0022   0.0028   0.00    3.9
2023/06/17 04:43:11.000   46.289016031    9.617421304  3220.0519   1  13   0.0050   0.0034   0.0097  -0.0013  -0.0022   0.0028   0.00    4.0
2023/06/17 04:43:12.000   46.289016056    9.617421300  3220.0544   1  13   0.0050   0.0034   0.0095  -0.0012  -0.0019   0.0026   0.00    4.0
2023/06/17 04:43:13.000   46.289016059    9.617421290  3220.0548   1  13   0.0050   0.0034   0.0095  -0.0012  -0.0019   0.0026   0.00    4.1
2023/06/17 04:43:13.999   46.289016041    9.617421304  3220.0537   1  13   0.0050   0.0034   0.0095  -0.0012  -0.0019   0.0026   0.00    4.2
2023/06/17 04:43:15.000   46.289016027    9.617421366  3220.0517   1  13   0.0050   0.0034   0.0095  -0.0012  -0.0019   0.0026   0.00    4.3
2023/06/17 04:43:16.000   46.289015600    9.617422459  3219.9872   1  13   0.0050   0.0034   0.0095  -0.0012  -0.0019   0.0026   0.00    4.4
2023/06/17 04:43:17.000   46.289015124    9.617421914  3220.0487   1  13   0.0050   0.0034   0.0097  -0.0013  -0.0022   0.0028   0.00    4.6
2023/06/17 04:43:18.000   46.289016347    9.617420309  3220.2871   1  12   0.0050   0.0035   0.0097  -0.0014  -0.0022   0.0029   0.00    4.0
2023/06/17 04:43:19.000   46.289016916    9.617419650  3220.2567   1  12   0.0051   0.0035   0.0100  -0.0016  -0.0025   0.0032   0.00    4.1
2023/06/17 04:43:20.000   46.289020581    9.617419836  3220.2089   1  13   0.0050   0.0034   0.0097  -0.0013  -0.0022   0.0028   0.00    4.9
2023/06/17 04:43:21.000   46.289023545    9.617415526  3220.4677   1  12   0.0056   0.0039   0.0109  -0.0021  -0.0036   0.0043   0.00    4.3
2023/06/17 04:43:22.000   46.289026536    9.617411123  3220.6143   1  12   0.0056   0.0039   0.0109  -0.0021  -0.0036   0.0043   0.00    4.3
2023/06/17 04:43:23.000   46.289028484    9.617407223  3220.4699   1  12   0.0056   0.0039   0.0109  -0.0021  -0.0036   0.0043   0.00    4.3
2023/06/17 04:43:24.000   46.289030710    9.617404817  3220.2340   1  10   0.0058   0.0054   0.0149  -0.0021  -0.0070   0.0041   0.00    6.4
2023/06/17 04:43:25.000   46.289031745    9.617402620  3220.1725   1  11   0.0052   0.0047   0.0124  -0.0020  -0.0054   0.0034   0.00    5.3
2023/06/17 04:43:26.000   46.289033978    9.617399570  3219.7741   1  10   0.0053   0.0052   0.0142  -0.0014  -0.0067   0.0025   0.00    6.5
2023/06/17 04:43:27.000   46.289032570    9.617397683  3220.0931   1  12   0.0053   0.0042   0.0120  -0.0012  -0.0046   0.0021   0.00    6.2
2023/06/17 04:43:28.000   46.289032607    9.617397241  3220.0840   1  13   0.0053   0.0052   0.0142  -0.0014  -0.0067   0.0025   0.00    6.7
2023/06/17 04:43:29.000   46.289032625    9.617397229  3220.0802   1  13   0.0053   0.0052   0.0142  -0.0014  -0.0067   0.0025   0.00    6.8
2023/06/17 04:43:30.000   46.289032659    9.617397188  3220.0783   1  13   0.0053   0.0052   0.0142  -0.0014  -0.0067   0.0025   0.00    7.0
2023/06/17 04:43:31.000   46.289032666    9.617397281  3220.0710   1  13   0.0053   0.0052   0.0142  -0.0014  -0.0067   0.0025   0.00    7.2
2023/06/17 04:43:32.000   46.289032633    9.617397224  3220.0750   1  13   0.0053   0.0052   0.0142  -0.0014  -0.0067   0.0025   0.00    7.3
2023/06/17 04:43:33.000   46.289032622    9.617397243  3220.0689   1  13   0.0053   0.0052   0.0142  -0.0014  -0.0067   0.0025   0.00    7.5
2023/06/17 04:43:34.000   46.289032667    9.617397193  3220.0821   1  13   0.0053   0.0052   0.0142  -0.0014  -0.0067   0.0025   0.00    7.7
2023/06/17 04:43:35.000   46.289032634    9.617397269  3220.0717   1  13   0.0053   0.0052   0.0142  -0.0014  -0.0067   0.0025   0.00    7.8
2023/06/17 04:43:36.000   46.289032657    9.617397237  3220.0760   1  13   0.0053   0.0052   0.0142  -0.0014  -0.0067   0.0025   0.00    8.0
2023/06/17 04:43:37.000   46.289032639    9.617397215  3220.0780   1  13   0.0053   0.0052   0.0142  -0.0014  -0.0067   0.0025   0.00    8.2
2023/06/17 04:43:38.000   46.289032636    9.617397199  3220.0844   1  13   0.0058   0.0053   0.0149  -0.0022  -0.0070   0.0041   0.00    8.4
2023/06/17 04:43:39.000   46.289032619    9.617397251  3220.0771   1  13   0.0055   0.0053   0.0145  -0.0018  -0.0069   0.0034   0.00    8.6
2023/06/17 04:43:40.000   46.289032633    9.617397203  3220.0801   1  13   0.0054   0.0053   0.0144  -0.0017  -0.0068   0.0031   0.00    8.8
2023/06/17 04:43:41.000   46.289032663    9.617397233  3220.0760   1  13   0.0054   0.0053   0.0144  -0.0016  -0.0068   0.0030   0.00    8.9
2023/06/17 04:43:42.000   46.289032647    9.617397230  3220.0717   1  13   0.0054   0.0053   0.0143  -0.0016  -0.0067   0.0029   0.00    9.0
2023/06/17 04:43:43.000   46.289032646    9.617397239  3220.0686   1  13   0.0053   0.0051   0.0138  -0.0013  -0.0063   0.0024   0.00    9.1
2023/06/17 04:43:44.000   46.289032657    9.617397210  3220.0791   1  13   0.0053   0.0050   0.0136  -0.0012  -0.0062   0.0022   0.00    9.3
2023/06/17 04:43:45.000   46.289032678    9.617397225  3220.0725   1  13   0.0053   0.0050   0.0135  -0.0011  -0.0061   0.0021   0.00    9.4
2023/06/17 04:43:46.000   46.289032690    9.617397176  3220.0826   1  13   0.0053   0.0049   0.0134  -0.0010  -0.0060   0.0020   0.00    9.5
2023/06/17 04:43:47.000   46.289032673    9.617397180  3220.0813   1  13   0.0053   0.0049   0.0134  -0.0010  -0.0060   0.0019   0.00    9.6
2023/06/17 04:43:48.000   46.289032679    9.617397221  3220.0738   1  13   0.0053   0.0049   0.0133  -0.0010  -0.0060   0.0018   0.00    9.7
2023/06/17 04:43:49.000   46.289032664    9.617397174  3220.0749   1  13   0.0053   0.0049   0.0133  -0.0009  -0.0060   0.0018   0.00    9.8
2023/06/17 04:43:50.000   46.289032696    9.617397201  3220.0715   1  12   0.0053   0.0049   0.0133  -0.0009  -0.0059   0.0018   0.00    9.9
2023/06/17 04:43:51.000   46.289032682    9.617397192  3220.0786   1  13   0.0052   0.0049   0.0133  -0.0009  -0.0059   0.0017   0.00   10.0
2023/06/17 04:43:52.000   46.289032678    9.617397170  3220.0776   1  13   0.0052   0.0049   0.0132  -0.0009  -0.0059   0.0017   0.00   10.1
2023/06/17 04:43:53.000   46.289032653    9.617397204  3220.0783   1  12   0.0052   0.0049   0.0132  -0.0009  -0.0059   0.0017   0.00   10.3
2023/06/17 04:43:54.000   46.289032663    9.617397174  3220.0828   1  12   0.0052   0.0049   0.0132  -0.0009  -0.0059   0.0017   0.00   10.4
2023/06/17 04:43:55.000   46.289032687    9.617397211  3220.0800   1  12   0.0052   0.0049   0.0132  -0.0009  -0.0059   0.0017   0.00   10.5
2023/06/17 04:43:56.000   46.289032654    9.617397183  3220.0814   1  12   0.0052   0.0049   0.0132  -0.0008  -0.0059   0.0017   0.00   10.7
2023/06/17 04:43:57.000   46.289032656    9.617397182  3220.0798   1  12   0.0052   0.0049   0.0132  -0.0008  -0.0059   0.0016   0.00   10.8
2023/06/17 04:43:58.000   46.289032637    9.617397178  3220.0801   1  12   0.0052   0.0049   0.0132  -0.0008  -0.0059   0.0016   0.00   10.9
2023/06/17 04:43:59.000   46.289032656    9.617397184  3220.0817   1  12   0.0052   0.0049   0.0132  -0.0008  -0.0059   0.0016   0.00   11.1
2023/06/17 04:44:00.000   46.289032662    9.617397203  3220.0762   1  12   0.0052   0.0049   0.0132  -0.0008  -0.0059   0.0016   0.00   11.2
2023/06/17 04:44:01.000   46.289032667    9.617397195  3220.0766   1  12   0.0052   0.0049   0.0132  -0.0008  -0.0059   0.0016   0.00   11.3
2023/06/17 04:44:02.000   46.289033050    9.617397400  3220.0485   1  12   0.0052   0.0049   0.0132  -0.0008  -0.0059   0.0016   0.00   11.5
2023/06/17 04:44:03.000   46.289032622    9.617398985  3219.9834   1  12   0.0057   0.0049   0.0136  -0.0015  -0.0061   0.0031   0.00   11.6
2023/06/17 04:44:04.000   46.289032798    9.617399035  3219.9392   1  12   0.0057   0.0049   0.0136  -0.0015  -0.0061   0.0031   0.00   11.7
2023/06/17 04:44:05.000   46.289032190    9.617402300  3219.6796   1  10   0.0073   0.0055   0.0157  -0.0022  -0.0065   0.0048   0.00    7.1
2023/06/17 04:44:06.000   46.289031791    9.617404471  3219.6154   1  11   0.0069   0.0061   0.0170   0.0021  -0.0053   0.0027   0.00    3.6
2023/06/17 04:44:07.000   46.289031739    9.617404778  3219.5879   1  10   0.0069   0.0060   0.0162   0.0022  -0.0059   0.0032   0.00    5.4
2023/06/17 04:44:08.000   46.289031564    9.617404335  3219.5656   1  11   0.0070   0.0061   0.0174   0.0024  -0.0071  -0.0035   0.00    5.4
2023/06/17 04:44:09.000   46.289031624    9.617403584  3219.5492   1  10   0.0076   0.0060   0.0178   0.0017  -0.0080   0.0037   0.00    7.0
2023/06/17 04:44:10.000   46.289031488    9.617404645  3219.5631   1  11   0.0068   0.0059   0.0165   0.0024  -0.0076  -0.0028   0.00    7.2
2023/06/17 04:44:11.000   46.289031029    9.617404350  3219.5327   1   8   0.0072   0.0055   0.0161   0.0013  -0.0058  -0.0047   0.00    5.9
2023/06/17 04:44:12.000   46.289030616    9.617405104  3219.5271   1  10   0.0113   0.0062   0.0176   0.0037  -0.0080   0.0040   0.00    7.6
2023/06/17 04:44:13.000   46.289031343    9.617404765  3219.4822   1  10   0.0130   0.0064   0.0181   0.0050  -0.0075   0.0067   0.00    7.7
2023/06/17 04:44:14.000   46.289031021    9.617405200  3219.4687   1   9   0.0130   0.0058   0.0166   0.0051  -0.0061   0.0065   0.00    7.8
2023/06/17 04:44:15.000   46.289032562    9.617407994  3218.5326   2   7   0.0537   0.0405   0.0886  -0.0144  -0.0096  -0.0280   0.00    1.1
2023/06/17 04:44:16.000   46.289032073    9.617408257  3218.5371   2   9   0.0532   0.0405   0.0892  -0.0146  -0.0109  -0.0275   0.00    1.0
2023/06/17 04:44:17.000   46.289032464    9.617408401  3218.5552   2   8   0.0533   0.0405   0.0896  -0.0136  -0.0102  -0.0255   0.00    1.1
2023/06/17 04:44:18.000   46.289031920    9.617408224  3218.4989   2   7   0.0532   0.0403   0.0890  -0.0133  -0.0099  -0.0254   0.00    1.1
2023/06/17 04:44:19.000   46.289032392    9.617407958  3218.5333   2   8   0.0524   0.0403   0.0882  -0.0139  -0.0110  -0.0269   0.00    1.4
2023/06/17 04:44:20.000   46.289032537    9.617407776  3218.5438   2   8   0.0522   0.0402   0.0879  -0.0138  -0.0106  -0.0270   0.00    1.5
2023/06/17 04:44:21.000   46.289032764    9.617408036  3218.5925   2   6   0.0527   0.0402   0.0891  -0.0139  -0.0080  -0.0275   0.00    1.0
2023/06/17 04:44:22.000   46.289034433    9.617408222  3218.6685   2   9   0.0847   0.0441   0.1077   0.0300   0.0322   0.0533   0.00    1.0
2023/06/17 04:44:23.000   46.289038348    9.617407792  3218.5108   2   8   0.4442   0.0685   0.2577  -0.1507   0.1155  -0.3149   0.00    1.0
2023/06/17 04:44:24.000   46.289031957    9.617407344  3218.6674   2   9   0.3491   0.0459   0.1082   0.0578   0.0349   0.0912   0.00    1.4
2023/06/17 04:44:25.000   46.289033295    9.617403134  3218.8180   2   8   0.2407   0.0439   0.1070   0.0269   0.0320   0.0378   0.00    1.1
2023/06/17 04:44:26.000   46.289034819    9.617400740  3218.8124   2   9   0.2115   0.2842   0.6346  -0.1302   0.4200  -0.1944   0.00    0.0
2023/06/17 04:44:27.000   46.289025819    9.617412460  3218.8696   2   6   0.5344   0.5274   0.9757   0.1261   0.3870   0.1244   0.00    0.0
2023/06/17 04:44:28.000   46.289033069    9.617406503  3219.0226   2   6   0.2869   0.2758   0.5302  -0.0400   0.2918  -0.0854   0.00    0.0
2023/06/17 04:44:29.000   46.289033934    9.617405155  3218.9164   2   6   0.2457   0.2136   0.4239  -0.0517   0.2235  -0.0910   0.00    1.7
2023/06/17 04:44:30.000   46.289034356    9.617405243  3219.0312   2   6   0.2338   0.1944   0.3970  -0.0493   0.1907  -0.0873   0.00    1.6
2023/06/17 04:44:31.000   46.289034536    9.617405078  3219.1850   2   6   0.2274   0.1842   0.3786  -0.0440   0.1665  -0.0843   0.00    1.2
2023/06/17 04:44:32.000   46.289034550    9.617401631  3219.2532   2  11   0.2170   0.0893   0.3545  -0.0349   0.1653  -0.0785   0.00    1.4
2023/06/17 04:44:33.000   46.289035126    9.617401640  3219.2487   2  12   0.2051   0.0846   0.3339  -0.0315   0.1548  -0.0714   0.00    1.7
2023/06/17 04:44:34.000   46.289035355    9.617401646  3219.3178   2  12   0.1945   0.0807   0.3168  -0.0276   0.1462  -0.0626   0.00    2.2
2023/06/17 04:44:35.000   46.289034985    9.617401764  3219.3652   2  13   0.1871   0.0774   0.3025  -0.0229   0.1389  -0.0519   0.00    2.1
2023/06/17 04:44:36.000   46.289034870    9.617401535  3219.3532   2  13   0.1807   0.0747   0.2902  -0.0188   0.1325  -0.0421   0.00    2.1
2023/06/17 04:44:37.000   46.289034885    9.617401479  3219.3489   2  13   0.1735   0.0722   0.2792  -0.0168   0.1268  -0.0366   0.00    1.6
2023/06/17 04:44:38.000   46.289035254    9.617400738  3219.2091   2  12   0.1716   0.0702   0.2704  -0.0135   0.1220  -0.0320   0.00    2.5
2023/06/17 04:44:39.000   46.289033680    9.617396777  3219.7004   1  10   0.0059   0.0052   0.0145   0.0008  -0.0067   0.0013   0.00    4.9
2023/06/17 04:44:40.000   46.289035211    9.617400878  3219.1263   2   8   0.1642   0.0669   0.2557  -0.0123   0.1139  -0.0291   0.00    2.9
2023/06/17 04:44:41.000   46.289033507    9.617397673  3219.7057   1  11   0.0057   0.0049   0.0135  -0.0015  -0.0060   0.0031   0.00    3.6
2023/06/17 04:44:42.000   46.289035241    9.617400312  3219.0148   2   7   0.1576   0.0642   0.2434  -0.0110   0.1071  -0.0269   0.00    3.0
2023/06/17 04:44:43.000   46.289035381    9.617400362  3219.0139   2   6   0.1569   0.0828   0.2550  -0.0147   0.0810  -0.0267   0.00    1.5
2023/06/17 04:44:44.000   46.289035434    9.617400222  3219.0198   2   8   0.1560   0.0633   0.2361  -0.0103   0.1024  -0.0287   0.00    1.8
2023/06/17 04:44:45.000   46.289035492    9.617399781  3219.0140   2   7   0.1550   0.0616   0.2310  -0.0109   0.1004  -0.0281   0.00    2.7
2023/06/17 04:44:46.000   46.289035575    9.617399881  3218.9738   2   6   0.1542   0.0729   0.2368  -0.0084   0.0833  -0.0296   0.00    2.4
2023/06/17 04:44:47.000   46.289035690    9.617400141  3218.8855   2   6   0.1534   0.0723   0.2333  -0.0083   0.0808  -0.0298   0.00    2.5
2023/06/17 04:44:48.000   46.289035821    9.617400217  3218.9004   2   6   0.1525   0.0716   0.2300  -0.0084   0.0785  -0.0299   0.00    2.6
2023/06/17 04:44:49.000   46.289035864    9.617399612  3218.9609   2   6   0.1517   0.0587   0.2159  -0.0113   0.0920  -0.0283   0.00    2.7
2023/06/17 04:44:50.000   46.289035923    9.617399988  3218.9031   2   6   0.1509   0.0703   0.2232  -0.0085   0.0738  -0.0303   0.00    2.7
2023/06/17 04:44:52.000   46.289035998    9.617399691  3218.8999   2   6   0.1501   0.0700   0.2207  -0.0088   0.0711  -0.0309   0.00    2.8
2023/06/17 04:44:53.000   46.289036180    9.617399783  3218.8754   2   6   0.1492   0.0694   0.2177  -0.0091   0.0692  -0.0313   0.00    2.8
2023/06/17 04:44:54.000   46.289036418    9.617399857  3218.8948   2   6   0.1484   0.0690   0.2152  -0.0094   0.0670  -0.0318   0.00    2.9
2023/06/17 04:44:55.000   46.289033931    9.617396286  3219.6152   1   6   0.0084   0.0086   0.0196   0.0020  -0.0111  -0.0029   0.00    3.3
2023/06/17 04:44:56.000   46.289033923    9.617396219  3219.6271   1   6   0.0084   0.0086   0.0195   0.0020  -0.0111  -0.0029   0.00    3.4
2023/06/17 04:44:57.000   46.289033926    9.617396207  3219.6061   1   6   0.0084   0.0086   0.0195   0.0020  -0.0111  -0.0029   0.00    3.5
2023/06/17 04:44:58.000   46.289034054    9.617396319  3219.6069   1   6   0.0084   0.0086   0.0195   0.0020  -0.0111  -0.0029   0.00    3.6
2023/06/17 04:44:59.000   46.289036883    9.617398955  3218.8808   2   7   0.1443   0.0637   0.1991  -0.0049   0.0615  -0.0362   0.00    2.9
2023/06/17 04:45:00.000   46.289033642    9.617395381  3219.5752   1   8   0.0065   0.0084   0.0191  -0.0017  -0.0111   0.0024   0.00    4.1
2023/06/17 04:45:01.000   46.289032882    9.617394807  3219.3596   1   7   0.0086   0.0354   0.0598   0.0087  -0.0455  -0.0110   0.00    3.2
2023/06/17 04:45:02.000   46.289032658    9.617389048  3219.2227   1   6   0.0086   0.0404   0.0654   0.0088  -0.0509  -0.0111   0.00    3.4
2023/06/17 04:45:03.000   46.289030645    9.617388460  3219.1640   1   7   0.0073   0.0346   0.0586   0.0105  -0.0445  -0.0134   0.00    4.5
2023/06/17 04:45:04.000   46.289028950    9.617384193  3219.0654   1   6   0.0074   0.0389   0.0632   0.0113  -0.0490  -0.0142   0.00    4.7
2023/06/17 04:45:05.000   46.289024827    9.617382127  3218.8710   1   4   0.0074   0.0392   0.0639   0.0113  -0.0495  -0.0142   0.00    4.3
2023/06/17 04:45:06.000   46.289021616    9.617379261  3218.8309   1   7   0.0074   0.0379   0.0628   0.0109  -0.0483  -0.0139   0.00    4.9
2023/06/17 04:45:07.000   46.289020403    9.617377920  3219.0078   1  10   0.0074   0.0429   0.0694   0.0117  -0.0541  -0.0148   0.00    4.2
2023/06/17 04:45:08.000   46.289020143    9.617383144  3218.2487   1   6   0.0163   0.0491   0.0871   0.0214  -0.0647  -0.0304   0.00    5.6
2023/06/17 04:45:09.000   46.289022189    9.617388431  3216.9192   2   7   0.1448   0.3072   0.5632   0.1423  -0.3982  -0.1934   0.00    0.0
2023/06/17 04:45:10.000   46.289021941    9.617382933  3217.9013   2   9   0.1277   0.1169   0.2533   0.0464  -0.1265  -0.0721   0.00    1.2
2023/06/17 04:45:11.000   46.289021575    9.617382983  3218.2720   2  11   0.1242   0.0915   0.2165   0.0305  -0.0822  -0.0533   0.00    1.1
2023/06/17 04:45:12.000   46.289021322    9.617382830  3218.4240   2  11   0.1221   0.0853   0.2074   0.0255  -0.0706  -0.0463   0.00    1.5
2023/06/17 04:45:13.000   46.289020606    9.617382009  3218.3959   2  11   0.1199   0.0822   0.2020   0.0233  -0.0649  -0.0425   0.00    1.5
2023/06/17 04:45:14.000   46.289020454    9.617381052  3218.4219   2  11   0.1178   0.0805   0.1988   0.0212  -0.0619  -0.0388   0.00    1.7
2023/06/17 04:45:15.000   46.289020917    9.617381277  3218.5028   2  12   0.1158   0.0791   0.1958   0.0199  -0.0598  -0.0362   0.00    1.3
2023/06/17 04:45:16.000   46.289020729    9.617381971  3218.5690   2  12   0.1143   0.0779   0.1935   0.0181  -0.0585  -0.0330   0.00    1.5
2023/06/17 04:45:17.000   46.289020947    9.617382081  3218.7201   2  11   0.1129   0.0768   0.1914   0.0163  -0.0576  -0.0297   0.00    2.5
2023/06/17 04:45:18.000   46.289020468    9.617381615  3218.7322   2  12   0.1115   0.0759   0.1894   0.0147  -0.0569  -0.0266   0.00    1.5
2023/06/17 04:45:19.000   46.289020117    9.617381235  3219.0130   2  13   0.1097   0.0747   0.1871   0.0131  -0.0556  -0.0244   0.00    1.1
2023/06/17 04:45:20.000   46.289019597    9.617381012  3219.1074   2  13   0.1081   0.0736   0.1850   0.0115  -0.0545  -0.0221   0.00    1.2
2023/06/17 04:45:21.000   46.289019632    9.617380478  3219.1569   2  13   0.1066   0.0726   0.1829   0.0098  -0.0535  -0.0199   0.00    1.6
2023/06/17 04:45:22.000   46.289019481    9.617380094  3219.2065   2  13   0.1051   0.0717   0.1809   0.0081  -0.0526  -0.0177   0.00    2.0
2023/06/17 04:45:23.000   46.289019281    9.617379518  3219.2761   2  13   0.1037   0.0708   0.1790   0.0060  -0.0517  -0.0154   0.00    2.4
2023/06/17 04:45:24.000   46.289019186    9.617379174  3219.3178   2  13   0.1023   0.0700   0.1772   0.0033  -0.0509  -0.0130   0.00    2.9
2023/06/17 04:45:25.000   46.289017505    9.617375346  3220.0479   1  13   0.0050   0.0035   0.0097  -0.0014  -0.0022   0.0029   0.00    3.4
2023/06/17 04:45:26.000   46.289017506    9.617375368  3220.0514   1  13   0.0050   0.0035   0.0097  -0.0014  -0.0022   0.0029   0.00    3.9
2023/06/17 04:45:27.000   46.289017495    9.617375328  3220.0508   1  12   0.0051   0.0035   0.0101  -0.0012  -0.0025   0.0025   0.00    4.5
2023/06/17 04:45:28.000   46.289017507    9.617375352  3220.0497   1  12   0.0051   0.0035   0.0101  -0.0012  -0.0025   0.0025   0.00    5.0
2023/06/17 04:45:29.000   46.289017496    9.617375359  3220.0516   1  12   0.0051   0.0035   0.0101  -0.0012  -0.0025   0.0025   0.00    5.5
2023/06/17 04:45:30.000   46.289017495    9.617375367  3220.0508   1  12   0.0051   0.0035   0.0101  -0.0012  -0.0025   0.0025   0.00    5.9
2023/06/17 04:45:31.000   46.289017477    9.617375371  3220.0478   1  12   0.0051   0.0035   0.0101  -0.0012  -0.0025   0.0025   0.00    6.3
2023/06/17 04:45:32.000   46.289017482    9.617375349  3220.0484   1  12   0.0051   0.0035   0.0101  -0.0012  -0.0025   0.0025   0.00    6.7
2023/06/17 04:45:33.000   46.289017467    9.617375364  3220.0428   1  12   0.0051   0.0035   0.0101  -0.0012  -0.0025   0.0025   0.00    7.1
2023/06/17 04:45:34.000   46.289017486    9.617375366  3220.0471   1  12   0.0051   0.0035   0.0101  -0.0012  -0.0025   0.0025   0.00    7.3
2023/06/17 04:45:35.000   46.289017466    9.617375363  3220.0409   1  12   0.0051   0.0035   0.0101  -0.0012  -0.0025   0.0025   0.00    7.6
2023/06/17 04:45:36.000   46.289017484    9.617375369  3220.0461   1  12   0.0051   0.0035   0.0101  -0.0012  -0.0025   0.0025   0.00    7.8
2023/06/17 04:45:37.000   46.289017459    9.617375365  3220.0441   1  12   0.0051   0.0035   0.0101  -0.0012  -0.0025   0.0025   0.00    8.0
2023/06/17 04:45:38.000   46.289017477    9.617375343  3220.0455   1  12   0.0051   0.0035   0.0101  -0.0012  -0.0025   0.0025   0.00    8.2
2023/06/17 04:45:39.000   46.289017449    9.617375366  3220.0439   1  12   0.0051   0.0035   0.0101  -0.0012  -0.0025   0.0025   0.00    8.4
2023/06/17 04:45:40.000   46.289017472    9.617375359  3220.0451   1  12   0.0051   0.0035   0.0101  -0.0012  -0.0025   0.0025   0.00    8.6
2023/06/17 04:45:41.000   46.289017469    9.617375362  3220.0445   1  12   0.0051   0.0035   0.0101  -0.0012  -0.0025   0.0025   0.00    8.7
2023/06/17 04:45:42.000   46.289017482    9.617375379  3220.0400   1  12   0.0051   0.0035   0.0101  -0.0012  -0.0025   0.0025   0.00    8.8
2023/06/17 04:45:43.000   46.289017480    9.617375367  3220.0423   1  12   0.0051   0.0035   0.0101  -0.0012  -0.0025   0.0025   0.00    8.8
2023/06/17 04:45:44.000   46.289017505    9.617375363  3220.0451   1  12   0.0051   0.0035   0.0101  -0.0012  -0.0025   0.0025   0.00    8.9
2023/06/17 04:45:45.000   46.289017481    9.617375388  3220.0420   1  12   0.0051   0.0035   0.0101  -0.0012  -0.0025   0.0025   0.00    9.0
2023/06/17 04:45:46.000   46.289017487    9.617375366  3220.0400   1  12   0.0051   0.0035   0.0101  -0.0012  -0.0025   0.0025   0.00    9.0
2023/06/17 04:45:47.000   46.289017494    9.617375367  3220.0392   1  12   0.0051   0.0035   0.0101  -0.0012  -0.0025   0.0025   0.00    9.1
2023/06/17 04:45:48.000   46.289017569    9.617375396  3220.0391   1  12   0.0051   0.0035   0.0101  -0.0012  -0.0025   0.0025   0.00    9.2
2023/06/17 04:45:49.000   46.289019225    9.617375184  3219.7864   1  11   0.0052   0.0040   0.0111  -0.0017  -0.0039   0.0032   0.00   11.4
2023/06/17 04:45:50.000   46.289018607    9.617374969  3219.5832   1  10   0.0053   0.0047   0.0124  -0.0020  -0.0054   0.0036   0.00   12.6
2023/06/17 04:45:51.000   46.289018100    9.617374079  3219.4334   1  10   0.0053   0.0054   0.0127  -0.0020  -0.0058   0.0033   0.00   12.7
2023/06/17 04:45:52.000   46.289018025    9.617373745  3219.2588   1   9   0.0055   0.0099   0.0183   0.0029  -0.0119  -0.0027   0.00   18.1
2023/06/17 04:45:53.000   46.289019771    9.617374654  3218.9733   1   8   0.0060   0.0128   0.0197  -0.0012  -0.0139  -0.0028   0.00   11.4
2023/06/17 04:45:54.000   46.289020635    9.617377791  3219.0865   1   6   0.0066   0.0152   0.0206  -0.0017  -0.0149   0.0037   0.00    6.6
2023/06/17 04:45:55.000   46.289021379    9.617376983  3219.1602   1   9   0.0090   0.0081   0.0165  -0.0054  -0.0073  -0.0035   0.00    4.8
2023/06/17 04:45:56.000   46.289023610    9.617375663  3219.3957   1  10   0.0069   0.0058   0.0152  -0.0036  -0.0062   0.0028   0.00   16.4
2023/06/17 04:45:57.000   46.289024096    9.617375528  3219.4369   1  10   0.0065   0.0056   0.0150  -0.0032  -0.0064   0.0034   0.00   16.1
2023/06/17 04:45:58.000   46.289024577    9.617374997  3219.4258   1  10   0.0064   0.0055   0.0150  -0.0030  -0.0065   0.0036   0.00   15.5
2023/06/17 04:45:59.000   46.289025016    9.617375067  3219.4424   1  10   0.0063   0.0055   0.0149  -0.0029  -0.0066   0.0038   0.00   15.1
2023/06/17 04:46:00.000   46.289024963    9.617375202  3219.4410   1  10   0.0062   0.0054   0.0149  -0.0028  -0.0066   0.0039   0.00   14.7
2023/06/17 04:46:01.000   46.289024032    9.617375781  3219.4256   1  10   0.0070   0.0056   0.0150  -0.0035  -0.0065   0.0030   0.00   14.3
2023/06/17 04:46:02.000   46.289022312    9.617379922  3219.1451   1   8   0.0075   0.0070   0.0161  -0.0036  -0.0079   0.0021   0.00    4.2
2023/06/17 04:46:03.000   46.289025326    9.617384209  3218.3981   2   7   0.0726   0.0543   0.1316  -0.0142  -0.0397   0.0159   0.00    1.0
2023/06/17 04:46:04.000   46.289025968    9.617384239  3218.4111   2   7   0.0725   0.0537   0.1312  -0.0135  -0.0386   0.0171   0.00    1.2
2023/06/17 04:46:05.000   46.289027877    9.617385524  3218.3387   2   7   0.0724   0.0537   0.1309  -0.0135  -0.0381   0.0176   0.00    1.1
2023/06/17 04:46:06.000   46.289031518    9.617384797  3218.2929   2   6   0.0721   0.0539   0.1311  -0.0135  -0.0358   0.0161   0.00    1.4
2023/06/17 04:46:07.000   46.289032405    9.617389450  3218.3478   2   7   0.0720   0.0537   0.1307  -0.0135  -0.0349   0.0155   0.00    1.1
2023/06/17 04:46:08.000   46.289032525    9.617392771  3218.6228   2   6   0.2020   0.0804   0.2642   0.1054   0.1120   0.2089   0.00    2.3
2023/06/17 04:46:09.000   46.289030942    9.617391686  3218.8090   2   9   0.0721   0.0541   0.1300  -0.0154  -0.0341   0.0161   0.00    1.3
2023/06/17 04:46:10.000   46.289029987    9.617390560  3219.1460   2  10   0.0717   0.0533   0.1290  -0.0139  -0.0353   0.0179   0.00    1.4
2023/06/17 04:46:11.000   46.289029895    9.617390147  3219.1523   2   9   0.0710   0.0527   0.1284  -0.0130  -0.0360   0.0186   0.00    1.6
2023/06/17 04:46:12.000   46.289029901    9.617390033  3219.3102   2  11   0.0706   0.0523   0.1278  -0.0128  -0.0361   0.0193   0.00    1.6
2023/06/17 04:46:13.000   46.289029641    9.617391244  3219.6942   2  12   0.0703   0.0520   0.1273  -0.0126  -0.0357   0.0200   0.00    1.2
2023/06/17 04:46:14.000   46.289029321    9.617391288  3219.7738   2  12   0.0698   0.0516   0.1265  -0.0125  -0.0356   0.0202   0.00    1.5
2023/06/17 04:46:15.000   46.289029590    9.617390469  3219.7725   2  12   0.0694   0.0512   0.1259  -0.0125  -0.0355   0.0204   0.00    1.7
2023/06/17 04:46:16.000   46.289029815    9.617390683  3219.7834   2  12   0.0689   0.0509   0.1253  -0.0124  -0.0353   0.0206   0.00    2.0
2023/06/17 04:46:17.000   46.289029449    9.617390840  3219.7803   2  12   0.0685   0.0506   0.1247  -0.0124  -0.0351   0.0208   0.00    1.3
2023/06/17 04:46:18.000   46.289029359    9.617391122  3219.7797   2  12   0.0681   0.0503   0.1241  -0.0124  -0.0349   0.0209   0.00    1.7
2023/06/17 04:46:19.000   46.289029278    9.617391255  3219.7786   2  12   0.0677   0.0500   0.1235  -0.0124  -0.0347   0.0211   0.00    2.0
2023/06/17 04:46:20.000   46.289029267    9.617391245  3219.7814   2  12   0.0674   0.0497   0.1229  -0.0124  -0.0345   0.0212   0.00    2.3
2023/06/17 04:46:21.000   46.289029161    9.617391178  3219.7801   2  12   0.0670   0.0494   0.1224  -0.0124  -0.0343   0.0213   0.00    2.6
2023/06/17 04:46:22.000   46.289029072    9.617391183  3219.7797   2  12   0.0666   0.0492   0.1218  -0.0124  -0.0341   0.0214   0.00    2.9
2023/06/17 04:46:23.000   46.289027421    9.617389049  3220.4482   1  12   0.0051   0.0035   0.0101  -0.0012  -0.0025   0.0025   0.00    3.2
2023/06/17 04:46:24.000   46.289027368    9.617389132  3220.4464   1  12   0.0051   0.0035   0.0101  -0.0012  -0.0025   0.0025   0.00    3.4
2023/06/17 04:46:25.000   46.289027317    9.617389177  3220.4406   1  12   0.0051   0.0035   0.0101  -0.0012  -0.0025   0.0025   0.00    3.7
2023/06/17 04:46:26.000   46.289027297    9.617389173  3220.4411   1  12   0.0051   0.0035   0.0101  -0.0012  -0.0025   0.0025   0.00    3.9
2023/06/17 04:46:27.000   46.289027285    9.617389195  3220.4407   1  12   0.0051   0.0035   0.0101  -0.0012  -0.0025   0.0025   0.00    4.1
2023/06/17 04:46:28.000   46.289027265    9.617389221  3220.4359   1  12   0.0051   0.0035   0.0101  -0.0012  -0.0025   0.0025   0.00    4.3
2023/06/17 04:46:29.000   46.289027242    9.617389128  3220.4358   1  12   0.0051   0.0035   0.0101  -0.0012  -0.0025   0.0025   0.00    4.4
2023/06/17 04:46:30.000   46.289027219    9.617389077  3220.4323   1  12   0.0051   0.0035   0.0101  -0.0012  -0.0025   0.0025   0.00    4.6
2023/06/17 04:46:31.000   46.289027286    9.617389052  3220.4267   1  12   0.0051   0.0035   0.0101  -0.0012  -0.0025   0.0026   0.00    4.7
2023/06/17 04:46:32.000   46.289027259    9.617389071  3220.4237   1  12   0.0056   0.0035   0.0104  -0.0015  -0.0026   0.0034   0.00    4.9
2023/06/17 04:46:33.000   46.289027282    9.617389155  3220.4271   1  12   0.0054   0.0035   0.0103  -0.0014  -0.0026   0.0030   0.00    5.1
2023/06/17 04:46:34.000   46.289027302    9.617389117  3220.4260   1  12   0.0053   0.0035   0.0102  -0.0013  -0.0026   0.0029   0.00    5.2
2023/06/17 04:46:35.000   46.289027269    9.617389143  3220.4201   1  13   0.0053   0.0035   0.0102  -0.0013  -0.0025   0.0028   0.00    5.4
2023/06/17 04:46:36.000   46.289027256    9.617389166  3220.4262   1  13   0.0051   0.0035   0.0099  -0.0013  -0.0024   0.0028   0.00    3.6
2023/06/17 04:46:37.000   46.289027185    9.617389197  3220.4171   1  13   0.0052   0.0035   0.0099  -0.0014  -0.0023   0.0030   0.00    5.7
2023/06/17 04:46:38.000   46.289027203    9.617389193  3220.4171   1  13   0.0052   0.0035   0.0099  -0.0014  -0.0023   0.0030   0.00    5.8
2023/06/17 04:46:39.000   46.289027202    9.617389201  3220.4166   1  13   0.0052   0.0035   0.0098  -0.0014  -0.0023   0.0030   0.00    5.9
2023/06/17 04:46:40.000   46.289027196    9.617389205  3220.4128   1  13   0.0052   0.0035   0.0098  -0.0014  -0.0023   0.0030   0.00    6.0
2023/06/17 04:46:41.000   46.289027200    9.617389210  3220.4130   1  13   0.0051   0.0035   0.0098  -0.0014  -0.0022   0.0030   0.00    6.1
2023/06/17 04:46:42.000   46.289027255    9.617389095  3220.4151   1  13   0.0051   0.0035   0.0098  -0.0014  -0.0022   0.0030   0.00    6.2
2023/06/17 04:46:43.000   46.289027682    9.617387977  3220.1151   1  12   0.0057   0.0036   0.0104  -0.0019  -0.0027   0.0043   0.00    3.4
2023/06/17 04:46:44.000   46.289027585    9.617385849  3219.6699   1  11   0.0061   0.0046   0.0120  -0.0029  -0.0049   0.0051   0.00    4.4
2023/06/17 04:46:45.000   46.289027465    9.617383798  3219.3201   1   8   0.0065   0.0073   0.0170  -0.0023  -0.0093   0.0034   0.00   11.3
2023/06/17 04:46:46.000   46.289027212    9.617384219  3219.2255   1   7   0.0073   0.0365   0.0629   0.0107  -0.0475  -0.0138   0.00   12.8
2023/06/17 04:46:47.000   46.289026743    9.617385491  3219.2033   1   8   0.0082   0.0061   0.0138  -0.0039  -0.0068   0.0055   0.00    5.6
2023/06/17 04:46:48.000   46.289029310    9.617386380  3219.2729   1   8   0.0065   0.0049   0.0123  -0.0033  -0.0045   0.0051   0.00    4.9
2023/06/17 04:46:49.000   46.289029621    9.617382529  3219.2339   1   9   0.0064   0.0055   0.0149  -0.0030  -0.0065   0.0039   0.00   12.1
2023/06/17 04:46:50.000   46.289030754    9.617381271  3219.1058   1   9   0.0064   0.0059   0.0177  -0.0021  -0.0076   0.0006   0.00   26.4
2023/06/17 04:46:51.000   46.289034028    9.617380481  3218.9526   1   9   0.0061   0.0042   0.0130  -0.0020  -0.0038   0.0025   0.00    4.4
2023/06/17 04:46:52.000   46.289034995    9.617381245  3219.2007   1  10   0.0060   0.0040   0.0121  -0.0020  -0.0035   0.0034   0.00    4.3
2023/06/17 04:46:53.000   46.289038029    9.617380242  3219.5770   1  13   0.0060   0.0041   0.0124  -0.0021  -0.0028   0.0031   0.00    6.4
2023/06/17 04:46:54.000   46.289038587    9.617379204  3219.6019   1  13   0.0059   0.0039   0.0117  -0.0020  -0.0031   0.0036   0.00    8.2
2023/06/17 04:46:55.000   46.289038663    9.617378899  3219.5967   1  13   0.0056   0.0042   0.0122  -0.0017  -0.0041   0.0028   0.00   10.0
2023/06/17 04:46:56.000   46.289036503    9.617380855  3219.3762   1  13   0.0055   0.0039   0.0113  -0.0016  -0.0034   0.0028   0.00   12.0
2023/06/17 04:46:57.000   46.289033952    9.617387992  3219.2065   1  11   0.0060   0.0041   0.0120  -0.0020  -0.0026   0.0026   0.00   13.8
2023/06/17 04:46:58.000   46.289036335    9.617390649  3219.1258   1  10   0.0076   0.0049   0.0134   0.0025   0.0038   0.0052   0.00    3.6
2023/06/17 04:46:59.000   46.289037474    9.617389703  3219.0125   1   9   0.0153   0.0153   0.0309   0.0116   0.0204   0.0169   0.00    8.5
2023/06/17 04:47:00.000   46.289037009    9.617389112  3218.9643   1  10   0.0153   0.0152   0.0306   0.0116   0.0203   0.0168   0.00    8.7
2023/06/17 04:47:01.000   46.289037364    9.617388937  3219.0780   1  12   0.0126   0.0125   0.0260   0.0078   0.0165   0.0121   0.00    9.1
2023/06/17 04:47:02.000   46.289038417    9.617387285  3219.1457   1   9   0.0145   0.0112   0.0240   0.0093   0.0147   0.0141   0.00    9.3
2023/06/17 04:47:03.000   46.289040683    9.617382699  3219.0762   1  10   0.0188   0.0275   0.0979  -0.0130   0.0507  -0.0237   0.00    8.5
2023/06/17 04:47:04.000   46.289042111    9.617376915  3219.0866   1  12   0.0113   0.0111   0.0285   0.0046   0.0153   0.0101   0.00    7.2
2023/06/17 04:47:05.000   46.289046515    9.617374587  3218.3446   2  12   0.0572   0.0423   0.1050  -0.0077  -0.0245   0.0253   0.00    2.7
2023/06/17 04:47:06.000   46.289048594    9.617374580  3218.3048   2  12   0.0570   0.0418   0.1046  -0.0080  -0.0255   0.0258   0.00    2.9
2023/06/17 04:47:07.000   46.289051119    9.617377306  3218.2974   2  13   0.0569   0.0416   0.1042  -0.0082  -0.0252   0.0259   0.00    1.9
2023/06/17 04:47:08.000   46.289048728    9.617376790  3218.2767   1  12   0.0067   0.0037   0.0107  -0.0016  -0.0017   0.0043   0.00    5.9
2023/06/17 04:47:09.000   46.289047500    9.617377801  3218.0820   1   7   0.0156   0.0063   0.0169   0.0077   0.0071   0.0124   0.00    6.7
2023/06/17 04:47:10.000   46.289047223    9.617376571  3218.0217   1   9   0.0081   0.0056   0.0173   0.0011  -0.0053   0.0074   0.00    8.2
2023/06/17 04:47:11.000   46.289047372    9.617376705  3217.9902   1   9   0.0063   0.0046   0.0135  -0.0017  -0.0036   0.0042   0.00    5.5
2023/06/17 04:47:12.000   46.289047159    9.617376708  3217.9871   1  10   0.0064   0.0054   0.0160  -0.0019  -0.0061   0.0054   0.00    8.4
2023/06/17 04:47:13.000   46.289047116    9.617377072  3217.9533   1   7   0.0063   0.0056   0.0161  -0.0023  -0.0070   0.0035   0.00    5.5
2023/06/17 04:47:14.000   46.289047726    9.617377350  3217.8180   1   7   0.0065   0.0056   0.0161  -0.0027  -0.0069   0.0030   0.00    9.0
2023/06/17 04:47:15.000   46.289047764    9.617377278  3217.8088   1   8   0.0060   0.0055   0.0159  -0.0021  -0.0071   0.0038   0.00   11.9
2023/06/17 04:47:16.000   46.289047661    9.617377537  3217.8075   1   7   0.0065   0.0056   0.0161  -0.0026  -0.0070   0.0031   0.00   10.2
2023/06/17 04:47:17.000   46.289047479    9.617377604  3217.8011   1   7   0.0066   0.0058   0.0161  -0.0029  -0.0068   0.0028   0.00   10.9
2023/06/17 04:47:18.000   46.289046935    9.617376646  3217.8916   1   9   0.0060   0.0053   0.0150  -0.0024  -0.0066   0.0044   0.00   13.3
2023/06/17 04:47:19.000   46.289046786    9.617376234  3217.8902   1  10   0.0060   0.0054   0.0150  -0.0026  -0.0065   0.0043   0.00   13.9
2023/06/17 04:47:20.000   46.289047248    9.617376017  3217.8899   1   8   0.0060   0.0054   0.0150  -0.0026  -0.0065   0.0043   0.00   14.4
2023/06/17 04:47:21.000   46.289046952    9.617375091  3217.8711   1   9   0.0060   0.0049   0.0140  -0.0023  -0.0055   0.0040   0.00    8.5
2023/06/17 04:47:22.000   46.289046897    9.617375262  3217.8542   1   8   0.0061   0.0055   0.0157  -0.0022  -0.0071   0.0037   0.00    8.6
2023/06/17 04:47:23.000   46.289047066    9.617374968  3217.8611   1   9   0.0061   0.0044   0.0131  -0.0019  -0.0047   0.0031   0.00    4.1
2023/06/17 04:47:24.000   46.289047746    9.617376625  3217.8601   1   8   0.0060   0.0054   0.0149  -0.0025  -0.0066   0.0043   0.00    9.0
2023/06/17 04:47:25.000   46.289047728    9.617377621  3217.8047   1   7   0.0072   0.0060   0.0182  -0.0030  -0.0071  -0.0037   0.00   15.9
2023/06/17 04:47:26.000   46.289047580    9.617377708  3217.8090   1   6   0.0070   0.0060   0.0179  -0.0028  -0.0073  -0.0030   0.00   16.8
2023/06/17 04:47:27.000   46.289047703    9.617377754  3217.8019   1   7   0.0069   0.0059   0.0178  -0.0027  -0.0074  -0.0027   0.00   17.2
2023/06/17 04:47:28.000   46.289047775    9.617377739  3217.7893   1   7   0.0063   0.0058   0.0174  -0.0019  -0.0077   0.0021   0.00   20.3
2023/06/17 04:47:29.000   46.289047728    9.617377700  3217.7867   1   7   0.0062   0.0058   0.0173  -0.0018  -0.0078   0.0024   0.00    7.1
2023/06/17 04:47:30.000   46.289047748    9.617377684  3217.7793   1   8   0.0061   0.0058   0.0172  -0.0017  -0.0078   0.0028   0.00    8.3
2023/06/17 04:47:31.000   46.289047815    9.617377678  3217.7769   1   7   0.0066   0.0058   0.0173  -0.0021  -0.0078   0.0017   0.00    3.9
2023/06/17 04:47:32.000   46.289047823    9.617377694  3217.7791   1   7   0.0066   0.0058   0.0173  -0.0021  -0.0078   0.0017   0.00    4.7
2023/06/17 04:47:33.000   46.289047764    9.617377655  3217.7821   1   7   0.0066   0.0058   0.0173  -0.0021  -0.0078   0.0017   0.00    5.2
2023/06/17 04:47:34.000   46.289047769    9.617377609  3217.7852   1   7   0.0066   0.0058   0.0173  -0.0021  -0.0078   0.0017   0.00    5.8
2023/06/17 04:47:35.000   46.289047713    9.617377675  3217.7704   1   8   0.0061   0.0057   0.0171  -0.0015  -0.0079   0.0031   0.00    6.6
2023/06/17 04:47:36.000   46.289047748    9.617377546  3217.7761   1   8   0.0061   0.0057   0.0171  -0.0015  -0.0079   0.0031   0.00    7.3
2023/06/17 04:47:37.000   46.289047764    9.617377752  3217.7456   1   8   0.0062   0.0078   0.0194   0.0016  -0.0105   0.0011   0.00    7.9
2023/06/17 04:47:38.000   46.289047743    9.617377660  3217.7668   1   8   0.0061   0.0057   0.0171  -0.0015  -0.0079   0.0031   0.00    8.2
2023/06/17 04:47:39.000   46.289047729    9.617377616  3217.7725   1   8   0.0061   0.0057   0.0171  -0.0015  -0.0079   0.0031   0.00    8.7
2023/06/17 04:47:40.000   46.289047758    9.617377660  3217.7715   1   8   0.0061   0.0057   0.0171  -0.0015  -0.0079   0.0031   0.00    9.3
2023/06/17 04:47:41.000   46.289047779    9.617377658  3217.7688   1   8   0.0061   0.0057   0.0171  -0.0015  -0.0079   0.0031   0.00    9.8
2023/06/17 04:47:42.000   46.289047762    9.617377737  3217.7544   1   8   0.0061   0.0057   0.0171  -0.0015  -0.0079   0.0031   0.00   10.1
2023/06/17 04:47:43.000   46.289047689    9.617377682  3217.7700   1   8   0.0061   0.0057   0.0171  -0.0015  -0.0079   0.0031   0.00   10.3
2023/06/17 04:47:44.000   46.289047716    9.617377684  3217.7626   1   8   0.0061   0.0057   0.0171  -0.0015  -0.0079   0.0031   0.00   10.7
2023/06/17 04:47:45.000   46.289047677    9.617377601  3217.7750   1   8   0.0061   0.0057   0.0171  -0.0015  -0.0079   0.0031   0.00   10.9
2023/06/17 04:47:46.000   46.289047724    9.617377605  3217.7785   1   8   0.0061   0.0057   0.0171  -0.0015  -0.0079   0.0031   0.00   11.0
2023/06/17 04:47:47.000   46.289047782    9.617377685  3217.7711   1   8   0.0061   0.0057   0.0171  -0.0015  -0.0079   0.0031   0.00   10.9
2023/06/17 04:47:48.000   46.289047710    9.617377621  3217.7752   1   8   0.0061   0.0057   0.0171  -0.0015  -0.0079   0.0031   0.00   10.6
2023/06/17 04:47:49.000   46.289047761    9.617377593  3217.7807   1   8   0.0061   0.0057   0.0171  -0.0016  -0.0079   0.0031   0.00   10.2
2023/06/17 04:47:50.000   46.289047759    9.617377616  3217.7785   1   8   0.0061   0.0057   0.0171  -0.0016  -0.0079   0.0031   0.00    9.9
2023/06/17 04:47:51.000   46.289047789    9.617377608  3217.7778   1   8   0.0061   0.0057   0.0171  -0.0016  -0.0079   0.0031   0.00    9.6
2023/06/17 04:47:52.000   46.289047794    9.617377613  3217.7855   1   8   0.0061   0.0057   0.0171  -0.0016  -0.0079   0.0031   0.00    9.4
2023/06/17 04:47:53.000   46.289047770    9.617377549  3217.7937   1   8   0.0061   0.0057   0.0171  -0.0016  -0.0079   0.0031   0.00    9.1
2023/06/17 04:47:54.000   46.289047734    9.617377613  3217.7907   1   8   0.0061   0.0057   0.0171  -0.0016  -0.0079   0.0031   0.00    8.9
2023/06/17 04:47:55.000   46.289047759    9.617377564  3217.7895   1   8   0.0061   0.0057   0.0171  -0.0016  -0.0079   0.0031   0.00    8.7
2023/06/17 04:47:56.000   46.289047775    9.617377582  3217.7905   1   8   0.0061   0.0057   0.0171  -0.0016  -0.0079   0.0031   0.00    8.5
2023/06/17 04:47:57.000   46.289047367    9.617377058  3217.8936   1   8   0.0061   0.0057   0.0171  -0.0016  -0.0079   0.0031   0.00    8.7
2023/06/17 04:47:58.000   46.289048932    9.617375085  3218.1348   1   9   0.0061   0.0057   0.0170  -0.0016  -0.0079   0.0031   0.00    9.2
2023/06/17 04:47:59.000   46.289049857    9.617374218  3218.3086   1   9   0.0104   0.0059   0.0171   0.0031  -0.0080  -0.0024   0.00    7.6
2023/06/17 04:48:00.000   46.289049090    9.617374337  3218.5260   1  11   0.0191   0.0068   0.0190   0.0091   0.0045   0.0142   0.00   10.1
2023/06/17 04:48:01.000   46.289047692    9.617373664  3218.6938   1  10   0.0163   0.0062   0.0171   0.0077   0.0030   0.0112   0.00   10.3
2023/06/17 04:48:02.000   46.289046760    9.617372574  3218.6762   1  10   0.0137   0.0054   0.0152   0.0062   0.0015   0.0095   0.00   10.5
2023/06/17 04:48:03.000   46.289047935    9.617371534  3218.8221   1  10   0.0125   0.0051   0.0146   0.0053  -0.0018   0.0086   0.00   10.5
2023/06/17 04:48:04.000   46.289047946    9.617371177  3218.8244   1  10   0.0060   0.0042   0.0135  -0.0004  -0.0037   0.0042   0.00    3.6
2023/06/17 04:48:05.000   46.289048058    9.617371156  3218.8072   1  10   0.0058   0.0043   0.0129  -0.0010  -0.0042   0.0036   0.00    4.9
2023/06/17 04:48:06.000   46.289048263    9.617372397  3218.6726   1  11   0.0057   0.0042   0.0127  -0.0011  -0.0030   0.0038   0.00    5.7
2023/06/17 04:48:07.000   46.289046207    9.617374459  3218.6498   1  10   0.0057   0.0043   0.0131  -0.0014  -0.0028   0.0030   0.00    8.2
2023/06/17 04:48:08.000   46.289045193    9.617378904  3218.5169   2   9   0.0511   0.0362   0.0933  -0.0071  -0.0260   0.0231   0.00    2.3
2023/06/17 04:48:09.000   46.289043044    9.617383496  3218.5179   2   9   0.0511   0.0362   0.0929  -0.0079  -0.0260   0.0229   0.00    2.1
2023/06/17 04:48:10.000   46.289039116    9.617384463  3218.9020   1   8   0.0066   0.0049   0.0136  -0.0031   0.0036   0.0029   0.00    3.6
2023/06/17 04:48:11.000   46.289038967    9.617391276  3218.8920   1   8   0.0079   0.0051   0.0133  -0.0045   0.0030  -0.0035   0.00    8.3
2023/06/17 04:48:12.000   46.289037508    9.617397508  3218.9743   1   9   0.0084   0.0056   0.0146  -0.0013   0.0056   0.0053   0.00    3.8
2023/06/17 04:48:13.000   46.289036450    9.617404500  3219.3649   1  11   0.0168   0.0157   0.0315   0.0129   0.0210   0.0190   0.00    4.5
2023/06/17 04:48:14.000   46.289034968    9.617410944  3219.5642   1   9   0.0165   0.0120   0.0260   0.0109   0.0161   0.0171   0.00    4.6
2023/06/17 04:48:15.000   46.289031768    9.617413542  3219.7108   1   9   0.0165   0.0105   0.0238   0.0101   0.0140   0.0163   0.00    4.4
2023/06/17 04:48:16.000   46.289029549    9.617414965  3219.9490   1  10   0.0138   0.0093   0.0209   0.0085   0.0119   0.0134   0.00    4.4
2023/06/17 04:48:17.000   46.289024889    9.617419068  3220.1941   1   8   0.0124   0.0099   0.0208   0.0065   0.0124   0.0106   0.00    4.3
2023/06/17 04:48:18.000   46.289021375    9.617424436  3220.4648   1  10   0.0073   0.0047   0.0130  -0.0003   0.0034   0.0050   0.00    3.7
2023/06/17 04:48:19.000   46.289018398    9.617428967  3220.3740   1  10   0.0060   0.0039   0.0114  -0.0022  -0.0023   0.0039   0.00    3.0
2023/06/17 04:48:20.000   46.289015944    9.617431997  3220.3585   1  10   0.0063   0.0040   0.0114  -0.0026  -0.0023   0.0038   0.00    4.8
2023/06/17 04:48:21.000   46.289013309    9.617430083  3220.2189   1  11   0.0055   0.0037   0.0108  -0.0018  -0.0019   0.0029   0.00    7.2
2023/06/17 04:48:22.000   46.289011918    9.617428619  3220.1667   1  12   0.0060   0.0038   0.0113  -0.0021  -0.0025   0.0040   0.00    7.9
2023/06/17 04:48:23.000   46.289012659    9.617429602  3220.1018   1  10   0.0073   0.0047   0.0113  -0.0040   0.0012   0.0017   0.00    7.0
2023/06/17 04:48:24.000   46.289014359    9.617434621  3220.0925   1   9   0.0060   0.0042   0.0110  -0.0027   0.0007   0.0015   0.00    7.6
2023/06/17 04:48:25.000   46.289015822    9.617438489  3220.0483   1   9   0.0079   0.0058   0.0142  -0.0048   0.0054  -0.0049   0.00    8.8
2023/06/17 04:48:26.000   46.289015942    9.617441482  3220.3488   1  11   0.0074   0.0049   0.0123  -0.0041   0.0030  -0.0041   0.00    9.8
2023/06/17 04:48:27.000   46.289017918    9.617443497  3220.4447   1  12   0.0065   0.0061   0.0140  -0.0038   0.0063  -0.0028   0.00    8.1
2023/06/17 04:48:28.000   46.289018198    9.617443567  3220.5427   1   9   0.0065   0.0058   0.0137  -0.0039   0.0054  -0.0024   0.00    8.2
2023/06/17 04:48:29.000   46.289018191    9.617444151  3220.5782   1   9   0.0071   0.0065   0.0139  -0.0049   0.0065  -0.0047   0.00    8.5
2023/06/17 04:48:30.000   46.289022651    9.617448127  3220.5667   1   9   0.0061   0.0055   0.0137  -0.0031   0.0052   0.0013   0.00    8.7
2023/06/17 04:48:31.000   46.289025739    9.617448050  3220.5375   1  10   0.0060   0.0054   0.0132  -0.0029   0.0049   0.0022   0.00    8.8
2023/06/17 04:48:32.000   46.289025437    9.617448548  3220.4031   1  10   0.0156   0.0062   0.0170   0.0076   0.0074   0.0133   0.00    5.4
2023/06/17 04:48:33.000   46.289025404    9.617448784  3220.2990   1  10   0.0136   0.0070   0.0174   0.0067   0.0084   0.0116   0.00    6.1
2023/06/17 04:48:34.000   46.289025088    9.617449929  3220.0970   1  11   0.0064   0.0044   0.0122  -0.0027   0.0020   0.0036   0.00    3.1
2023/06/17 04:48:35.000   46.289026455    9.617448709  3219.9700   1  11   0.0058   0.0048   0.0124  -0.0024   0.0034   0.0026   0.00    8.9
2023/06/17 04:48:36.000   46.289025950    9.617448218  3219.6345   1  10   0.0062   0.0042   0.0119  -0.0026   0.0007   0.0036   0.00    3.2
2023/06/17 04:48:37.000   46.289025953    9.617448551  3219.6706   1  10   0.0070   0.0038   0.0115  -0.0013  -0.0021   0.0044   0.00    5.3
2023/06/17 04:48:38.000   46.289026012    9.617448259  3219.6563   1  10   0.0062   0.0042   0.0121  -0.0023   0.0010   0.0041   0.00    6.4
2023/06/17 04:48:39.000   46.289026129    9.617447904  3219.6112   1  10   0.0062   0.0041   0.0118  -0.0023  -0.0012   0.0040   0.00    8.0
2023/06/17 04:48:40.000   46.289025919    9.617448046  3219.5376   1  10   0.0063   0.0046   0.0132  -0.0017   0.0033   0.0048   0.00    9.6
2023/06/17 04:48:41.000   46.289025978    9.617447903  3219.5373   1  10   0.0063   0.0044   0.0127  -0.0019   0.0026   0.0045   0.00    9.7
2023/06/17 04:48:42.000   46.289026032    9.617447870  3219.5551   1  10   0.0061   0.0040   0.0122  -0.0013  -0.0001   0.0048   0.00   14.9
2023/06/17 04:48:43.000   46.289026019    9.617447918  3219.5481   1  10   0.0061   0.0040   0.0121  -0.0013  -0.0008   0.0048   0.00   15.0
2023/06/17 04:48:44.000   46.289026067    9.617448013  3219.5597   1  10   0.0060   0.0039   0.0118  -0.0015  -0.0016   0.0046   0.00    4.7
2023/06/17 04:48:45.000   46.289026039    9.617447964  3219.5641   1  10   0.0060   0.0039   0.0118  -0.0015  -0.0017   0.0046   0.00    5.1
2023/06/17 04:48:46.000   46.289026009    9.617447847  3219.5614   1  10   0.0060   0.0039   0.0118  -0.0015  -0.0017   0.0046   0.00    5.7
2023/06/17 04:48:47.000   46.289026008    9.617447813  3219.5611   1  10   0.0060   0.0039   0.0118  -0.0014  -0.0018   0.0046   0.00    6.3
2023/06/17 04:48:48.000   46.289026011    9.617447902  3219.5596   1  10   0.0060   0.0039   0.0118  -0.0014  -0.0018   0.0046   0.00    6.8
2023/06/17 04:48:49.000   46.289026022    9.617447876  3219.5699   1  10   0.0060   0.0039   0.0118  -0.0015  -0.0018   0.0046   0.00    7.0
2023/06/17 04:48:50.000   46.289026013    9.617447935  3219.5673   1  10   0.0060   0.0039   0.0118  -0.0015  -0.0018   0.0046   0.00    7.4
2023/06/17 04:48:51.000   46.289025998    9.617447988  3219.5639   1  10   0.0060   0.0039   0.0118  -0.0015  -0.0018   0.0046   0.00    7.7
2023/06/17 04:48:52.000   46.289025976    9.617448053  3219.5592   1  10   0.0060   0.0039   0.0118  -0.0015  -0.0018   0.0046   0.00    8.1
2023/06/17 04:48:53.000   46.289026013    9.617448064  3219.5585   1  10   0.0060   0.0039   0.0118  -0.0015  -0.0018   0.0046   0.00    8.5
2023/06/17 04:48:54.000   46.289026053    9.617448101  3219.5517   1  11   0.0060   0.0038   0.0115  -0.0016  -0.0014   0.0048   0.00    8.8
2023/06/17 04:48:55.000   46.289026030    9.617448104  3219.5553   1  11   0.0060   0.0038   0.0115  -0.0016  -0.0014   0.0048   0.00    9.0
2023/06/17 04:48:56.000   46.289026040    9.617448107  3219.5540   1  11   0.0060   0.0038   0.0115  -0.0016  -0.0013   0.0049   0.00    9.3
2023/06/17 04:48:57.000   46.289026050    9.617448065  3219.5576   1  10   0.0060   0.0039   0.0118  -0.0015  -0.0018   0.0046   0.00    9.5
2023/06/17 04:48:58.000   46.289026041    9.617448042  3219.5541   1  11   0.0060   0.0038   0.0115  -0.0016  -0.0013   0.0049   0.00    9.8
2023/06/17 04:48:59.000   46.289026044    9.617448045  3219.5572   1  10   0.0060   0.0039   0.0118  -0.0015  -0.0018   0.0047   0.00    9.9
2023/06/17 04:49:00.000   46.289026025    9.617448062  3219.5559   1  11   0.0060   0.0038   0.0115  -0.0016  -0.0013   0.0049   0.00   10.3
2023/06/17 04:49:01.000   46.289026036    9.617448056  3219.5614   1  11   0.0060   0.0038   0.0115  -0.0016  -0.0013   0.0049   0.00   10.5
2023/06/17 04:49:02.000   46.289026089    9.617448044  3219.5554   1  10   0.0060   0.0039   0.0118  -0.0015  -0.0018   0.0047   0.00   10.9
2023/06/17 04:49:03.000   46.289026119    9.617448244  3219.5543   1  11   0.0060   0.0038   0.0114  -0.0016  -0.0013   0.0049   0.00   11.5
2023/06/17 04:49:04.000   46.289026262    9.617448243  3219.5683   1  11   0.0060   0.0038   0.0114  -0.0016  -0.0013   0.0049   0.00   11.6
2023/06/17 04:49:05.000   46.289026271    9.617448465  3219.5622   1  10   0.0059   0.0037   0.0113  -0.0019  -0.0026   0.0042   0.00    5.8
2023/06/17 04:49:06.000   46.289026015    9.617448480  3219.5759   1  10   0.0060   0.0039   0.0118  -0.0015  -0.0018   0.0047   0.00   11.6
2023/06/17 04:49:07.000   46.289026133    9.617447997  3219.5625   1  10   0.0060   0.0039   0.0118  -0.0015  -0.0018   0.0047   0.00   11.5
2023/06/17 04:49:08.000   46.289026166    9.617448137  3219.5613   1  10   0.0060   0.0039   0.0118  -0.0015  -0.0018   0.0047   0.00   11.5
2023/06/17 04:49:09.000   46.289026048    9.617448106  3219.5915   1  10   0.0060   0.0039   0.0118  -0.0015  -0.0017   0.0047   0.00   11.4
2023/06/17 04:49:10.000   46.289026186    9.617448605  3219.6401   1  11   0.0058   0.0037   0.0109  -0.0020  -0.0023   0.0045   0.00    3.5
2023/06/17 04:49:11.000   46.289026166    9.617448897  3219.7558   1  12   0.0059   0.0037   0.0109  -0.0020  -0.0023   0.0045   0.00    8.2
2023/06/17 04:49:12.000   46.289026082    9.617448353  3219.8115   1  12   0.0059   0.0036   0.0108  -0.0020  -0.0025   0.0044   0.00    9.6
2023/06/17 04:49:13.000   46.289025539    9.617447982  3219.8196   1  12   0.0058   0.0036   0.0106  -0.0020  -0.0026   0.0044   0.00    4.3
2023/06/17 04:49:14.000   46.289026831    9.617448941  3219.7870   1  12   0.0059   0.0036   0.0106  -0.0020  -0.0027   0.0044   0.00   12.1
2023/06/17 04:49:15.000   46.289026412    9.617448510  3219.7026   1   9   0.0078   0.0038   0.0113  -0.0021  -0.0025   0.0040   0.00    7.6
2023/06/17 04:49:16.000   46.289026116    9.617448463  3219.5856   1  11   0.0060   0.0038   0.0114  -0.0016  -0.0013   0.0049   0.00   12.7
2023/06/17 04:49:17.000   46.289026230    9.617448246  3219.5339   1  11   0.0060   0.0038   0.0114  -0.0016  -0.0012   0.0049   0.00    5.0
2023/06/17 04:49:18.000   46.289026149    9.617447990  3219.5680   1  11   0.0060   0.0038   0.0114  -0.0016  -0.0012   0.0049   0.00    5.1
2023/06/17 04:49:19.000   46.289026157    9.617447943  3219.5589   1  11   0.0060   0.0038   0.0114  -0.0016  -0.0012   0.0049   0.00    5.3
2023/06/17 04:49:20.000   46.289026295    9.617448204  3219.5461   1  11   0.0060   0.0038   0.0114  -0.0016  -0.0012   0.0049   0.00    5.5
2023/06/17 04:49:21.000   46.289026330    9.617448328  3219.5429   1  11   0.0060   0.0038   0.0114  -0.0016  -0.0012   0.0049   0.00    5.7
2023/06/17 04:49:22.000   46.289026311    9.617448262  3219.5468   1  11   0.0060   0.0038   0.0114  -0.0016  -0.0012   0.0049   0.00    5.9
2023/06/17 04:49:23.000   46.289026345    9.617448271  3219.5472   1  11   0.0060   0.0038   0.0114  -0.0016  -0.0012   0.0050   0.00    6.0
2023/06/17 04:49:24.000   46.289026326    9.617448265  3219.5444   1  11   0.0060   0.0038   0.0114  -0.0016  -0.0012   0.0050   0.00    6.2
2023/06/17 04:49:25.000   46.289026311    9.617448266  3219.5401   1  11   0.0060   0.0038   0.0114  -0.0016  -0.0012   0.0050   0.00    6.4
2023/06/17 04:49:26.000   46.289026331    9.617448275  3219.5448   1  11   0.0060   0.0038   0.0114  -0.0016  -0.0012   0.0050   0.00    6.5
2023/06/17 04:49:27.000   46.289026329    9.617448283  3219.5456   1  11   0.0060   0.0038   0.0114  -0.0016  -0.0012   0.0050   0.00    6.7
2023/06/17 04:49:28.000   46.289026322    9.617448276  3219.5451   1  11   0.0060   0.0038   0.0114  -0.0016  -0.0012   0.0050   0.00    6.9
2023/06/17 04:49:29.000   46.289026330    9.617448286  3219.5486   1  11   0.0060   0.0038   0.0114  -0.0016  -0.0012   0.0050   0.00    7.0
2023/06/17 04:49:30.000   46.289026338    9.617448220  3219.5468   1  11   0.0060   0.0038   0.0114  -0.0016  -0.0012   0.0050   0.00    7.2
2023/06/17 04:49:31.000   46.289026326    9.617448166  3219.5408   1  11   0.0060   0.0038   0.0114  -0.0016  -0.0012   0.0050   0.00    7.3
2023/06/17 04:49:32.000   46.289026342    9.617448123  3219.5418   1  11   0.0060   0.0038   0.0114  -0.0016  -0.0012   0.0050   0.00    7.5
2023/06/17 04:49:33.000   46.289026327    9.617448130  3219.5389   1  11   0.0060   0.0038   0.0114  -0.0016  -0.0012   0.0050   0.00    7.6
2023/06/17 04:49:34.000   46.289026320    9.617448134  3219.5385   1  11   0.0060   0.0038   0.0114  -0.0016  -0.0012   0.0050   0.00    7.7
2023/06/17 04:49:35.000   46.289026306    9.617448133  3219.5365   1  11   0.0060   0.0038   0.0114  -0.0016  -0.0012   0.0050   0.00    7.9
2023/06/17 04:49:36.000   46.289026335    9.617448126  3219.5396   1  11   0.0060   0.0038   0.0114  -0.0016  -0.0012   0.0050   0.00    8.0
2023/06/17 04:49:37.000   46.289026307    9.617448121  3219.5278   1  11   0.0060   0.0038   0.0114  -0.0016  -0.0012   0.0050   0.00    8.1
2023/06/17 04:49:38.000   46.289026285    9.617448127  3219.5236   1  11   0.0060   0.0038   0.0114  -0.0016  -0.0012   0.0050   0.00    8.3
2023/06/17 04:49:39.000   46.289026296    9.617448107  3219.5277   1  11   0.0060   0.0038   0.0114  -0.0016  -0.0012   0.0050   0.00    8.4
2023/06/17 04:49:40.000   46.289026298    9.617448110  3219.5287   1  11   0.0060   0.0038   0.0114  -0.0016  -0.0012   0.0050   0.00    8.5
2023/06/17 04:49:41.000   46.289026318    9.617448101  3219.5337   1  11   0.0060   0.0038   0.0114  -0.0016  -0.0012   0.0050   0.00    8.6
2023/06/17 04:49:42.000   46.289026310    9.617448080  3219.5350   1  10   0.0061   0.0039   0.0118  -0.0015  -0.0017   0.0047   0.00   12.3
2023/06/17 04:49:43.000   46.289026288    9.617448065  3219.5257   1  10   0.0062   0.0041   0.0123  -0.0005   0.0023   0.0057   0.00   15.4
2023/06/17 04:49:44.000   46.289026274    9.617448098  3219.5287   1  11   0.0060   0.0038   0.0114  -0.0016  -0.0012   0.0050   0.00    8.8
2023/06/17 04:49:45.000   46.289026313    9.617448113  3219.5373   1  11   0.0060   0.0038   0.0114  -0.0016  -0.0012   0.0050   0.00    8.9
2023/06/17 04:49:46.000   46.289026327    9.617448071  3219.5351   1  11   0.0061   0.0039   0.0117  -0.0016  -0.0012   0.0051   1.00    9.1
2023/06/17 04:49:47.000   46.289026302    9.617448093  3219.5343   1  11   0.0060   0.0038   0.0114  -0.0016  -0.0012   0.0050   0.00    9.2
2023/06/17 04:49:48.000   46.289026309    9.617448106  3219.5361   1  11   0.0060   0.0038   0.0114  -0.0016  -0.0012   0.0050   0.00    9.3
2023/06/17 04:49:49.000   46.289026308    9.617448087  3219.5379   1  11   0.0060   0.0038   0.0114  -0.0016  -0.0012   0.0050   0.00    9.4
2023/06/17 04:49:50.000   46.289026297    9.617448090  3219.5353   1  11   0.0060   0.0038   0.0114  -0.0016  -0.0012   0.0050   0.00   22.5
2023/06/17 04:49:51.000   46.289026331    9.617448087  3219.5391   1  11   0.0060   0.0038   0.0114  -0.0016  -0.0012   0.0050   0.00   26.2
2023/06/17 04:49:52.000   46.289026270    9.617448084  3219.5339   1  11   0.0060   0.0038   0.0114  -0.0016  -0.0012   0.0050   0.00   28.6
2023/06/17 04:49:53.000   46.289026283    9.617448091  3219.5291   1  11   0.0060   0.0038   0.0114  -0.0016  -0.0012   0.0050   0.00   31.2
2023/06/17 04:49:54.000   46.289026296    9.617448085  3219.5368   1  11   0.0060   0.0038   0.0115  -0.0016  -0.0012   0.0050   0.00   33.7
2023/06/17 04:49:55.000   46.289026253    9.617448064  3219.5335   1  11   0.0060   0.0038   0.0115  -0.0016  -0.0012   0.0050   0.00   36.1
2023/06/17 04:49:56.000   46.289026277    9.617448076  3219.5342   1  11   0.0060   0.0038   0.0115  -0.0016  -0.0012   0.0050   0.00   38.6
2023/06/17 04:49:57.000   46.289026297    9.617448057  3219.5355   1  11   0.0060   0.0038   0.0115  -0.0016  -0.0012   0.0050   0.00   41.2
2023/06/17 04:49:58.000   46.289026265    9.617448051  3219.5311   1  10   0.0061   0.0039   0.0118  -0.0015  -0.0017   0.0048   0.00   43.8
2023/06/17 04:49:59.000   46.289025915    9.617447788  3219.6333   1  10   0.0061   0.0039   0.0118  -0.0015  -0.0017   0.0048   0.00   47.1
2023/06/17 04:50:00.000   46.289025240    9.617447406  3219.7185   1  10   0.0059   0.0037   0.0113  -0.0019  -0.0026   0.0043   0.00   13.6
2023/06/17 04:50:01.000   46.289025471    9.617447769  3219.7295   1  10   0.0059   0.0037   0.0113  -0.0019  -0.0026   0.0043   0.00   17.4
2023/06/17 04:50:02.000   46.289023862    9.617449564  3219.9213   1  11   0.0057   0.0037   0.0111  -0.0018  -0.0025   0.0038   0.00   21.3
2023/06/17 04:50:03.000   46.289022349    9.617450142  3220.1007   1  11   0.0056   0.0037   0.0114  -0.0016  -0.0031   0.0031   0.00   25.8
2023/06/17 04:50:04.000   46.289022118    9.617450084  3220.1063   1  10   0.0055   0.0036   0.0109  -0.0017  -0.0026   0.0035   0.00   29.3
2023/06/17 04:50:05.000   46.289022235    9.617449880  3220.0952   1  10   0.0053   0.0036   0.0107  -0.0017  -0.0026   0.0033   0.00    3.5
2023/06/17 04:50:06.000   46.289022843    9.617448699  3219.9172   1  11   0.0054   0.0038   0.0108  -0.0015  -0.0015   0.0041   0.00   74.2
2023/06/17 04:50:07.000   46.289022773    9.617448377  3219.8873   1  11   0.0060   0.0038   0.0115  -0.0016  -0.0012   0.0050   0.00   77.4
2023/06/17 04:50:08.000   46.289022672    9.617448005  3219.8959   1  10   0.0058   0.0038   0.0116  -0.0014  -0.0016   0.0042   0.00   81.6
2023/06/17 04:50:09.000   46.289022581    9.617447793  3219.9064   1  10   0.0056   0.0036   0.0109  -0.0017  -0.0027   0.0036   0.00   39.1
2023/06/17 04:50:10.000   46.289021836    9.617446062  3219.9278   1  10   0.0055   0.0036   0.0108  -0.0017  -0.0027   0.0035   0.00   43.1
2023/06/17 04:50:11.000   46.289020037    9.617443050  3220.0403   1  11   0.0055   0.0036   0.0107  -0.0017  -0.0028   0.0035   0.00   46.3
2023/06/17 04:50:12.000   46.289019011    9.617440987  3220.0922   1   9   0.0057   0.0041   0.0122  -0.0005   0.0019   0.0044   0.00  159.2
2023/06/17 04:50:13.000   46.289019191    9.617435001  3220.2677   1   9   0.0082   0.0043   0.0133   0.0027   0.0029   0.0070   0.00  169.4
2023/06/17 04:50:14.000   46.289020081    9.617435695  3220.3945   1  11   0.0055   0.0038   0.0114  -0.0014  -0.0016   0.0038   0.00  100.1
2023/06/17 04:50:15.000   46.289020937    9.617434837  3220.3784   1  11   0.0054   0.0037   0.0109  -0.0017  -0.0025   0.0034   0.00   54.2
2023/06/17 04:50:16.000   46.289021570    9.617433913  3220.3909   1   9   0.0054   0.0041   0.0115  -0.0018  -0.0037   0.0034   0.00    6.1
2023/06/17 04:50:17.000   46.289022178    9.617432676  3220.3777   1  11   0.0055   0.0037   0.0115  -0.0015  -0.0029   0.0028   0.00   65.6
2023/06/17 04:50:18.000   46.289022366    9.617433296  3220.3190   1  10   0.0060   0.0037   0.0116  -0.0018  -0.0028   0.0041   0.00   70.6
2023/06/17 04:50:19.000   46.289022618    9.617433025  3220.3221   1  10   0.0060   0.0037   0.0115  -0.0019  -0.0027   0.0042   0.00   75.9
2023/06/17 04:50:20.000   46.289022553    9.617432996  3220.3536   1  10   0.0054   0.0037   0.0110  -0.0017  -0.0026   0.0032   0.00   82.1
2023/06/17 04:50:21.000   46.289022314    9.617433184  3220.3574   1  10   0.0055   0.0039   0.0120  -0.0012  -0.0021   0.0033   0.00  148.6
2023/06/17 04:50:22.000   46.289022091    9.617433854  3220.3916   1   9   0.0056   0.0041   0.0123  -0.0004   0.0012   0.0041   0.00  261.6
2023/06/17 04:50:23.000   46.289021607    9.617433937  3220.4387   1  11   0.0054   0.0037   0.0111  -0.0016  -0.0026   0.0031   0.00   90.5
2023/06/17 04:50:24.000   46.289021238    9.617434325  3220.4444   1  11   0.0060   0.0037   0.0112  -0.0019  -0.0029   0.0042   0.00   95.1
2023/06/17 04:50:25.000   46.289020459    9.617434517  3220.3937   1  10   0.0059   0.0041   0.0126  -0.0003   0.0019   0.0049   0.00  288.1
2023/06/17 04:50:26.000   46.289019472    9.617435144  3220.3559   1  11   0.0061   0.0038   0.0118  -0.0015  -0.0020   0.0047   0.00  173.5
2023/06/17 04:50:27.000   46.289020709    9.617434511  3220.2763   1   9   0.0072   0.0043   0.0126   0.0023   0.0025   0.0055   0.00  324.1
2023/06/17 04:50:28.000   46.289022245    9.617430744  3220.1445   1  11   0.0060   0.0037   0.0114  -0.0019  -0.0027   0.0043   0.00  107.6
2023/06/17 04:50:29.000   46.289020247    9.617428112  3220.0588   1  11   0.0060   0.0037   0.0111  -0.0019  -0.0028   0.0043   0.00    5.5
2023/06/17 04:50:30.000   46.289017611    9.617425225  3220.0275   1  11   0.0060   0.0037   0.0115  -0.0018  -0.0032   0.0039   0.00  119.2
2023/06/17 04:50:31.000   46.289013337    9.617423371  3219.9826   1  10   0.0062   0.0039   0.0125  -0.0013  -0.0022   0.0045   0.00  200.8
2023/06/17 04:50:32.000   46.289011650    9.617423221  3219.9041   1  10   0.0058   0.0037   0.0116  -0.0016  -0.0029   0.0034   0.00  126.6
2023/06/17 04:50:33.000   46.289010140    9.617421576  3219.7648   1  10   0.0056   0.0040   0.0121  -0.0017  -0.0016   0.0029   0.00    3.5
2023/06/17 04:50:34.000   46.289008364    9.617419393  3219.4921   1   8   0.0075   0.0059   0.0139  -0.0049   0.0053  -0.0050   0.00    8.3
2023/06/17 04:50:35.000   46.289004859    9.617415784  3219.2511   1   8   0.0082   0.0059   0.0142  -0.0051   0.0051  -0.0039   0.00  177.6
2023/06/17 04:50:36.000   46.289004173    9.617414564  3219.1583   1   7   0.0083   0.0088   0.0195  -0.0069   0.0108  -0.0086   0.00   21.9
2023/06/17 04:50:37.000   46.289004395    9.617415455  3219.0504   1   6   0.0173   0.0163   0.0419  -0.0160   0.0250  -0.0252   0.00   31.8
2023/06/17 04:50:38.000   46.289003951    9.617416617  3219.1704   1   7   0.0104   0.0103   0.0250  -0.0087   0.0141  -0.0120   0.00  344.8
2023/06/17 04:50:39.000   46.289000517    9.617414137  3219.1004   1   7   0.0083   0.0088   0.0195  -0.0069   0.0108  -0.0086   0.00   40.6
2023/06/17 04:50:40.000   46.288999602    9.617406320  3219.2894   1   8   0.0083   0.0088   0.0195  -0.0069   0.0108  -0.0086   0.00   50.4
2023/06/17 04:50:41.000   46.289001020    9.617403190  3219.4008   1   7   0.0113   0.0090   0.0237  -0.0088   0.0125  -0.0136   0.00   60.9
2023/06/17 04:50:42.000   46.289000755    9.617402743  3219.5736   1   8   0.0086   0.0074   0.0181  -0.0064   0.0088  -0.0086   0.00   69.2
2023/06/17 04:50:43.000   46.289001088    9.617402658  3219.7162   1   8   0.0084   0.0069   0.0170  -0.0060   0.0078  -0.0078   0.00   79.9
2023/06/17 04:50:44.000   46.289001004    9.617402090  3219.8181   1   8   0.0103   0.0102   0.0237  -0.0089   0.0136  -0.0125   0.00   92.6
2023/06/17 04:50:45.000   46.289000864    9.617401731  3219.9306   1  10   0.0071   0.0064   0.0154  -0.0047   0.0067  -0.0050   0.00  100.2
2023/06/17 04:50:46.000   46.289000944    9.617400940  3219.9951   1  11   0.0065   0.0057   0.0143  -0.0039   0.0053  -0.0039   0.00  111.1
2023/06/17 04:50:47.000   46.289000803    9.617400987  3220.0103   1  11   0.0062   0.0053   0.0133  -0.0036   0.0045  -0.0029   0.00  122.0
2023/06/17 04:50:48.000   46.289000778    9.617400640  3220.0526   1  11   0.0058   0.0042   0.0111  -0.0026  -0.0012   0.0024   0.00    4.6
2023/06/17 04:50:49.000   46.289000786    9.617400742  3220.0746   1  11   0.0054   0.0038   0.0108  -0.0018  -0.0023   0.0032   0.00    4.0
2023/06/17 04:50:50.000   46.289000626    9.617400582  3220.0724   1  11   0.0054   0.0037   0.0106  -0.0018  -0.0027   0.0032   0.00   15.4
2023/06/17 04:50:51.000   46.289000483    9.617400023  3220.0619   1  11   0.0054   0.0036   0.0106  -0.0017  -0.0028   0.0033   0.00    9.6
2023/06/17 04:50:52.000   46.289000583    9.617400315  3220.0649   1  11   0.0054   0.0036   0.0105  -0.0017  -0.0028   0.0033   0.00    4.9
2023/06/17 04:50:53.000   46.289000565    9.617400421  3220.0643   1  11   0.0054   0.0036   0.0105  -0.0017  -0.0028   0.0033   0.00   21.0
2023/06/17 04:50:54.000   46.289000507    9.617400347  3220.0588   1  11   0.0054   0.0036   0.0105  -0.0017  -0.0029   0.0033   0.00   10.2
2023/06/17 04:50:55.000   46.289000627    9.617400322  3220.0691   1  11   0.0054   0.0036   0.0105  -0.0017  -0.0029   0.0033   0.00   56.3
2023/06/17 04:50:56.000   46.289000598    9.617400301  3220.0648   1  11   0.0054   0.0036   0.0105  -0.0017  -0.0029   0.0033   0.00   82.2
2023/06/17 04:50:57.000   46.289000503    9.617400226  3220.0591   1  11   0.0054   0.0036   0.0105  -0.0017  -0.0029   0.0033   0.00   93.8
2023/06/17 04:50:58.000   46.289000453    9.617400293  3220.0600   1  11   0.0054   0.0036   0.0105  -0.0017  -0.0029   0.0033   0.00  105.7
2023/06/17 04:50:59.000   46.289000582    9.617400427  3220.0584   1  11   0.0054   0.0036   0.0105  -0.0017  -0.0029   0.0033   0.00  117.4
2023/06/17 04:51:00.000   46.289000731    9.617400215  3220.0669   1  11   0.0054   0.0036   0.0105  -0.0017  -0.0029   0.0033   0.00  129.5
2023/06/17 04:51:01.000   46.289000696    9.617400213  3220.0659   1  11   0.0054   0.0036   0.0105  -0.0017  -0.0029   0.0033   0.00  141.4
2023/06/17 04:51:02.000   46.289000672    9.617400228  3220.0681   1  11   0.0054   0.0036   0.0105  -0.0017  -0.0029   0.0033   0.00  153.7
2023/06/17 04:51:03.000   46.289000644    9.617400264  3220.0654   1  11   0.0054   0.0036   0.0105  -0.0017  -0.0029   0.0033   0.00  165.9
2023/06/17 04:51:04.000   46.289000788    9.617400353  3220.0732   1  11   0.0054   0.0036   0.0105  -0.0017  -0.0029   0.0033   0.00  178.8
2023/06/17 04:51:05.000   46.289000824    9.617400500  3220.0729   1  11   0.0054   0.0036   0.0105  -0.0017  -0.0029   0.0033   0.00  191.3
2023/06/17 04:51:06.000   46.289000791    9.617400620  3220.0719   1  11   0.0054   0.0036   0.0105  -0.0017  -0.0029   0.0033   0.00  204.0
2023/06/17 04:51:07.000   46.289000653    9.617400465  3220.0644   1  11   0.0054   0.0036   0.0105  -0.0017  -0.0028   0.0033   0.00  217.4
2023/06/17 04:51:08.000   46.289000469    9.617400347  3220.0547   1  11   0.0054   0.0036   0.0105  -0.0017  -0.0028   0.0033   0.00  229.2
2023/06/17 04:51:09.000   46.289000674    9.617400476  3220.0655   1  11   0.0054   0.0036   0.0105  -0.0017  -0.0028   0.0033   0.00  242.2
2023/06/17 04:51:10.000   46.289000597    9.617400382  3220.0604   1  11   0.0054   0.0036   0.0105  -0.0017  -0.0028   0.0033   0.00  255.7
2023/06/17 04:51:11.000   46.289000551    9.617400396  3220.0571   1  11   0.0054   0.0036   0.0105  -0.0017  -0.0028   0.0033   0.00  269.4
2023/06/17 04:51:12.000   46.289000577    9.617400451  3220.0526   1  11   0.0054   0.0036   0.0105  -0.0017  -0.0028   0.0033   0.00  281.8
2023/06/17 04:51:13.000   46.289000526    9.617400360  3220.0540   1  11   0.0054   0.0036   0.0105  -0.0017  -0.0028   0.0033   0.00  294.9
2023/06/17 04:51:14.000   46.289000502    9.617400340  3220.0533   1  11   0.0054   0.0036   0.0105  -0.0017  -0.0028   0.0033   0.00  307.4
2023/06/17 04:51:15.000   46.289000502    9.617400305  3220.0543   1  11   0.0054   0.0036   0.0105  -0.0017  -0.0028   0.0033   0.00  321.1
2023/06/17 04:51:16.000   46.289000566    9.617400327  3220.0525   1  11   0.0054   0.0036   0.0105  -0.0017  -0.0028   0.0033   0.00  334.5
2023/06/17 04:51:17.000   46.289000296    9.617401253  3220.0281   1  11   0.0054   0.0036   0.0105  -0.0017  -0.0028   0.0033   0.00  345.1
2023/06/17 04:51:18.000   46.288999764    9.617404863  3219.6005   1  10   0.0055   0.0037   0.0114  -0.0016  -0.0028   0.0028   0.00  279.7
2023/06/17 04:51:19.000   46.288999844    9.617404494  3219.4857   1   9   0.0057   0.0038   0.0121  -0.0012  -0.0032   0.0013   0.00  299.8
2023/06/17 04:51:20.000   46.289000928    9.617405303  3219.5667   1   7   0.0062   0.0042   0.0134  -0.0020   0.0009  -0.0024   0.00  392.3
2023/06/17 04:51:21.000   46.289002189    9.617407279  3219.6389   1   8   0.0073   0.0050   0.0122  -0.0043   0.0026  -0.0036   0.00  476.3
2023/06/17 04:51:22.000   46.289002587    9.617407919  3219.6591   1   8   0.0073   0.0050   0.0122  -0.0043   0.0026  -0.0036   0.00  498.9
2023/06/17 04:51:23.000   46.289002531    9.617408446  3219.6738   1   8   0.0072   0.0050   0.0118  -0.0043   0.0025  -0.0029   0.00  520.3
2023/06/17 04:51:24.000   46.289001986    9.617409771  3219.6533   1   9   0.0061   0.0044   0.0112  -0.0031  -0.0006   0.0021   0.00    5.5
2023/06/17 04:51:25.000   46.289002138    9.617410022  3219.6563   1   8   0.0073   0.0050   0.0122  -0.0043   0.0026  -0.0036   0.00  559.9
2023/06/17 04:51:26.000   46.289001776    9.617408662  3219.6158   1   8   0.0072   0.0050   0.0118  -0.0043   0.0025  -0.0029   0.00  577.0
2023/06/17 04:51:28.000   46.289000857    9.617404347  3219.0950   1   6   0.0089   0.0063   0.0180  -0.0048  -0.0046  -0.0078   0.00  999.9
2023/06/17 04:51:29.000   46.289001148    9.617403955  3219.1407   1   8   0.0089   0.0056   0.0155  -0.0050   0.0025  -0.0073   0.00  862.2
2023/06/17 04:51:30.000   46.289001444    9.617412972  3219.8783   2   4   0.3381   0.2641   0.3240  -0.2987   0.2897  -0.3266   0.00    0.0
2023/06/17 04:51:31.000   46.289005184    9.617414116  3219.8732   2   6   0.2250   0.2594   0.6624   0.1042  -0.2347  -0.3838   0.00    0.0
2023/06/17 04:51:32.000   46.289005643    9.617417772  3219.6276   2   7   0.1090   0.1535   0.2940  -0.0856   0.1165  -0.1746   0.00    0.0
2023/06/17 04:51:33.000   46.289008011    9.617419574  3219.9793   2   6   0.0917   0.1285   0.2368  -0.0755   0.1210  -0.1349   0.00    1.5
2023/06/17 04:51:34.000   46.289007221    9.617415666  3220.2954   2   6   0.0886   0.1147   0.2171  -0.0756   0.1150  -0.1298   0.00    0.0
2023/06/17 04:51:35.000   46.289008794    9.617413024  3219.8903   1   6   0.0086   0.0103   0.0208  -0.0071   0.0113  -0.0080   0.00    4.6
2023/06/17 04:51:36.000   46.289008863    9.617413929  3220.0410   1   8   0.0075   0.0067   0.0136  -0.0050   0.0034  -0.0020   0.00    3.2
2023/06/17 04:51:37.000   46.289007713    9.617413505  3220.2684   1  10   0.0057   0.0042   0.0116  -0.0022   0.0012   0.0032   0.00    5.4
2023/06/17 04:51:38.000   46.289008237    9.617412370  3220.4109   1  11   0.0056   0.0039   0.0110  -0.0019  -0.0020   0.0034   0.00    4.1
2023/06/17 04:51:39.000   46.289008353    9.617410742  3220.5287   1  11   0.0056   0.0045   0.0116  -0.0012  -0.0025   0.0027   0.00    7.9
2023/06/17 04:51:40.000   46.289008340    9.617410469  3220.5427   1  11   0.0055   0.0039   0.0109  -0.0018  -0.0023   0.0033   0.00   12.1
2023/06/17 04:51:41.000   46.289008326    9.617410429  3220.5457   1  11   0.0055   0.0037   0.0108  -0.0018  -0.0024   0.0033   0.00   17.1
2023/06/17 04:51:42.000   46.289008324    9.617410454  3220.5427   1  11   0.0055   0.0037   0.0107  -0.0018  -0.0025   0.0033   0.00   19.7
2023/06/17 04:51:43.000   46.289008296    9.617410390  3220.5418   1  11   0.0054   0.0036   0.0106  -0.0017  -0.0028   0.0034   0.00    6.2
2023/06/17 04:51:44.000   46.289008295    9.617410381  3220.5387   1  11   0.0054   0.0036   0.0106  -0.0017  -0.0028   0.0034   0.00   10.9
2023/06/17 04:51:45.000   46.289008346    9.617410452  3220.5482   1  11   0.0054   0.0036   0.0106  -0.0017  -0.0028   0.0034   0.00   15.5
2023/06/17 04:51:46.000   46.289008355    9.617410449  3220.5478   1  11   0.0054   0.0036   0.0106  -0.0017  -0.0028   0.0034   0.00   18.4
2023/06/17 04:51:47.000   46.289008353    9.617410451  3220.5419   1  11   0.0054   0.0036   0.0105  -0.0017  -0.0028   0.0034   0.00   21.3
2023/06/17 04:51:48.000   46.289008327    9.617410406  3220.5449   1  11   0.0054   0.0036   0.0105  -0.0017  -0.0028   0.0034   0.00   25.0
2023/06/17 04:51:49.000   46.289008357    9.617410405  3220.5449   1  11   0.0054   0.0036   0.0105  -0.0017  -0.0028   0.0034   0.00   17.9
2023/06/17 04:51:50.000   46.289008343    9.617410428  3220.5466   1  11   0.0054   0.0036   0.0105  -0.0017  -0.0028   0.0034   0.00   18.9
2023/06/17 04:51:51.000   46.289008346    9.617410425  3220.5456   1  11   0.0054   0.0036   0.0105  -0.0017  -0.0028   0.0034   0.00   19.9
2023/06/17 04:51:52.000   46.289008307    9.617410406  3220.5425   1  11   0.0054   0.0036   0.0105  -0.0017  -0.0028   0.0034   0.00   21.2
2023/06/17 04:51:53.000   46.289008328    9.617410388  3220.5474   1  11   0.0054   0.0036   0.0105  -0.0017  -0.0028   0.0034   0.00   21.3
2023/06/17 04:51:54.000   46.289008311    9.617410366  3220.5429   1  11   0.0054   0.0036   0.0105  -0.0017  -0.0028   0.0034   0.00   22.0
2023/06/17 04:51:55.000   46.289008313    9.617410375  3220.5418   1  11   0.0054   0.0036   0.0105  -0.0017  -0.0028   0.0034   0.00   22.2
2023/06/17 04:51:56.000   46.289008315    9.617410370  3220.5424   1  11   0.0054   0.0036   0.0105  -0.0017  -0.0028   0.0034   0.00   22.3
2023/06/17 04:51:57.000   46.289008303    9.617410376  3220.5428   1  11   0.0054   0.0036   0.0105  -0.0017  -0.0028   0.0034   0.00   22.7
2023/06/17 04:51:58.000   46.289008315    9.617410365  3220.5413   1  11   0.0054   0.0036   0.0105  -0.0017  -0.0028   0.0034   0.00   23.3
2023/06/17 04:51:59.000   46.289008308    9.617410371  3220.5433   1  11   0.0054   0.0036   0.0105  -0.0017  -0.0028   0.0034   0.00   23.9
2023/06/17 04:52:00.000   46.289008289    9.617410337  3220.5452   1  11   0.0054   0.0036   0.0105  -0.0017  -0.0028   0.0034   0.00   24.0
2023/06/17 04:52:01.000   46.289008303    9.617410375  3220.5428   1  11   0.0054   0.0036   0.0105  -0.0017  -0.0028   0.0034   0.00   23.6
2023/06/17 04:52:02.000   46.289008301    9.617410388  3220.5406   1  11   0.0054   0.0036   0.0105  -0.0017  -0.0028   0.0034   0.00   23.5
2023/06/17 04:52:03.000   46.289008302    9.617410375  3220.5421   1  11   0.0054   0.0036   0.0105  -0.0017  -0.0028   0.0034   0.00   23.6
2023/06/17 04:52:04.000   46.289008280    9.617410366  3220.5388   1  11   0.0054   0.0036   0.0105  -0.0017  -0.0028   0.0034   0.00   23.9
2023/06/17 04:52:05.000   46.289008301    9.617410375  3220.5410   1  11   0.0054   0.0036   0.0105  -0.0017  -0.0028   0.0034   0.00   24.0
2023/06/17 04:52:06.000   46.289008311    9.617410375  3220.5401   1  11   0.0054   0.0036   0.0105  -0.0017  -0.0028   0.0034   0.00   24.3
2023/06/17 04:52:07.000   46.289008295    9.617410371  3220.5414   1  11   0.0054   0.0036   0.0105  -0.0017  -0.0028   0.0034   0.00   24.5
2023/06/17 04:52:08.000   46.289008287    9.617410363  3220.5414   1  11   0.0054   0.0036   0.0105  -0.0017  -0.0028   0.0034   0.00   24.4
2023/06/17 04:52:09.000   46.289007424    9.617411170  3220.4919   1  11   0.0054   0.0036   0.0105  -0.0017  -0.0028   0.0034   0.00   24.2
2023/06/17 04:52:10.000   46.289006562    9.617413808  3220.1618   1  10   0.0054   0.0037   0.0109  -0.0017  -0.0024   0.0034   0.00   46.7
2023/06/17 04:52:11.000   46.289008576    9.617414907  3220.0872   1   9   0.0068   0.0044   0.0116  -0.0033  -0.0013   0.0037   0.00   41.2
2023/06/17 04:52:12.000   46.289008948    9.617416200  3220.1575   1  10   0.0061   0.0037   0.0113  -0.0020  -0.0026   0.0044   0.00   34.4
2023/06/17 04:52:13.000   46.289008551    9.617418183  3220.1905   1  10   0.0061   0.0037   0.0113  -0.0020  -0.0026   0.0044   0.00   34.8
2023/06/17 04:52:14.000   46.289007625    9.617417569  3220.2153   1  10   0.0057   0.0037   0.0111  -0.0019  -0.0025   0.0039   0.00   34.7
2023/06/17 04:52:15.000   46.289007341    9.617418648  3220.1531   1  10   0.0054   0.0037   0.0109  -0.0017  -0.0024   0.0034   0.00    7.1
2023/06/17 04:52:16.000   46.289007524    9.617418368  3220.1450   1  10   0.0054   0.0037   0.0109  -0.0017  -0.0024   0.0034   0.00    8.9
2023/06/17 04:52:17.000   46.289007164    9.617414949  3219.9265   1   9   0.0056   0.0038   0.0116  -0.0018  -0.0025   0.0026   0.00   11.2
2023/06/17 04:52:18.000   46.289008225    9.617412448  3219.6438   1   6   0.0181   0.0172   0.0432  -0.0169   0.0262  -0.0262   0.00   52.1
2023/06/17 04:52:18.993   46.289007788    9.617411595  3219.5599   5   2   0.2887   0.2328   0.4330  -0.2562   0.3102  -0.3493   0.00   52.1
2023/06/17 04:52:19.993   46.289008534    9.617410701  3219.0644   2   4   0.0839   0.0954   0.8905  -0.0809   0.2636  -0.2430   0.00    0.0
2023/06/17 04:52:20.993   46.289008708    9.617410469  3218.6095   2   4   0.1728   0.2107   2.3917  -0.1870   0.6987  -0.6308   0.00    0.0
2023/06/17 04:52:22.000   46.289007954    9.617411574  3219.4598   2   7   0.0540   0.0574   0.1434  -0.0414   0.0647  -0.0778   0.00    1.4
2023/06/17 04:52:23.000   46.289008375    9.617412012  3219.3348   1   6   0.0197   0.0188   0.0536  -0.0183   0.0303  -0.0303   0.00   11.4
2023/06/17 04:52:24.000   46.289007809    9.617412415  3219.4152   1   7   0.0202   0.0172   0.0623  -0.0176   0.0304  -0.0331   0.00   52.0
2023/06/17 04:52:25.000   46.289006237    9.617413817  3219.3603   1   6   0.0155   0.0137   0.0372  -0.0135   0.0207  -0.0219   0.00    9.9
2023/06/17 04:52:26.000   46.289002957    9.617416258  3219.1855   1   7   0.0157   0.0130   0.0459  -0.0130   0.0213  -0.0242   0.00   48.2
2023/06/17 04:52:27.000   46.289002320    9.617418072  3219.0631   1   8   0.0148   0.0116   0.0384  -0.0120   0.0186  -0.0216   0.00   14.2
2023/06/17 04:52:28.000   46.289000215    9.617419903  3218.7659   1   8   0.0142   0.0114   0.0396  -0.0116   0.0178  -0.0192   0.00   15.9
2023/06/17 04:52:29.000   46.288997916    9.617420947  3218.8669   1   8   0.0082   0.0074   0.0193  -0.0059   0.0081  -0.0062   0.00    3.5
2023/06/17 04:52:30.000   46.288994526    9.617421929  3218.8293   1   8   0.0080   0.0070   0.0163  -0.0056   0.0073  -0.0057   0.00    6.6
2023/06/17 04:52:31.000   46.288991454    9.617422358  3218.8059   1   8   0.0078   0.0066   0.0151  -0.0053   0.0065  -0.0051   0.00    7.7
2023/06/17 04:52:32.000   46.288988484    9.617423637  3218.7114   1   8   0.0076   0.0060   0.0138  -0.0050   0.0052  -0.0047   0.00    6.1
2023/06/17 04:52:33.000   46.288985139    9.617424421  3218.6171   1   8   0.0076   0.0060   0.0138  -0.0050   0.0052  -0.0047   0.00    8.6
2023/06/17 04:52:34.000   46.288980989    9.617425336  3218.5115   1   7   0.0086   0.0072   0.0175  -0.0057   0.0025  -0.0067   0.00    5.8
2023/06/17 04:52:35.000   46.288979530    9.617427517  3218.4876   1   6   0.0109   0.0110   0.0269  -0.0084   0.0133  -0.0123   0.00   12.5
2023/06/17 04:52:36.000   46.288977948    9.617429359  3218.4053   1   7   0.0075   0.0064   0.0143  -0.0048  -0.0047  -0.0023   0.00    7.2
2023/06/17 04:52:37.000   46.288974082    9.617432112  3218.1973   1   7   0.0064   0.0057   0.0141  -0.0035  -0.0054   0.0021   0.00    5.2
2023/06/17 04:52:38.000   46.288971211    9.617436691  3217.5560   1   6   0.0068   0.0057   0.0164  -0.0026  -0.0063  -0.0042   0.00    4.5
2023/06/17 04:52:39.000   46.288971862    9.617437158  3217.2267   1   8   0.0249   0.0214   0.0713  -0.0218   0.0358  -0.0407   0.00    6.5
2023/06/17 04:52:40.000   46.288971913    9.617436956  3217.2205   1   8   0.0178   0.0156   0.0511  -0.0149   0.0236  -0.0283   0.00    6.3
2023/06/17 04:52:41.000   46.288971696    9.617437534  3217.2911   1   8   0.0067   0.0089   0.0211  -0.0032  -0.0063  -0.0062   0.00    4.6
2023/06/17 04:52:42.000   46.288971433    9.617436703  3217.3716   1   7   0.0076   0.0265   0.0451   0.0101  -0.0330  -0.0140   0.00   11.5
2023/06/17 04:52:43.000   46.288971275    9.617435996  3217.4089   1   7   0.0073   0.0257   0.0450   0.0104  -0.0332  -0.0137   0.00   10.2
2023/06/17 04:52:44.000   46.288971397    9.617436037  3217.4252   1   7   0.0073   0.0253   0.0445   0.0103  -0.0327  -0.0136   0.00    8.8
2023/06/17 04:52:45.000   46.288971401    9.617436029  3217.4232   1   7   0.0073   0.0245   0.0440   0.0101  -0.0321  -0.0134   0.00   10.5
2023/06/17 04:52:46.000   46.288971531    9.617435987  3217.4360   1   7   0.0073   0.0243   0.0437   0.0101  -0.0318  -0.0134   0.00   10.4
2023/06/17 04:52:47.000   46.288971516    9.617436709  3217.3543   1   7   0.0073   0.0227   0.0420   0.0098  -0.0301  -0.0131   0.00    5.1
2023/06/17 04:52:48.000   46.288971604    9.617436858  3217.3506   1   7   0.0073   0.0227   0.0419   0.0098  -0.0301  -0.0131   0.00    5.1
2023/06/17 04:52:49.000   46.288971613    9.617436998  3217.3224   1   7   0.0073   0.0222   0.0413   0.0098  -0.0295  -0.0131   0.00    5.8
2023/06/17 04:52:50.000   46.288971612    9.617437056  3217.3306   1   7   0.0073   0.0222   0.0413   0.0098  -0.0295  -0.0131   0.00    5.8
2023/06/17 04:52:51.000   46.288971649    9.617437145  3217.3228   1   7   0.0073   0.0222   0.0413   0.0098  -0.0295  -0.0131   0.00    6.0
2023/06/17 04:52:52.000   46.288971355    9.617436909  3217.3140   1   7   0.0073   0.0222   0.0413   0.0098  -0.0295  -0.0131   0.00    6.2
2023/06/17 04:52:53.000   46.288971383    9.617436987  3217.3195   1   7   0.0073   0.0222   0.0413   0.0097  -0.0295  -0.0131   0.00    6.4
2023/06/17 04:52:54.000   46.288970859    9.617437415  3217.3813   2   8   0.0439   0.0488   0.1061  -0.0292   0.0388  -0.0560   0.00    2.6
2023/06/17 04:52:55.000   46.288970843    9.617437519  3217.3862   2   8   0.0437   0.0487   0.1056  -0.0289   0.0384  -0.0556   0.00    2.8
2023/06/17 04:52:56.000   46.288970842    9.617437469  3217.4050   2   8   0.0436   0.0485   0.1052  -0.0287   0.0379  -0.0553   0.00    2.9
2023/06/17 04:52:57.000   46.288970810    9.617437537  3217.3893   2   8   0.0434   0.0484   0.1048  -0.0285   0.0375  -0.0550   0.00    3.0
2023/06/17 04:52:58.000   46.288971573    9.617437392  3217.2831   1   8   0.0059   0.0073   0.0180   0.0022  -0.0095  -0.0032   0.00    3.1
2023/06/17 04:52:59.000   46.288971543    9.617437413  3217.2910   1   8   0.0059   0.0073   0.0180   0.0022  -0.0095  -0.0032   0.00    3.1
2023/06/17 04:53:00.000   46.288971583    9.617437383  3217.2791   1   8   0.0059   0.0073   0.0180   0.0022  -0.0095  -0.0032   0.00    3.2
2023/06/17 04:53:01.000   46.288971600    9.617437378  3217.2745   1   8   0.0059   0.0073   0.0180   0.0022  -0.0095  -0.0032   0.00    3.2
2023/06/17 04:53:02.000   46.288971507    9.617436954  3217.3224   1   7   0.0073   0.0222   0.0414   0.0097  -0.0295  -0.0131   0.00    5.8
2023/06/17 04:53:03.000   46.288971223    9.617436869  3217.3230   1   7   0.0073   0.0222   0.0414   0.0097  -0.0295  -0.0131   0.00    5.7
2023/06/17 04:53:04.000   46.288971348    9.617437384  3217.2610   1   7   0.0059   0.0073   0.0180   0.0022  -0.0095  -0.0032   0.00    4.3
2023/06/17 04:53:05.000   46.288971368    9.617436993  3217.3158   1   7   0.0073   0.0222   0.0414   0.0097  -0.0296  -0.0131   0.00    5.5
2023/06/17 04:53:06.000   46.288971350    9.617436853  3217.3339   1   7   0.0073   0.0222   0.0414   0.0097  -0.0296  -0.0131   0.00    5.5
2023/06/17 04:53:07.000   46.288971348    9.617436939  3217.3244   1   7   0.0073   0.0222   0.0415   0.0097  -0.0296  -0.0131   0.00    5.4
2023/06/17 04:53:08.000   46.288971390    9.617436895  3217.3319   1   7   0.0073   0.0222   0.0415   0.0097  -0.0296  -0.0131   0.00    5.4
2023/06/17 04:53:09.000   46.288971370    9.617436805  3217.3429   1   7   0.0073   0.0222   0.0415   0.0097  -0.0296  -0.0131   0.00    5.4
2023/06/17 04:53:10.000   46.288971398    9.617436867  3217.3355   1   7   0.0073   0.0222   0.0415   0.0097  -0.0296  -0.0131   0.00    5.4
2023/06/17 04:53:11.000   46.288971534    9.617437264  3217.3065   1   8   0.0058   0.0053   0.0157  -0.0004  -0.0069  -0.0012   0.00    5.7
2023/06/17 04:53:12.000   46.288971723    9.617437101  3217.3777   1   8   0.0063   0.0054   0.0165  -0.0017  -0.0073   0.0035   0.00    6.0
2023/06/17 04:53:13.000   46.288971764    9.617436742  3217.4239   1   9   0.0063   0.0054   0.0165  -0.0017  -0.0073   0.0035   0.00    6.2
2023/06/17 04:53:14.000   46.288971821    9.617436457  3217.4722   1   9   0.0064   0.0054   0.0163  -0.0017  -0.0073   0.0035   0.00    6.5
2023/06/17 04:53:15.000   46.288971947    9.617436453  3217.4776   1   9   0.0064   0.0054   0.0162  -0.0017  -0.0073   0.0035   0.00    6.7
2023/06/17 04:53:16.000   46.288972001    9.617436520  3217.4686   1   9   0.0064   0.0054   0.0162  -0.0017  -0.0073   0.0035   0.00    6.9
2023/06/17 04:53:17.000   46.288972359    9.617436758  3217.4603   1   9   0.0058   0.0053   0.0154  -0.0004  -0.0069  -0.0010   0.00    6.8
2023/06/17 04:53:18.000   46.288972749    9.617436933  3217.4583   1   8   0.0058   0.0053   0.0157  -0.0005  -0.0069  -0.0012   0.00    7.0
2023/06/17 04:53:19.000   46.288972745    9.617436907  3217.4662   1   8   0.0058   0.0053   0.0157  -0.0005  -0.0069  -0.0012   0.00    7.2
2023/06/17 04:53:20.000   46.288972675    9.617436873  3217.4617   1   8   0.0058   0.0053   0.0157  -0.0005  -0.0069  -0.0012   0.00    7.4
2023/06/17 04:53:21.000   46.288972680    9.617436847  3217.4679   1   8   0.0058   0.0053   0.0157  -0.0005  -0.0069  -0.0012   0.00    7.6
2023/06/17 04:53:22.000   46.288972698    9.617436909  3217.4576   1   8   0.0058   0.0053   0.0157  -0.0005  -0.0069  -0.0012   0.00    7.7
2023/06/17 04:53:23.000   46.288972658    9.617436848  3217.4552   1   8   0.0058   0.0053   0.0157  -0.0005  -0.0069  -0.0012   0.00    7.9
2023/06/17 04:53:24.000   46.288972675    9.617436815  3217.4560   1   8   0.0058   0.0053   0.0157  -0.0005  -0.0069  -0.0012   0.00    7.9
2023/06/17 04:53:25.000   46.288972652    9.617436781  3217.4563   1   8   0.0058   0.0053   0.0157  -0.0005  -0.0069  -0.0012   0.00    7.9
2023/06/17 04:53:26.000   46.288972593    9.617436707  3217.4698   1   8   0.0058   0.0053   0.0157  -0.0005  -0.0069  -0.0012   0.00    8.0
2023/06/17 04:53:27.000   46.288972452    9.617436713  3217.4476   1   9   0.0058   0.0053   0.0157  -0.0005  -0.0069  -0.0012   0.00    8.0
2023/06/17 04:53:28.000   46.288972314    9.617436398  3217.4791   1   9   0.0058   0.0053   0.0155  -0.0004  -0.0069  -0.0010   0.00    8.1
2023/06/17 04:53:29.000   46.288971827    9.617435974  3217.5343   1   9   0.0058   0.0053   0.0154  -0.0004  -0.0069  -0.0010   0.00    8.1
2023/06/17 04:53:30.000   46.288971588    9.617435984  3217.4995   1   8   0.0058   0.0053   0.0157  -0.0005  -0.0069  -0.0012   0.00    8.0
2023/06/17 04:53:31.000   46.288970700    9.617437154  3217.6986   1   8   0.0059   0.0054   0.0159  -0.0012  -0.0067  -0.0022   0.00    6.6
2023/06/17 04:53:32.000   46.288971484    9.617436709  3217.8286   1   6   0.0075   0.0058   0.0167  -0.0033  -0.0058  -0.0054   0.00   14.8
2023/06/17 04:53:33.000   46.288971945    9.617438261  3218.0829   2   6   0.0394   0.0428   0.0923  -0.0224   0.0253  -0.0468   0.00    1.5
2023/06/17 04:53:34.000   46.288974546    9.617437478  3218.1477   2   6   0.0393   0.0428   0.0925  -0.0223   0.0254  -0.0468   0.00    2.1
2023/06/17 04:53:35.000   46.288977707    9.617436278  3218.2563   2   7   0.0391   0.0426   0.0922  -0.0220   0.0250  -0.0465   0.00    1.4
2023/06/17 04:53:36.000   46.288980106    9.617431366  3218.1469   2   9   0.0391   0.0424   0.0915  -0.0219   0.0243  -0.0462   0.00    1.6
2023/06/17 04:53:37.000   46.288981537    9.617426671  3218.3237   2   9   0.0390   0.0423   0.0912  -0.0218   0.0240  -0.0460   0.00    1.2
2023/06/17 04:53:38.000   46.288984129    9.617423401  3218.6274   2   9   0.0389   0.0422   0.0908  -0.0217   0.0237  -0.0458   0.00    1.4
2023/06/17 04:53:39.000   46.288983770    9.617421830  3218.6893   2  10   0.0388   0.0421   0.0905  -0.0215   0.0234  -0.0456   0.00    1.1
2023/06/17 04:53:40.000   46.288983683    9.617422417  3218.7073   2  10   0.0388   0.0419   0.0900  -0.0216   0.0233  -0.0453   0.00    1.4
2023/06/17 04:53:41.000   46.288984252    9.617422684  3218.6814   2  10   0.0387   0.0418   0.0898  -0.0213   0.0228  -0.0452   0.00    1.3
2023/06/17 04:53:42.000   46.288984651    9.617422221  3218.7123   2   9   0.0386   0.0416   0.0894  -0.0212   0.0226  -0.0450   0.00    1.6
2023/06/17 04:53:43.000   46.288983695    9.617421249  3218.7306   2  11   0.0385   0.0413   0.0888  -0.0210   0.0228  -0.0448   0.00    1.6
2023/06/17 04:53:44.000   46.288983622    9.617421547  3218.7234   2  11   0.0383   0.0411   0.0883  -0.0209   0.0227  -0.0445   0.00    1.9
2023/06/17 04:53:45.000   46.288983623    9.617421874  3218.7241   2  11   0.0383   0.0410   0.0879  -0.0208   0.0225  -0.0444   0.00    1.2
2023/06/17 04:53:46.000   46.288984027    9.617422090  3218.7330   2   9   0.0382   0.0408   0.0879  -0.0206   0.0225  -0.0441   0.00    2.0
2023/06/17 04:53:47.000   46.288985937    9.617420240  3218.7781   2  10   0.0381   0.0408   0.0878  -0.0205   0.0214  -0.0439   0.00    1.2
2023/06/17 04:53:48.000   46.288987414    9.617417854  3218.7623   2  10   0.0380   0.0407   0.0877  -0.0204   0.0214  -0.0436   0.00    1.7
2023/06/17 04:53:49.000   46.288987138    9.617418286  3218.8149   2  11   0.0379   0.0406   0.0870  -0.0203   0.0211  -0.0435   0.00    1.1
2023/06/17 04:53:50.000   46.288986778    9.617418687  3218.8371   2  10   0.0377   0.0404   0.0865  -0.0202   0.0210  -0.0433   0.00    1.6
2023/06/17 04:53:51.000   46.288987437    9.617419213  3218.8850   2   9   0.0377   0.0403   0.0864  -0.0201   0.0206  -0.0431   0.00    2.9
2023/06/17 04:53:52.000   46.288987278    9.617418752  3218.8947   2  10   0.0375   0.0402   0.0859  -0.0199   0.0203  -0.0430   0.00    1.3
2023/06/17 04:53:53.000   46.288987576    9.617418974  3218.8465   2   8   0.0375   0.0404   0.0863  -0.0196   0.0186  -0.0430   0.00    1.5
2023/06/17 04:53:54.000   46.288988013    9.617419415  3218.8525   2  11   0.0375   0.0400   0.0855  -0.0197   0.0195  -0.0426   0.00    1.7
2023/06/17 04:53:55.000   46.288988573    9.617419314  3218.8621   2  11   0.0374   0.0398   0.0850  -0.0196   0.0196  -0.0424   0.00    1.4
2023/06/17 04:53:56.000   46.288989087    9.617417627  3218.8577   2  10   0.0372   0.0396   0.0844  -0.0194   0.0198  -0.0423   0.00    1.7
2023/06/17 04:53:57.000   46.288989565    9.617416099  3218.8826   2  11   0.0371   0.0394   0.0840  -0.0193   0.0196  -0.0421   0.00    1.4
2023/06/17 04:53:58.000   46.288990572    9.617415063  3218.8704   2  11   0.0371   0.0393   0.0837  -0.0193   0.0195  -0.0418   0.00    1.6
2023/06/17 04:53:59.000   46.288991737    9.617415044  3218.8426   2   9   0.0371   0.0392   0.0833  -0.0194   0.0194  -0.0417   0.00    2.2
2023/06/17 04:54:00.000   46.288994893    9.617410494  3218.8847   2   9   0.0369   0.0390   0.0831  -0.0191   0.0193  -0.0416   0.00    2.4
2023/06/17 04:54:01.000   46.288995043    9.617409009  3218.9832   2   8   0.0370   0.0390   0.0829  -0.0192   0.0188  -0.0415   0.00    2.7
2023/06/17 04:54:02.000   46.288994284    9.617408827  3219.0292   2  10   0.0368   0.0388   0.0824  -0.0190   0.0190  -0.0413   0.00    2.2
2023/06/17 04:54:03.000   46.288994066    9.617409550  3218.9801   2   9   0.0368   0.0387   0.0822  -0.0189   0.0189  -0.0411   0.00    1.5
2023/06/17 04:54:04.000   46.288994269    9.617409834  3219.0009   2   9   0.0367   0.0386   0.0818  -0.0189   0.0188  -0.0409   0.00    2.1
2023/06/17 04:54:05.000   46.288994181    9.617409664  3218.9923   2  10   0.0366   0.0385   0.0815  -0.0188   0.0187  -0.0407   0.00    1.5
2023/06/17 04:54:06.000   46.288994166    9.617409692  3218.9841   2   9   0.0365   0.0383   0.0812  -0.0187   0.0186  -0.0406   0.00    2.0
2023/06/17 04:54:07.000   46.288994104    9.617409791  3218.9939   2   9   0.0364   0.0382   0.0809  -0.0187   0.0184  -0.0405   0.00    2.5
2023/06/17 04:54:08.000   46.288994969    9.617410537  3218.6672   1   9   0.0059   0.0039   0.0114  -0.0021  -0.0030   0.0021   0.00    3.1
2023/06/17 04:54:09.000   46.288994791    9.617410767  3218.6755   1   8   0.0065   0.0043   0.0120  -0.0028  -0.0016   0.0017   0.00    5.3
2023/06/17 04:54:10.000   46.288994147    9.617409857  3219.0124   2   9   0.0362   0.0379   0.0802  -0.0185   0.0184  -0.0399   0.00    2.7
2023/06/17 04:54:11.000   46.288994084    9.617409833  3219.0160   2   9   0.0361   0.0378   0.0799  -0.0184   0.0183  -0.0398   0.00    2.8
2023/06/17 04:54:12.000   46.288994023    9.617409882  3219.0154   2   9   0.0361   0.0377   0.0797  -0.0184   0.0182  -0.0396   0.00    2.9
2023/06/17 04:54:13.000   46.288993897    9.617409733  3219.0141   2  10   0.0360   0.0376   0.0792  -0.0183   0.0179  -0.0395   0.00    2.8
2023/06/17 04:54:14.000   46.288993986    9.617409554  3219.0149   2  10   0.0359   0.0375   0.0788  -0.0183   0.0178  -0.0394   0.00    2.9
2023/06/17 04:54:15.000   46.288994043    9.617409506  3219.0245   2  10   0.0359   0.0374   0.0785  -0.0182   0.0177  -0.0392   0.00    3.0
2023/06/17 04:54:16.000   46.288994712    9.617410288  3218.6596   1  10   0.0058   0.0039   0.0110  -0.0022  -0.0029   0.0028   0.00    3.0
2023/06/17 04:54:17.000   46.288994709    9.617410252  3218.6514   1   9   0.0059   0.0039   0.0114  -0.0021  -0.0030   0.0022   0.00    4.3
2023/06/17 04:54:18.000   46.288994733    9.617410291  3218.6582   1  10   0.0058   0.0039   0.0110  -0.0022  -0.0029   0.0028   0.00    3.1
2023/06/17 04:54:19.000   46.288994745    9.617410303  3218.6549   1   9   0.0059   0.0039   0.0114  -0.0021  -0.0030   0.0022   0.00    4.4
2023/06/17 04:54:20.000   46.288994853    9.617410261  3218.6420   1   9   0.0059   0.0039   0.0114  -0.0021  -0.0030   0.0022   0.00    4.4
2023/06/17 04:54:21.000   46.288996198    9.617408624  3218.6964   1   9   0.0087   0.0053   0.0127  -0.0048  -0.0040   0.0023   0.00    6.8
2023/06/17 04:54:22.000   46.288999881    9.617408216  3218.6832   1   8   0.0092   0.0058   0.0139  -0.0055  -0.0016  -0.0034   0.00    7.0
2023/06/17 04:54:23.000   46.289000269    9.617405472  3218.1011   1   5   0.0104   0.0087   0.0201  -0.0059  -0.0086  -0.0066   0.00    6.1
2023/06/17 04:54:24.000   46.288999395    9.617402670  3218.7523   5   3   0.0374   0.0884   0.1536   0.0082  -0.1018  -0.0461   0.00    0.0
2023/06/17 04:54:25.000   46.288997895    9.617390136  3220.3271   5   3   0.0385   0.4186   0.6954   0.0627  -0.5365  -0.0924   0.00    0.0
2023/06/17 04:54:26.000   46.288997137    9.617399937  3218.3593   2   7   0.0366   0.0887   0.1547  -0.0015  -0.1027  -0.0452   0.00    1.9
2023/06/17 04:54:27.000   46.288996562    9.617390444  3219.0377   2   8   0.0376   0.4042   0.6750   0.0652  -0.5193  -0.0952   0.00    0.0
2023/06/17 04:54:28.000   46.288997380    9.617388003  3217.9930   2   9   0.0360   0.1678   0.2847   0.0234  -0.2113  -0.0536   0.00    1.0
2023/06/17 04:54:29.000   46.288997773    9.617383751  3217.6143   2   9   0.0357   0.1400   0.2379   0.0158  -0.1738  -0.0485   0.00    1.1
2023/06/17 04:54:30.000   46.288996726    9.617377243  3217.5556   2   9   0.0355   0.1343   0.2286   0.0138  -0.1662  -0.0472   0.00    1.5
2023/06/17 04:54:31.000   46.288997359    9.617374130  3217.5979   2   9   0.0356   0.1337   0.2287   0.0143  -0.1659  -0.0474   0.00    1.9
2023/06/17 04:54:32.000   46.288994384    9.617379850  3216.6060   1  10   0.0059   0.0053   0.0149  -0.0008  -0.0068   0.0007   0.00    3.6
2023/06/17 04:54:33.000   46.288995629    9.617376800  3216.2749   1   9   0.0059   0.0053   0.0149  -0.0007  -0.0068   0.0007   0.00    4.5
2023/06/17 04:54:34.000   46.288996374    9.617373963  3216.0690   1   9   0.0059   0.0072   0.0174   0.0020  -0.0095  -0.0028   0.00    4.5
2023/06/17 04:54:35.000   46.288996823    9.617371005  3215.8372   1   9   0.0059   0.0071   0.0174   0.0021  -0.0095  -0.0028   0.00    6.5
2023/06/17 04:54:36.000   46.288997831    9.617368173  3215.8061   1   9   0.0059   0.0071   0.0174   0.0021  -0.0095  -0.0028   0.00    7.9
2023/06/17 04:54:37.000   46.289000604    9.617364107  3215.4704   1   8   0.0072   0.0220   0.0421   0.0096  -0.0298  -0.0130   0.00   11.2
2023/06/17 04:54:38.000   46.289002233    9.617361575  3215.3558   1   8   0.0072   0.0220   0.0421   0.0096  -0.0298  -0.0130   0.00   12.8
2023/06/17 04:54:39.000   46.289002828    9.617360336  3214.9894   1   8   0.0072   0.0220   0.0422   0.0096  -0.0299  -0.0130   0.00   14.2
2023/06/17 04:54:40.000   46.289002682    9.617359242  3214.6989   1   8   0.0091   0.0239   0.0457   0.0120  -0.0325  -0.0164   0.00   21.5
2023/06/17 04:54:41.000   46.289002379    9.617358744  3214.5808   1   8   0.0072   0.0221   0.0422   0.0096  -0.0299  -0.0130   0.00   15.5
2023/06/17 04:54:42.000   46.289002665    9.617360196  3214.3623   1   7   0.0072   0.0221   0.0422   0.0096  -0.0299  -0.0130   0.00   10.2
2023/06/17 04:54:43.000   46.289002885    9.617360192  3214.3805   1   8   0.0072   0.0221   0.0422   0.0096  -0.0299  -0.0130   0.00   15.5
2023/06/17 04:54:44.000   46.289003013    9.617360098  3214.3939   1   8   0.0072   0.0221   0.0422   0.0096  -0.0299  -0.0130   0.00   15.3
2023/06/17 04:54:45.000   46.289002884    9.617360205  3214.4061   1   8   0.0072   0.0221   0.0422   0.0096  -0.0299  -0.0130   0.00   14.4
2023/06/17 04:54:46.000   46.289002750    9.617360112  3214.3239   1   7   0.0072   0.0221   0.0422   0.0096  -0.0299  -0.0130   0.00    8.5
2023/06/17 04:54:47.000   46.289002642    9.617359853  3214.2860   1   8   0.0072   0.0221   0.0422   0.0096  -0.0299  -0.0130   0.00   14.2
2023/06/17 04:54:48.000   46.289002952    9.617359973  3214.2705   1   8   0.0072   0.0221   0.0422   0.0096  -0.0299  -0.0130   0.00   14.0
2023/06/17 04:54:49.000   46.289002556    9.617359947  3214.2909   1   8   0.0072   0.0221   0.0422   0.0096  -0.0299  -0.0130   0.00   13.9
2023/06/17 04:54:50.000   46.289002591    9.617359725  3214.3696   1   7   0.0072   0.0221   0.0422   0.0096  -0.0299  -0.0130   0.00    7.5
2023/06/17 04:54:51.000   46.289002981    9.617359885  3214.3507   1   7   0.0072   0.0221   0.0423   0.0096  -0.0299  -0.0130   0.00    7.2
2023/06/17 04:54:52.000   46.289002940    9.617359852  3214.3174   1   8   0.0072   0.0221   0.0422   0.0096  -0.0299  -0.0130   0.00   11.8
2023/06/17 04:54:53.000   46.289002999    9.617359802  3214.3383   1   8   0.0072   0.0221   0.0422   0.0096  -0.0299  -0.0130   0.00   11.5
2023/06/17 04:54:54.000   46.289002842    9.617359681  3214.3573   1   8   0.0072   0.0221   0.0422   0.0096  -0.0299  -0.0130   0.00   11.3
2023/06/17 04:54:55.000   46.289002989    9.617359790  3214.3336   1   8   0.0072   0.0221   0.0423   0.0096  -0.0299  -0.0130   0.00   11.0
2023/06/17 04:54:56.000   46.289002806    9.617359923  3214.3038   1   8   0.0072   0.0221   0.0423   0.0096  -0.0299  -0.0130   0.00   10.9
2023/06/17 04:54:57.000   46.289002815    9.617359837  3214.2816   1   8   0.0073   0.0227   0.0429   0.0098  -0.0305  -0.0132   0.00   10.6
2023/06/17 04:54:58.000   46.289002851    9.617359804  3214.2790   1   8   0.0073   0.0227   0.0429   0.0098  -0.0305  -0.0132   0.00   10.5
2023/06/17 04:54:59.000   46.289002696    9.617359689  3214.2984   1   8   0.0073   0.0227   0.0429   0.0098  -0.0305  -0.0132   0.00   10.5
2023/06/17 04:55:00.000   46.289002807    9.617359700  3214.2933   1   8   0.0072   0.0221   0.0423   0.0096  -0.0299  -0.0130   0.00   10.4
2023/06/17 04:55:01.000   46.289002748    9.617359752  3214.2884   1   8   0.0072   0.0221   0.0423   0.0096  -0.0299  -0.0130   0.00   10.1
2023/06/17 04:55:02.000   46.289002734    9.617359763  3214.2904   1   8   0.0073   0.0227   0.0429   0.0097  -0.0305  -0.0132   0.00    9.9
2023/06/17 04:55:03.000   46.289002747    9.617359765  3214.2911   1   8   0.0073   0.0227   0.0429   0.0097  -0.0306  -0.0132   0.00    9.9
2023/06/17 04:55:04.000   46.289002739    9.617359705  3214.2887   1   8   0.0072   0.0221   0.0423   0.0096  -0.0299  -0.0130   0.00    9.9
2023/06/17 04:55:05.000   46.289002737    9.617359789  3214.2809   1   8   0.0072   0.0221   0.0423   0.0096  -0.0299  -0.0130   0.00    9.8
2023/06/17 04:55:06.000   46.289002714    9.617359726  3214.2932   1   8   0.0072   0.0221   0.0423   0.0096  -0.0299  -0.0130   0.00    9.8
2023/06/17 04:55:07.000   46.289002642    9.617359772  3214.2853   1   8   0.0072   0.0221   0.0423   0.0096  -0.0299  -0.0130   0.00    9.5
2023/06/17 04:55:08.000   46.289002675    9.617359815  3214.2821   1   8   0.0073   0.0227   0.0429   0.0097  -0.0306  -0.0132   0.00    9.4
2023/06/17 04:55:09.000   46.289002630    9.617359774  3214.2904   1   8   0.0073   0.0227   0.0429   0.0097  -0.0306  -0.0132   0.00    9.3
2023/06/17 04:55:10.000   46.289002680    9.617359981  3214.2655   1   8   0.0073   0.0227   0.0429   0.0097  -0.0306  -0.0132   0.00    9.3
2023/06/17 04:55:11.000   46.289002653    9.617359730  3214.2998   1   8   0.0073   0.0227   0.0430   0.0097  -0.0306  -0.0132   0.00    9.2
2023/06/17 04:55:12.000   46.289002642    9.617359770  3214.2958   1   8   0.0073   0.0227   0.0430   0.0097  -0.0306  -0.0132   0.00    9.2
2023/06/17 04:55:13.000   46.289002658    9.617359785  3214.2889   1   8   0.0073   0.0227   0.0430   0.0097  -0.0306  -0.0132   0.00    9.1
2023/06/17 04:55:14.000   46.289002688    9.617359826  3214.2897   1   8   0.0073   0.0227   0.0430   0.0097  -0.0306  -0.0132   0.00    9.2
2023/06/17 04:55:15.000   46.289002681    9.617359804  3214.2924   1   8   0.0073   0.0227   0.0430   0.0097  -0.0306  -0.0132   0.00    9.1
2023/06/17 04:55:16.000   46.289002695    9.617359771  3214.2922   1   8   0.0073   0.0227   0.0430   0.0097  -0.0306  -0.0132   0.00    9.1
2023/06/17 04:55:17.000   46.289002696    9.617359716  3214.3024   1   8   0.0073   0.0227   0.0430   0.0097  -0.0306  -0.0132   0.00    9.1
2023/06/17 04:55:18.000   46.289002684    9.617359823  3214.2891   1   8   0.0073   0.0227   0.0430   0.0097  -0.0306  -0.0132   0.00    9.1
2023/06/17 04:55:19.000   46.289002667    9.617359748  3214.2963   1   8   0.0073   0.0227   0.0430   0.0097  -0.0306  -0.0132   0.00    9.0
2023/06/17 04:55:20.000   46.289002672    9.617359808  3214.2904   1   8   0.0073   0.0227   0.0430   0.0097  -0.0306  -0.0132   0.00    9.0
2023/06/17 04:55:21.000   46.289002696    9.617359791  3214.2929   1   8   0.0073   0.0227   0.0430   0.0097  -0.0306  -0.0132   0.00    9.0
2023/06/17 04:55:22.000   46.289002681    9.617359810  3214.2858   1   8   0.0073   0.0227   0.0430   0.0097  -0.0306  -0.0132   0.00    9.1
2023/06/17 04:55:23.000   46.289002649    9.617359649  3214.3130   1   8   0.0073   0.0227   0.0430   0.0097  -0.0306  -0.0132   0.00    9.1
2023/06/17 04:55:24.000   46.289003040    9.617359992  3214.3538   1   8   0.0072   0.0220   0.0424   0.0096  -0.0299  -0.0130   0.00    9.1
2023/06/17 04:55:25.000   46.289003053    9.617359585  3214.3974   1   8   0.0072   0.0220   0.0424   0.0096  -0.0300  -0.0130   0.00    9.0
2023/06/17 04:55:26.000   46.289003778    9.617360147  3214.9083   1   8   0.0072   0.0220   0.0424   0.0096  -0.0300  -0.0130   0.00    9.1
2023/06/17 04:55:27.000   46.289002152    9.617362877  3214.9837   1   8   0.0072   0.0220   0.0424   0.0096  -0.0300  -0.0130   0.00    9.0
2023/06/17 04:55:28.000   46.289003950    9.617363539  3215.1016   1   7   0.0073   0.0221   0.0434   0.0095  -0.0302  -0.0128   0.00    6.5
2023/06/17 04:55:29.000   46.289004252    9.617363478  3215.1168   1   8   0.0072   0.0222   0.0424   0.0095  -0.0300  -0.0130   0.00    8.5
2023/06/17 04:55:30.000   46.289004178    9.617363126  3215.1280   1   8   0.0072   0.0222   0.0424   0.0095  -0.0300  -0.0130   0.00    8.6
2023/06/17 04:55:31.000   46.289003981    9.617361495  3215.0329   1   7   0.0072   0.0221   0.0425   0.0095  -0.0299  -0.0130   0.00    7.5
2023/06/17 04:55:32.000   46.289003503    9.617359916  3214.7398   1   8   0.0072   0.0220   0.0424   0.0095  -0.0300  -0.0130   0.00    9.1
2023/06/17 04:55:33.000   46.289003622    9.617360024  3214.6994   1   8   0.0072   0.0220   0.0424   0.0095  -0.0300  -0.0130   0.00    9.0
2023/06/17 04:55:34.000   46.289003606    9.617360093  3214.6621   1   8   0.0072   0.0220   0.0424   0.0095  -0.0300  -0.0130   0.00    9.0
2023/06/17 04:55:35.000   46.289003616    9.617360151  3214.6407   1   8   0.0072   0.0220   0.0424   0.0095  -0.0300  -0.0130   0.00    8.9
2023/06/17 04:55:36.000   46.289003453    9.617360103  3214.5873   1   8   0.0072   0.0220   0.0424   0.0095  -0.0300  -0.0130   0.00    8.9
2023/06/17 04:55:37.000   46.289002966    9.617359988  3214.2875   1   8   0.0072   0.0220   0.0424   0.0095  -0.0300  -0.0130   0.00    8.8
2023/06/17 04:55:38.000   46.289002889    9.617359742  3214.2782   1   8   0.0072   0.0220   0.0425   0.0095  -0.0300  -0.0130   0.00    8.8
2023/06/17 04:55:39.000   46.289002842    9.617359722  3214.2727   1   8   0.0072   0.0220   0.0425   0.0095  -0.0300  -0.0130   0.00    8.7
2023/06/17 04:55:40.000   46.289002868    9.617359798  3214.2633   1   8   0.0072   0.0220   0.0425   0.0095  -0.0300  -0.0130   0.00    8.6
2023/06/17 04:55:41.000   46.289002791    9.617359652  3214.2845   1   8   0.0072   0.0220   0.0425   0.0095  -0.0300  -0.0130   0.00    8.5
2023/06/17 04:55:42.000   46.289002807    9.617359744  3214.2685   1   8   0.0072   0.0220   0.0425   0.0095  -0.0300  -0.0130   0.00    8.5
2023/06/17 04:55:43.000   46.289002772    9.617359670  3214.2819   1   8   0.0072   0.0220   0.0425   0.0095  -0.0300  -0.0130   0.00    8.4
2023/06/17 04:55:44.000   46.289002750    9.617359666  3214.2849   1   8   0.0072   0.0220   0.0425   0.0095  -0.0300  -0.0130   0.00    8.4
2023/06/17 04:55:45.000   46.289002813    9.617359637  3214.2936   1   8   0.0072   0.0220   0.0425   0.0095  -0.0300  -0.0130   0.00    8.4
2023/06/17 04:55:46.000   46.289002805    9.617359771  3214.2720   1   8   0.0072   0.0220   0.0425   0.0095  -0.0300  -0.0130   0.00    8.3
2023/06/17 04:55:47.000   46.289002954    9.617359764  3214.2833   1   8   0.0072   0.0220   0.0425   0.0095  -0.0300  -0.0130   0.00    8.3
2023/06/17 04:55:48.000   46.289002845    9.617359792  3214.2712   1   8   0.0072   0.0220   0.0425   0.0095  -0.0300  -0.0130   0.00    8.2
2023/06/17 04:55:49.000   46.289002821    9.617359747  3214.2765   1   8   0.0072   0.0220   0.0425   0.0095  -0.0300  -0.0130   0.00    8.2
2023/06/17 04:55:50.000   46.289002804    9.617359761  3214.2737   1   8   0.0072   0.0220   0.0425   0.0095  -0.0300  -0.0130   0.00    8.1
2023/06/17 04:55:51.000   46.289002809    9.617359732  3214.2787   1   8   0.0072   0.0220   0.0425   0.0095  -0.0300  -0.0130   0.00    8.0
2023/06/17 04:55:52.000   46.289002795    9.617359751  3214.2722   1   8   0.0072   0.0220   0.0425   0.0095  -0.0300  -0.0130   0.00    8.0
2023/06/17 04:55:53.000   46.289002816    9.617359529  3214.3060   1   8   0.0073   0.0252   0.0496   0.0089  -0.0348  -0.0120   0.00    9.1
2023/06/17 04:55:54.000   46.289002787    9.617359770  3214.2673   1   8   0.0072   0.0220   0.0425   0.0095  -0.0300  -0.0129   0.00    7.9
2023/06/17 04:55:55.000   46.289002789    9.617359769  3214.2716   1   8   0.0072   0.0220   0.0425   0.0095  -0.0300  -0.0129   0.00    7.9
2023/06/17 04:55:56.000   46.289002791    9.617359797  3214.2688   1   8   0.0072   0.0220   0.0425   0.0095  -0.0300  -0.0129   0.00    7.9
2023/06/17 04:55:57.000   46.289002760    9.617359750  3214.2725   1   8   0.0072   0.0220   0.0425   0.0095  -0.0300  -0.0129   0.00    7.9
2023/06/17 04:55:58.000   46.289002765    9.617359886  3214.2569   1   8   0.0072   0.0220   0.0425   0.0095  -0.0300  -0.0129   0.00    7.9
2023/06/17 04:55:59.000   46.289002771    9.617359784  3214.2677   1   8   0.0072   0.0220   0.0425   0.0095  -0.0300  -0.0129   0.00    7.9
2023/06/17 04:56:00.000   46.289002732    9.617359675  3214.2870   1   8   0.0072   0.0220   0.0425   0.0095  -0.0300  -0.0129   0.00    7.8
2023/06/17 04:56:01.000   46.289002724    9.617359741  3214.2766   1   8   0.0072   0.0220   0.0425   0.0095  -0.0300  -0.0129   0.00    7.8
2023/06/17 04:56:02.000   46.289002755    9.617359805  3214.2679   1   8   0.0072   0.0220   0.0425   0.0095  -0.0300  -0.0129   0.00    7.8
2023/06/17 04:56:03.000   46.289002747    9.617359780  3214.2720   1   8   0.0072   0.0220   0.0425   0.0095  -0.0300  -0.0129   0.00    7.8
2023/06/17 04:56:04.000   46.289002739    9.617359731  3214.2791   1   8   0.0072   0.0220   0.0425   0.0095  -0.0300  -0.0129   0.00    7.7
2023/06/17 04:56:05.000   46.289002765    9.617359845  3214.2610   1   8   0.0072   0.0220   0.0425   0.0095  -0.0300  -0.0129   0.00    7.7
2023/06/17 04:56:06.000   46.289003283    9.617358990  3214.4774   1   8   0.0072   0.0220   0.0425   0.0095  -0.0300  -0.0129   0.00    7.7
2023/06/17 04:56:07.000   46.289003625    9.617360318  3214.9946   1   8   0.0072   0.0220   0.0425   0.0095  -0.0300  -0.0129   0.00    7.8
2023/06/17 04:56:08.000   46.289003320    9.617362051  3215.0288   1   8   0.0072   0.0220   0.0425   0.0095  -0.0300  -0.0129   0.00    7.8
2023/06/17 04:56:09.000   46.289004312    9.617363670  3214.9964   1   7   0.0072   0.0220   0.0426   0.0095  -0.0299  -0.0129   0.00    6.6
2023/06/17 04:56:10.000   46.289004239    9.617363378  3215.0252   1   7   0.0072   0.0220   0.0426   0.0095  -0.0299  -0.0129   0.00    6.6
2023/06/17 04:56:11.000   46.289003659    9.617362441  3214.9482   1   8   0.0072   0.0220   0.0425   0.0095  -0.0300  -0.0129   0.00    7.9
2023/06/17 04:56:12.000   46.289003437    9.617362325  3214.9434   1   8   0.0072   0.0220   0.0425   0.0095  -0.0300  -0.0129   0.00   15.9
2023/06/17 04:56:13.000   46.289003423    9.617362237  3214.9507   1   8   0.0072   0.0220   0.0425   0.0095  -0.0300  -0.0129   0.00   22.2
2023/06/17 04:56:14.000   46.289003446    9.617362209  3214.9525   1   8   0.0072   0.0220   0.0425   0.0095  -0.0300  -0.0129   0.00   28.8
2023/06/17 04:56:15.000   46.289002906    9.617361801  3214.9349   1   8   0.0072   0.0220   0.0425   0.0095  -0.0300  -0.0129   0.00   35.4
2023/06/17 04:56:16.000   46.289002993    9.617361043  3214.9981   1   8   0.0072   0.0220   0.0426   0.0095  -0.0300  -0.0129   0.00   38.4
2023/06/17 04:56:17.000   46.289003889    9.617360829  3215.3904   1   8   0.0072   0.0220   0.0426   0.0095  -0.0300  -0.0129   0.00   41.7
2023/06/17 04:56:18.000   46.289006325    9.617362593  3215.4746   1   8   0.0072   0.0220   0.0426   0.0095  -0.0300  -0.0129   0.00   44.2
2023/06/17 04:56:19.000   46.289006465    9.617367322  3215.5461   1   8   0.0073   0.0316   0.0587   0.0092  -0.0426  -0.0124   0.00   64.5
2023/06/17 04:56:20.000   46.289005966    9.617370204  3215.4306   1   7   0.0073   0.0251   0.0494   0.0088  -0.0346  -0.0119   0.00  142.6
2023/06/17 04:56:20.993   46.289004317    9.617371914  3215.3940   5   2   0.0087   0.0284   0.0600   0.0118  -0.0397  -0.0171   0.00  142.6
2023/06/17 04:56:22.000   46.289003156    9.617374424  3215.3259   1   5   0.0209   0.0485   0.1324   0.0303  -0.0790  -0.0499   0.00  247.5
2023/06/17 04:56:23.000   46.289004286    9.617374530  3215.1827   1   5   0.0130   0.0346   0.0929   0.0191  -0.0555  -0.0316   0.00  244.3
2023/06/17 04:56:24.000   46.289001654    9.617376218  3215.3669   1   5   0.0113   0.0305   0.0790   0.0161  -0.0478  -0.0261   0.00  249.3
2023/06/17 04:56:25.000   46.288998640    9.617380895  3215.2012   1   6   0.0109   0.0287   0.0707   0.0152  -0.0439  -0.0242   0.00   64.5
2023/06/17 04:56:26.000   46.288999297    9.617384688  3214.4608   1   5   0.0226   0.0769   0.2156   0.0394  -0.1279  -0.0669   0.00   79.6
2023/06/17 04:56:27.000   46.288999150    9.617384059  3214.6157   1   5   0.0206   0.0660   0.1794   0.0334  -0.1077  -0.0553   0.00   85.9
2023/06/17 04:56:28.000   46.288995795    9.617380436  3215.6982   2   4   0.1232   0.1241   0.7328   0.1151  -0.2902  -0.2988   0.00    0.0
2023/06/17 04:56:29.000   46.288985033    9.617370467  3221.4367   2   5   0.3251   0.3077   1.9497   0.3130  -0.7700  -0.7955   0.00    0.0
2023/06/17 04:56:30.000   46.288992315    9.617386093  3216.9905   2   4   0.1451   0.1398   0.8551   0.1349  -0.3356  -0.3508   0.00    0.0
2023/06/17 04:56:31.000   46.288993482    9.617390505  3217.0249   2   4   0.1203   0.1190   0.7094   0.1106  -0.2785  -0.2904   0.00    0.0
2023/06/17 04:56:32.000   46.288995026    9.617395386  3217.6492   2   8   0.0219   0.0773   0.2140   0.0394  -0.1281  -0.0657   0.00    1.1
2023/06/17 04:56:33.000   46.288997148    9.617398455  3217.8842   2   8   0.0166   0.0583   0.1586   0.0293  -0.0955  -0.0485   0.00    1.2
2023/06/17 04:56:34.000   46.288997922    9.617400819  3217.9465   2  10   0.0156   0.0644   0.1606   0.0286  -0.1006  -0.0464   0.00    1.1
2023/06/17 04:56:35.000   46.288998861    9.617402908  3218.2539   2   4   0.2011   0.1908   0.5893  -0.1879   0.3024  -0.3395   0.00    0.0
2023/06/17 04:56:35.993   46.288997974    9.617403583  3219.0911   5   2   0.4903   0.4155   0.6229   0.2878  -0.4678   0.1984   0.00    0.0
2023/06/17 04:56:36.993   46.288996018    9.617401887  3220.2277   5   2   2.0005   1.8376   2.0438   0.9486  -1.5243   0.8831   0.00    0.0
2023/06/17 04:56:37.993   46.288992712    9.617398172  3221.7487   5   2   4.8318   4.5552   4.8008   1.9462  -3.1134   1.8790   0.00    0.0
2023/06/17 04:56:41.000   46.288965280    9.617379433  3228.3417   5   2  14.3817  21.9331  22.6731  12.9562  -9.4660  -7.2174   0.00    0.0
2023/06/17 04:56:42.993   46.289019368    9.617403809  3222.2182   2   4   3.0950   4.4893   5.9615  -3.1997   4.0397  -3.8919   0.00    0.0
2023/06/17 04:56:44.000   46.289014980    9.617391791  3216.6825   2   7   1.5956   1.6518   3.5799  -1.4503   2.2489  -2.0181   0.00    0.0
2023/06/17 04:56:45.000   46.289017567    9.617386116  3216.4007   2   7   1.2325   1.2537   2.7430  -1.1510   1.7266  -1.6252   0.00    0.0
2023/06/17 04:56:46.000   46.289040116    9.617368960  3212.5194   2   7   0.7964   0.8313   1.7794  -0.7216   1.0802  -0.9628   0.00    0.0
2023/06/17 04:56:47.000   46.289040819    9.617373568  3212.7037   2   7   0.6409   0.6804   1.4397  -0.5738   0.8614  -0.7433   0.00    0.0
2023/06/17 04:56:48.000   46.289038243    9.617379013  3212.7891   2   7   0.5519   0.5921   1.2443  -0.4907   0.7383  -0.6238   0.00    0.0
2023/06/17 04:56:49.000   46.289036675    9.617381386  3212.8726   2   7   0.5005   0.5319   1.1152  -0.4368   0.6561  -0.5402   0.00    0.0
2023/06/17 04:56:50.000   46.289036230    9.617382884  3213.1074   2   7   0.4547   0.4870   1.0179  -0.3962   0.5966  -0.4861   0.00    0.0
2023/06/17 04:56:51.000   46.289035456    9.617384207  3213.2813   2   7   0.4194   0.4519   0.9423  -0.3650   0.5508  -0.4451   0.00    0.0
2023/06/17 04:56:52.000   46.289034470    9.617384933  3213.3774   2   7   0.3961   0.4236   0.8834  -0.3408   0.5139  -0.4086   0.00    0.0
2023/06/17 04:56:53.000   46.289033550    9.617385768  3213.4766   2   7   0.3763   0.4000   0.8347  -0.3206   0.4835  -0.3788   0.00    0.0
2023/06/17 04:56:54.000   46.289032693    9.617386717  3213.6185   2   7   0.3607   0.3825   0.7960  -0.3011   0.4610  -0.3509   0.00    0.0
2023/06/17 04:56:55.000   46.289031656    9.617387290  3213.6797   2   7   0.3457   0.3647   0.7601  -0.2866   0.4387  -0.3300   0.00    0.0
2023/06/17 04:56:56.000   46.289030911    9.617389930  3213.8465   2   7   0.3296   0.3512   0.7291  -0.2711   0.4219  -0.3124   0.00    0.0
2023/06/17 04:56:57.000   46.289033278    9.617390497  3213.9434   2   6   0.3309   0.3471   0.7251  -0.2646   0.4223  -0.3058   0.00    0.0
2023/06/17 04:56:58.000   46.289031551    9.617390713  3214.2256   2   7   0.3212   0.3354   0.6991  -0.2524   0.4069  -0.2875   0.00    0.0
2023/06/17 04:56:59.000   46.289031430    9.617393397  3214.4245   2   7   0.3128   0.3254   0.6771  -0.2410   0.3942  -0.2704   0.00    0.0
2023/06/17 04:57:00.000   46.289030346    9.617393737  3214.5741   2   6   0.3056   0.3167   0.6578  -0.2303   0.3831  -0.2541   0.00    0.0
2023/06/17 04:57:01.000   46.289031067    9.617395877  3214.9715   2   7   0.2971   0.3062   0.6370  -0.2235   0.3697  -0.2437   0.00    0.0
2023/06/17 04:57:02.000   46.289030812    9.617396140  3215.1171   2   7   0.2885   0.2963   0.6171  -0.2180   0.3569  -0.2358   0.00    0.0
2023/06/17 04:57:03.000   46.289030532    9.617397468  3215.3199   2   6   0.2825   0.2884   0.6013  -0.2109   0.3472  -0.2245   0.00    0.0
2023/06/17 04:57:04.000   46.289030711    9.617397843  3215.2462   2   7   0.2775   0.2821   0.5877  -0.2032   0.3395  -0.2128   0.00    0.0
2023/06/17 04:57:05.000   46.289034145    9.617403730  3215.6501   2   6   0.2728   0.2764   0.5753  -0.1959   0.3326  -0.2015   0.00    0.0
2023/06/17 04:57:06.000   46.289035385    9.617409600  3216.2619   2   6   0.2665   0.2622   0.5532  -0.1752   0.3142  -0.1643   0.00    0.0
2023/06/17 04:57:07.000   46.289036641    9.617416589  3217.0089   2   8   0.2518   0.2299   0.5063  -0.1453   0.2693  -0.1068   0.00    0.0
2023/06/17 04:57:08.000   46.289038709    9.617419792  3217.8316   2  10   0.2418   0.2071   0.4722  -0.1253   0.2369  -0.0535   0.00    0.0
2023/06/17 04:57:09.000   46.289040989    9.617419871  3218.6123   2  11   0.2304   0.1836   0.4304  -0.1110   0.1982   0.0458   0.00    1.4
2023/06/17 04:57:10.000   46.289042775    9.617417511  3219.1514   2  11   0.2213   0.1676   0.4020  -0.1010   0.1715   0.0694   0.00    1.8
2023/06/17 04:57:11.000   46.289044508    9.617414367  3219.4372   2  11   0.2165   0.1555   0.3802  -0.0932   0.1507   0.0804   0.00    1.3
2023/06/17 04:57:12.000   46.289046279    9.617411621  3219.4183   2  11   0.2123   0.1461   0.3629  -0.0870   0.1344   0.0863   0.00    1.6
2023/06/17 04:57:13.000   46.289048892    9.617408958  3219.1978   2  11   0.2057   0.1384   0.3487  -0.0819   0.1209   0.0900   0.00    2.0
2023/06/17 04:57:14.000   46.289049973    9.617404290  3219.0381   2  11   0.1997   0.1320   0.3365  -0.0778   0.1096   0.0919   0.00    2.2
2023/06/17 04:57:15.000   46.289037057    9.617400256  3219.5307   1  11   0.0066   0.0049   0.0130  -0.0015  -0.0046   0.0049   0.00    3.1
2023/06/17 04:57:16.000   46.289036436    9.617396713  3219.7331   1   9   0.0065   0.0061   0.0156  -0.0023  -0.0076   0.0050   0.00    3.8
2023/06/17 04:57:17.000   46.289033332    9.617398135  3219.9364   1  11   0.0066   0.0038   0.0120  -0.0017  -0.0026   0.0049   0.00    3.3
2023/06/17 04:57:18.000   46.289032577    9.617397792  3220.0661   1  11   0.0066   0.0038   0.0119  -0.0017  -0.0026   0.0049   0.00    3.5
2023/06/17 04:57:19.000   46.289032596    9.617397140  3220.0913   1  11   0.0066   0.0038   0.0119  -0.0017  -0.0026   0.0049   0.00    3.8
2023/06/17 04:57:20.000   46.289032739    9.617397041  3220.1020   1  11   0.0066   0.0038   0.0119  -0.0017  -0.0026   0.0049   0.00    4.1
2023/06/17 04:57:21.000   46.289032671    9.617397300  3220.1047   1  11   0.0066   0.0038   0.0119  -0.0017  -0.0026   0.0049   0.00    4.3
2023/06/17 04:57:22.000   46.289032588    9.617397283  3220.1031   1  11   0.0066   0.0038   0.0119  -0.0017  -0.0026   0.0049   0.00    4.4
2023/06/17 04:57:23.000   46.289032561    9.617397261  3220.0979   1  11   0.0066   0.0038   0.0119  -0.0017  -0.0025   0.0049   0.00    4.6
2023/06/17 04:57:24.000   46.289032558    9.617397268  3220.1024   1  11   0.0066   0.0038   0.0119  -0.0017  -0.0025   0.0049   0.00    4.7
2023/06/17 04:57:25.000   46.289032571    9.617397284  3220.1043   1  11   0.0066   0.0038   0.0119  -0.0017  -0.0025   0.0049   0.00    4.9
2023/06/17 04:57:26.000   46.289032554    9.617397284  3220.1031   1  11   0.0066   0.0038   0.0119  -0.0017  -0.0025   0.0049   0.00    5.0
2023/06/17 04:57:27.000   46.289032585    9.617397247  3220.1065   1  11   0.0066   0.0038   0.0119  -0.0017  -0.0025   0.0049   0.00    5.1
2023/06/17 04:57:28.000   46.289032578    9.617397252  3220.1034   1  11   0.0066   0.0038   0.0119  -0.0017  -0.0025   0.0049   0.00    5.2
2023/06/17 04:57:29.000   46.289032578    9.617397245  3220.0994   1  11   0.0066   0.0038   0.0119  -0.0017  -0.0025   0.0049   0.00    5.3
2023/06/17 04:57:30.000   46.289032591    9.617397247  3220.1012   1  11   0.0066   0.0038   0.0119  -0.0017  -0.0025   0.0049   0.00    5.4
2023/06/17 04:57:31.000   46.289032580    9.617397207  3220.0976   1  11   0.0066   0.0038   0.0119  -0.0017  -0.0025   0.0049   0.00    5.4
2023/06/17 04:57:32.000   46.289032614    9.617397218  3220.1038   1  11   0.0066   0.0038   0.0119  -0.0017  -0.0025   0.0049   0.00    5.5
2023/06/17 04:57:33.000   46.289032608    9.617397181  3220.1034   1  11   0.0066   0.0038   0.0119  -0.0017  -0.0025   0.0049   0.00    5.6
2023/06/17 04:57:34.000   46.289032647    9.617397206  3220.1003   1  11   0.0066   0.0038   0.0119  -0.0017  -0.0025   0.0049   0.00    5.7
2023/06/17 04:57:35.000   46.289032642    9.617397166  3220.1052   1  11   0.0066   0.0038   0.0119  -0.0017  -0.0025   0.0049   0.00    5.8
2023/06/17 04:57:36.000   46.289032626    9.617397189  3220.0987   1  11   0.0066   0.0038   0.0119  -0.0017  -0.0025   0.0049   0.00    5.9
2023/06/17 04:57:37.000   46.289032622    9.617397179  3220.1000   1  11   0.0066   0.0038   0.0119  -0.0017  -0.0025   0.0049   0.00    6.0
2023/06/17 04:57:38.000   46.289032640    9.617397162  3220.1038   1  11   0.0066   0.0038   0.0119  -0.0017  -0.0025   0.0049   0.00    6.1
2023/06/17 04:57:39.000   46.289032643    9.617397133  3220.1027   1  11   0.0066   0.0038   0.0119  -0.0017  -0.0025   0.0049   0.00    6.2
2023/06/17 04:57:40.000   46.289032643    9.617397183  3220.1045   1  11   0.0066   0.0038   0.0119  -0.0017  -0.0025   0.0050   0.00    6.3
2023/06/17 04:57:41.000   46.289032618    9.617397164  3220.0980   1  11   0.0066   0.0038   0.0119  -0.0017  -0.0025   0.0050   0.00    6.4
2023/06/17 04:57:42.000   46.289032619    9.617397189  3220.0977   1  11   0.0066   0.0038   0.0119  -0.0017  -0.0025   0.0050   0.00    6.5
2023/06/17 04:57:43.000   46.289032615    9.617397188  3220.0997   1  11   0.0066   0.0038   0.0119  -0.0017  -0.0025   0.0050   0.00    6.5
2023/06/17 04:57:44.000   46.289032593    9.617397206  3220.0929   1  11   0.0066   0.0038   0.0119  -0.0017  -0.0025   0.0050   0.00    6.6
2023/06/17 04:57:45.000   46.289032573    9.617397219  3220.0966   1  11   0.0066   0.0038   0.0119  -0.0017  -0.0025   0.0050   0.00    6.7
2023/06/17 04:57:46.000   46.289032597    9.617397197  3220.0986   1  11   0.0066   0.0038   0.0119  -0.0017  -0.0025   0.0050   0.00    6.7
2023/06/17 04:57:47.000   46.289032624    9.617397205  3220.1048   1  11   0.0066   0.0038   0.0119  -0.0017  -0.0025   0.0050   0.00    6.8
2023/06/17 04:57:48.000   46.289032610    9.617397169  3220.1046   1  11   0.0066   0.0038   0.0119  -0.0017  -0.0025   0.0050   0.00    6.9
2023/06/17 04:57:49.000   46.289032598    9.617397202  3220.1015   1  11   0.0066   0.0038   0.0119  -0.0017  -0.0025   0.0050   0.00    7.0
2023/06/17 04:57:50.000   46.289032594    9.617397198  3220.1009   1  11   0.0066   0.0038   0.0119  -0.0017  -0.0025   0.0050   0.00    7.0
2023/06/17 04:57:51.000   46.289032595    9.617397181  3220.0976   1  11   0.0066   0.0038   0.0119  -0.0017  -0.0025   0.0050   0.00    7.1
2023/06/17 04:57:52.000   46.289032619    9.617397205  3220.1006   1  11   0.0066   0.0038   0.0119  -0.0017  -0.0025   0.0050   0.00    7.2
2023/06/17 04:57:53.000   46.289032622    9.617397199  3220.0981   1  11   0.0066   0.0038   0.0119  -0.0017  -0.0025   0.0050   0.00    7.2
2023/06/17 04:57:54.000   46.289032628    9.617397197  3220.1039   1  11   0.0066   0.0038   0.0119  -0.0017  -0.0025   0.0050   0.00    7.3
2023/06/17 04:57:55.000   46.289032485    9.617397401  3220.0911   1  11   0.0066   0.0038   0.0119  -0.0017  -0.0025   0.0050   0.00    7.3
2023/06/17 04:57:56.000   46.289033524    9.617397838  3220.0632   1  11   0.0066   0.0038   0.0119  -0.0017  -0.0025   0.0050   0.00    7.4
2023/06/17 04:57:57.000   46.289033819    9.617399530  3220.0959   1  11   0.0066   0.0038   0.0119  -0.0017  -0.0025   0.0050   0.00    7.5
2023/06/17 04:57:58.000   46.289034465    9.617399492  3220.1305   1  11   0.0066   0.0038   0.0119  -0.0017  -0.0025   0.0050   0.00    7.6
2023/06/17 04:57:59.000   46.289034601    9.617399226  3220.1170   1  11   0.0066   0.0038   0.0119  -0.0017  -0.0025   0.0050   0.00    7.7
2023/06/17 04:58:00.000   46.289034011    9.617399116  3220.0782   1  11   0.0066   0.0038   0.0119  -0.0017  -0.0025   0.0050   0.00    7.7
2023/06/17 04:58:01.000   46.289033138    9.617399176  3219.9984   1  11   0.0066   0.0038   0.0119  -0.0017  -0.0025   0.0050   0.00    7.9
2023/06/17 04:58:02.000   46.289032801    9.617398916  3219.9888   1  11   0.0066   0.0038   0.0119  -0.0017  -0.0025   0.0050   0.00    8.1
2023/06/17 04:58:03.000   46.289032578    9.617399092  3219.9508   1  11   0.0066   0.0038   0.0119  -0.0017  -0.0025   0.0050   0.00    8.0
2023/06/17 04:58:04.000   46.289032061    9.617399912  3219.8720   1   8   0.0068   0.0039   0.0129  -0.0014  -0.0026   0.0046   0.00    8.1
2023/06/17 04:58:05.000   46.289031917    9.617399841  3219.8443   1   9   0.0072   0.0041   0.0148   0.0012   0.0025   0.0065   0.00   12.0
2023/06/17 04:58:06.000   46.289032038    9.617399695  3219.8518   1   9   0.0072   0.0041   0.0148   0.0012   0.0025   0.0065   0.00   11.9
2023/06/17 04:58:07.000   46.289032293    9.617399608  3219.8599   1   9   0.0097   0.0044   0.0155   0.0035   0.0032   0.0077   0.00    6.9
2023/06/17 04:58:08.000   46.289032367    9.617399544  3219.8593   1   9   0.0097   0.0044   0.0155   0.0035   0.0032   0.0077   0.00    7.0
2023/06/17 04:58:09.000   46.289032701    9.617399051  3219.8340   1   7   0.0094   0.0049   0.0161   0.0029  -0.0022   0.0055   0.00    5.5
2023/06/17 04:58:10.000   46.289037906    9.617397083  3219.2258   2   5   0.0972   0.0845   0.1862   0.0444  -0.0858  -0.0576   0.00    1.3
2023/06/17 04:58:11.000   46.289039809    9.617397871  3219.1029   2   8   0.0896   0.0573   0.1468  -0.0147  -0.0223  -0.0131   0.00    1.4
2023/06/17 04:58:12.000   46.289040424    9.617398519  3219.0129   2   5   0.0925   0.0891   0.1928   0.0279  -0.0953  -0.0454   0.00    2.0
2023/06/17 04:58:13.000   46.289039306    9.617402277  3218.6059   1   5   0.0456   0.1329   0.2164   0.0702  -0.1690  -0.0887   0.00    9.9
2023/06/17 04:58:14.000   46.289039054    9.617401191  3218.7410   1   5   0.0454   0.1346   0.2194   0.0708  -0.1713  -0.0894   0.00    9.9
2023/06/17 04:58:14.993   46.289040286    9.617390136  3219.5498   5   0   0.1087   0.6727   0.7106  -0.1791  -0.6785   0.1681   0.00    9.9
2023/06/17 04:58:16.000   46.289038995    9.617398263  3219.0652   1   5   0.0449   0.1332   0.2175   0.0697  -0.1696  -0.0881   0.00    6.6
2023/06/17 04:58:17.000   46.289039706    9.617402705  3218.6548   2   5   0.1119   0.8598   0.9011  -0.2275  -0.8718   0.2244   0.00    0.0
2023/06/17 04:58:18.000   46.289039822    9.617401156  3218.7843   2   5   0.0951   0.3949   0.4684  -0.0829  -0.4149   0.0710   0.00    0.0
2023/06/17 04:58:19.000   46.289039930    9.617402289  3218.7711   2   5   0.0948   0.3346   0.4044  -0.0718  -0.3500   0.0548   0.00    1.0
2023/06/17 04:58:19.993   46.289039095    9.617398587  3219.0330   2   4   0.1093   0.7418   0.7811  -0.1963  -0.7498   0.1868   0.00    0.0
2023/06/17 04:58:21.000   46.289037800    9.617400748  3218.9225   2   5   0.0935   0.3156   0.3917  -0.0609  -0.3335   0.0399   0.00    1.1
2023/06/17 04:58:22.000   46.289037438    9.617400795  3219.0524   2   7   0.0932   0.3066   0.3839  -0.0578  -0.3249   0.0353   0.00    1.5
2023/06/17 04:58:23.000   46.289036511    9.617400791  3219.3501   2   9   0.0930   0.2686   0.3386  -0.0539  -0.2812   0.0369   0.00    1.3
2023/06/17 04:58:24.000   46.289037298    9.617399080  3219.3059   2   9   0.0996   0.2354   0.3000  -0.0383  -0.2441  -0.0168   0.00    1.7
2023/06/17 04:58:25.000   46.289036996    9.617396814  3219.3172   2   6   0.0981   0.2357   0.3061  -0.0303  -0.2474  -0.0362   0.00    1.5
2023/06/17 04:58:26.000   46.289035841    9.617393362  3218.9267   2   6   0.0985   0.2377   0.3128  -0.0149  -0.2521  -0.0495   0.00    1.1
2023/06/17 04:58:27.000   46.289033624    9.617389141  3218.8611   2   7   0.0976   0.2338   0.3078  -0.0189  -0.2478  -0.0469   0.00    2.0
2023/06/17 04:58:28.000   46.289031102    9.617384103  3218.8770   2   7   0.0962   0.2313   0.3049  -0.0216  -0.2453  -0.0434   0.00    2.5
2023/06/17 04:58:29.000   46.289028381    9.617381248  3218.7299   2   7   0.0953   0.2292   0.3029  -0.0219  -0.2434  -0.0418   0.00    2.7
2023/06/17 04:58:30.000   46.289026324    9.617378141  3218.7572   2   7   0.0945   0.2274   0.3017  -0.0208  -0.2421  -0.0416   0.00    2.8
2023/06/17 04:58:31.000   46.289024702    9.617376481  3218.7380   2   8   0.0939   0.2240   0.3006  -0.0228  -0.2395  -0.0384   0.00    1.6
2023/06/17 04:58:32.000   46.289022693    9.617373030  3218.9694   2   8   0.0931   0.2191   0.2931  -0.0211  -0.2336  -0.0388   0.00    2.7
2023/06/17 04:58:33.000   46.289022541    9.617373905  3218.9244   2   9   0.0921   0.2153   0.2890  -0.0196  -0.2296  -0.0389   0.00    2.1
2023/06/17 04:58:34.000   46.289018171    9.617372336  3219.3238   1   9   0.0057   0.0098   0.0192   0.0007  -0.0123   0.0023   0.00    3.1
2023/06/17 04:58:35.000   46.289018462    9.617372417  3219.3791   1  10   0.0057   0.0098   0.0192   0.0007  -0.0123   0.0023   0.00    3.7
2023/06/17 04:58:36.000   46.289018778    9.617375054  3219.6438   1  10   0.0057   0.0082   0.0170  -0.0010  -0.0101   0.0028   0.00    4.6
2023/06/17 04:58:37.000   46.289018308    9.617375338  3219.9693   1  11   0.0057   0.0047   0.0121  -0.0017  -0.0048   0.0033   0.00    5.9
2023/06/17 04:58:38.000   46.289018161    9.617375137  3220.0020   1  11   0.0057   0.0039   0.0114  -0.0018  -0.0036   0.0034   0.00    6.9
2023/06/17 04:58:39.000   46.289018093    9.617375237  3220.0132   1  11   0.0057   0.0038   0.0112  -0.0018  -0.0034   0.0033   0.00    9.3
2023/06/17 04:58:40.000   46.289018066    9.617375178  3220.0478   1  11   0.0057   0.0038   0.0112  -0.0018  -0.0033   0.0033   0.00   10.5
2023/06/17 04:58:41.000   46.289018033    9.617375233  3220.0479   1  11   0.0057   0.0037   0.0111  -0.0018  -0.0032   0.0033   0.00   11.5
2023/06/17 04:58:42.000   46.289018027    9.617375247  3220.0459   1  11   0.0057   0.0037   0.0111  -0.0018  -0.0031   0.0033   0.00   12.2
2023/06/17 04:58:43.000   46.289017882    9.617375302  3220.0457   1  11   0.0057   0.0036   0.0109  -0.0018  -0.0029   0.0033   0.00    5.0
2023/06/17 04:58:44.000   46.289017702    9.617375403  3220.0646   1  11   0.0057   0.0036   0.0109  -0.0018  -0.0029   0.0033   0.00    8.6
2023/06/17 04:58:45.000   46.289017686    9.617375390  3220.0583   1  11   0.0057   0.0036   0.0109  -0.0018  -0.0029   0.0033   0.00   12.1
2023/06/17 04:58:46.000   46.289017649    9.617375456  3220.0571   1  11   0.0057   0.0036   0.0109  -0.0018  -0.0029   0.0033   0.00   14.8
2023/06/17 04:58:47.000   46.289017684    9.617375474  3220.0585   1  11   0.0057   0.0036   0.0109  -0.0018  -0.0029   0.0033   0.00   14.5
2023/06/17 04:58:48.000   46.289017680    9.617375463  3220.0520   1  11   0.0057   0.0036   0.0109  -0.0018  -0.0029   0.0033   0.00   14.2
2023/06/17 04:58:49.000   46.289017694    9.617375393  3220.0537   1  11   0.0057   0.0036   0.0109  -0.0018  -0.0029   0.0033   0.00   14.1
2023/06/17 04:58:50.000   46.289017711    9.617375372  3220.0542   1  11   0.0057   0.0036   0.0109  -0.0018  -0.0029   0.0033   0.00   14.0
2023/06/17 04:58:51.000   46.289017678    9.617375400  3220.0530   1  11   0.0057   0.0036   0.0109  -0.0018  -0.0029   0.0034   0.00   13.7
2023/06/17 04:58:52.000   46.289017659    9.617375388  3220.0521   1  11   0.0057   0.0036   0.0109  -0.0018  -0.0029   0.0034   0.00   13.6
2023/06/17 04:58:53.000   46.289017690    9.617375380  3220.0566   1  11   0.0057   0.0036   0.0109  -0.0018  -0.0029   0.0034   0.00   13.4
2023/06/17 04:58:54.000   46.289017658    9.617375410  3220.0539   1  11   0.0057   0.0036   0.0109  -0.0018  -0.0029   0.0034   0.00   13.4
2023/06/17 04:58:55.000   46.289017672    9.617375396  3220.0558   1  11   0.0057   0.0036   0.0109  -0.0018  -0.0029   0.0034   0.00   13.4
2023/06/17 04:58:56.000   46.289017659    9.617375407  3220.0515   1  11   0.0057   0.0036   0.0109  -0.0018  -0.0029   0.0034   0.00   13.3
2023/06/17 04:58:57.000   46.289017668    9.617375434  3220.0527   1  11   0.0057   0.0036   0.0109  -0.0018  -0.0029   0.0034   0.00   13.2
2023/06/17 04:58:58.000   46.289017653    9.617375416  3220.0560   1  11   0.0057   0.0036   0.0109  -0.0018  -0.0029   0.0034   0.00   13.2
2023/06/17 04:58:59.000   46.289017635    9.617375431  3220.0505   1  11   0.0057   0.0036   0.0109  -0.0018  -0.0029   0.0034   0.00   13.0
2023/06/17 04:59:00.000   46.289017646    9.617375426  3220.0543   1  11   0.0057   0.0036   0.0109  -0.0018  -0.0029   0.0034   0.00   12.8
2023/06/17 04:59:01.000   46.289017656    9.617375427  3220.0516   1  11   0.0057   0.0036   0.0109  -0.0018  -0.0029   0.0034   0.00   12.8
2023/06/17 04:59:02.000   46.289017651    9.617375431  3220.0564   1  11   0.0057   0.0036   0.0109  -0.0018  -0.0029   0.0034   0.00   12.7
2023/06/17 04:59:03.000   46.289017660    9.617375420  3220.0590   1  11   0.0057   0.0036   0.0109  -0.0018  -0.0029   0.0034   0.00   12.7
2023/06/17 04:59:04.000   46.289017638    9.617375451  3220.0511   1  11   0.0057   0.0036   0.0109  -0.0018  -0.0029   0.0034   0.00   12.8
2023/06/17 04:59:05.000   46.289017644    9.617375463  3220.0529   1  11   0.0057   0.0036   0.0109  -0.0018  -0.0029   0.0034   0.00   12.8
2023/06/17 04:59:06.000   46.289017614    9.617375481  3220.0516   1  11   0.0057   0.0036   0.0109  -0.0018  -0.0029   0.0034   0.00   12.7
2023/06/17 04:59:07.000   46.289017645    9.617375454  3220.0595   1  11   0.0057   0.0036   0.0109  -0.0018  -0.0029   0.0034   0.00   12.7
2023/06/17 04:59:08.000   46.289017642    9.617375472  3220.0550   1  11   0.0057   0.0036   0.0109  -0.0018  -0.0029   0.0034   0.00   12.7
2023/06/17 04:59:09.000   46.289017626    9.617375490  3220.0552   1  11   0.0057   0.0036   0.0109  -0.0018  -0.0029   0.0034   0.00   12.7
2023/06/17 04:59:10.000   46.289017622    9.617375477  3220.0542   1  11   0.0057   0.0036   0.0109  -0.0018  -0.0029   0.0034   0.00   12.7
2023/06/17 04:59:11.000   46.289017626    9.617375515  3220.0496   1  11   0.0057   0.0036   0.0109  -0.0018  -0.0029   0.0034   0.00   12.8
2023/06/17 04:59:12.000   46.289017661    9.617375533  3220.0552   1  11   0.0057   0.0036   0.0109  -0.0018  -0.0029   0.0034   0.00   12.7
2023/06/17 04:59:13.000   46.289017819    9.617375705  3220.0372   1  11   0.0057   0.0036   0.0109  -0.0018  -0.0029   0.0034   0.00   12.7
2023/06/17 04:59:14.000   46.289019182    9.617375228  3219.6349   1  10   0.0065   0.0060   0.0147  -0.0023  -0.0074   0.0046   0.00   28.3
2023/06/17 04:59:15.000   46.289018320    9.617374504  3219.4665   1  10   0.0057   0.0060   0.0143  -0.0017  -0.0072   0.0033   0.00   21.3
2023/06/17 04:59:16.000   46.289017805    9.617373905  3219.2935   1   9   0.0057   0.0098   0.0191   0.0004  -0.0122   0.0024   0.00   22.1
2023/06/17 04:59:17.000   46.289018723    9.617373973  3219.0010   1   9   0.0057   0.0098   0.0191   0.0004  -0.0122   0.0024   0.00   20.5
2023/06/17 04:59:18.000   46.289020338    9.617374741  3219.0142   1   8   0.0058   0.0099   0.0191   0.0007  -0.0122   0.0024   0.00   18.4
2023/06/17 04:59:19.000   46.289020146    9.617376590  3219.0136   1   8   0.0069   0.0131   0.0255  -0.0015  -0.0171   0.0027   0.00   24.0
2023/06/17 04:59:20.000   46.289020951    9.617377645  3219.0992   1   8   0.0070   0.0114   0.0210  -0.0039  -0.0140   0.0053   0.00   13.2
2023/06/17 04:59:21.000   46.289021258    9.617376962  3219.1518   1   8   0.0069   0.0086   0.0178  -0.0028  -0.0105   0.0044   0.00   27.6
2023/06/17 04:59:22.000   46.289022571    9.617376439  3219.2899   1  10   0.0065   0.0076   0.0167  -0.0023  -0.0096   0.0046   0.00   24.0
2023/06/17 04:59:23.000   46.289023980    9.617375658  3219.4952   1  10   0.0065   0.0041   0.0120  -0.0022  -0.0041   0.0044   0.00    4.2
2023/06/17 04:59:24.000   46.289024319    9.617375759  3219.4884   1  11   0.0065   0.0041   0.0120  -0.0022  -0.0041   0.0044   0.00    5.0
2023/06/17 04:59:25.000   46.289024086    9.617375689  3219.4760   1  11   0.0065   0.0041   0.0120  -0.0022  -0.0041   0.0044   0.00    5.1
2023/06/17 04:59:26.000   46.289021865    9.617378266  3219.2542   1   9   0.0069   0.0061   0.0148  -0.0027  -0.0073   0.0042   0.00   10.1
2023/06/17 04:59:27.000   46.289023031    9.617382441  3219.0274   1   7   0.0069   0.0103   0.0198  -0.0028  -0.0125   0.0046   0.00   23.4
2023/06/17 04:59:28.000   46.289029607    9.617381789  3219.0108   1   8   0.0073   0.0062   0.0185  -0.0013  -0.0064   0.0076   0.00   10.3
2023/06/17 04:59:29.000   46.289030853    9.617382258  3219.0994   1   7   0.0072   0.0101   0.0228  -0.0024  -0.0126   0.0076   0.00   19.7
2023/06/17 04:59:30.000   46.289031122    9.617381949  3219.1799   1   7   0.0075   0.0277   0.0662   0.0061  -0.0419  -0.0062   0.00   17.2
2023/06/17 04:59:31.000   46.289031716    9.617381564  3218.9359   1  10   0.0068   0.0060   0.0163  -0.0023  -0.0072   0.0058   0.00    4.7
2023/06/17 04:59:32.000   46.289032617    9.617383636  3218.9605   1  11   0.0070   0.0046   0.0141  -0.0012  -0.0035   0.0061   0.00    4.8
2023/06/17 04:59:33.000   46.289034942    9.617387826  3218.8953   1  11   0.0066   0.0044   0.0128  -0.0021  -0.0043   0.0049   0.00    4.3
2023/06/17 04:59:34.000   46.289036271    9.617391985  3219.1562   1  10   0.0068   0.0043   0.0134  -0.0019  -0.0038   0.0055   0.00    3.7
2023/06/17 04:59:35.000   46.289038404    9.617398992  3219.1882   1   9   0.0096   0.0058   0.0163   0.0035   0.0039   0.0085   0.00    7.4
2023/06/17 04:59:36.000   46.289036897    9.617407029  3219.3957   1   9   0.0073   0.0044   0.0152   0.0011   0.0016   0.0071   0.00    8.8
2023/06/17 04:59:37.000   46.289034353    9.617413097  3219.4175   2   6   0.0634   0.0645   0.1238  -0.0177  -0.0552  -0.0238   0.00    1.3
2023/06/17 04:59:38.000   46.289029859    9.617417399  3219.8083   2   8   0.0631   0.0640   0.1232  -0.0178  -0.0545  -0.0241   0.00    2.7
2023/06/17 04:59:39.000   46.289023478    9.617422103  3220.3496   1   8   0.0091   0.0090   0.0175  -0.0070   0.0088  -0.0056   0.00    5.6
2023/06/17 04:59:40.000   46.289020956    9.617427280  3220.5189   1   7   0.0089   0.0099   0.0192  -0.0075   0.0108  -0.0075   0.00    4.1
2023/06/17 04:59:41.000   46.289016883    9.617430567  3220.4548   1   9   0.0086   0.0081   0.0159  -0.0065   0.0077  -0.0055   0.00    7.2
2023/06/17 04:59:42.000   46.289012144    9.617430164  3220.3636   1   9   0.0068   0.0049   0.0134  -0.0031   0.0022   0.0011   0.00    4.1
2023/06/17 04:59:43.000   46.289011584    9.617423459  3220.2376   1  10   0.0094   0.0086   0.0184  -0.0073   0.0087  -0.0079   0.00    6.7
2023/06/17 04:59:44.000   46.289013293    9.617420735  3220.2256   1  11   0.0074   0.0060   0.0127  -0.0048   0.0029  -0.0023   0.00    3.6
2023/06/17 04:59:45.000   46.289016314    9.617421589  3220.1501   1  11   0.0068   0.0050   0.0119  -0.0039   0.0023   0.0009   0.00    5.8
2023/06/17 04:59:46.000   46.289015760    9.617422278  3220.1594   1  11   0.0066   0.0047   0.0116  -0.0034   0.0013   0.0019   0.00    7.6
2023/06/17 04:59:47.000   46.289016022    9.617421351  3220.1162   1  11   0.0064   0.0044   0.0115  -0.0031  -0.0009   0.0024   0.00    8.8
2023/06/17 04:59:48.000   46.289016157    9.617421196  3220.1120   1  11   0.0063   0.0043   0.0114  -0.0029  -0.0014   0.0026   0.00    9.9
2023/06/17 04:59:49.000   46.289016129    9.617421286  3220.1149   1  11   0.0059   0.0039   0.0112  -0.0022  -0.0024   0.0032   0.00   11.9
2023/06/17 04:59:50.000   46.289016126    9.617421282  3220.1109   1  11   0.0059   0.0038   0.0112  -0.0021  -0.0024   0.0033   0.00   12.1
2023/06/17 04:59:51.000   46.289016147    9.617421333  3220.1147   1  11   0.0058   0.0037   0.0110  -0.0019  -0.0028   0.0033   0.00    3.9
2023/06/17 04:59:52.000   46.289016159    9.617421256  3220.1154   1  11   0.0058   0.0037   0.0110  -0.0019  -0.0028   0.0033   0.00    6.4
2023/06/17 04:59:53.000   46.289016070    9.617421288  3220.1091   1  11   0.0058   0.0037   0.0110  -0.0019  -0.0028   0.0033   0.00    8.6
2023/06/17 04:59:54.000   46.289016147    9.617421263  3220.1088   1  11   0.0058   0.0037   0.0110  -0.0019  -0.0028   0.0034   0.00   10.6
2023/06/17 04:59:55.000   46.289016137    9.617421262  3220.1127   1  11   0.0058   0.0037   0.0110  -0.0019  -0.0028   0.0034   0.00   12.4
2023/06/17 04:59:56.000   46.289016149    9.617421275  3220.1108   1  11   0.0058   0.0037   0.0110  -0.0019  -0.0028   0.0034   0.00   12.3
2023/06/17 04:59:57.000   46.289016131    9.617421259  3220.1140   1  11   0.0058   0.0037   0.0109  -0.0019  -0.0028   0.0034   0.00    7.4
2023/06/17 04:59:58.000   46.289016127    9.617421235  3220.1169   1  11   0.0058   0.0037   0.0109  -0.0019  -0.0028   0.0034   0.00    7.6
2023/06/17 04:59:59.000   46.289016129    9.617421257  3220.1172   1  11   0.0058   0.0037   0.0109  -0.0019  -0.0028   0.0034   0.00    7.6
2023/06/17 05:00:00.000   46.289016103    9.617421251  3220.1177   1  11   0.0058   0.0037   0.0109  -0.0019  -0.0028   0.0034   0.00    7.8
2023/06/17 05:00:01.000   46.289016135    9.617421266  3220.1164   1  11   0.0058   0.0037   0.0109  -0.0018  -0.0029   0.0034   0.00    8.0
2023/06/17 05:00:02.000   46.289016136    9.617421257  3220.1197   1  11   0.0058   0.0037   0.0109  -0.0018  -0.0029   0.0034   0.00    8.1
2023/06/17 05:00:03.000   46.289016111    9.617421284  3220.1134   1  11   0.0058   0.0036   0.0109  -0.0018  -0.0029   0.0034   0.00    8.2
2023/06/17 05:00:04.000   46.289016133    9.617421283  3220.1190   1  11   0.0058   0.0036   0.0109  -0.0018  -0.0029   0.0034   0.00    8.3
2023/06/17 05:00:05.000   46.289016099    9.617421258  3220.1216   1  11   0.0058   0.0036   0.0109  -0.0018  -0.0029   0.0034   0.00    8.4
2023/06/17 05:00:06.000   46.289016104    9.617421271  3220.1186   1  11   0.0058   0.0036   0.0109  -0.0018  -0.0029   0.0034   0.00    8.4
2023/06/17 05:00:07.000   46.289016123    9.617421266  3220.1228   1  11   0.0058   0.0036   0.0109  -0.0018  -0.0029   0.0034   0.00    8.6
2023/06/17 05:00:08.000   46.289016121    9.617421253  3220.1231   1  11   0.0058   0.0036   0.0109  -0.0018  -0.0029   0.0034   0.00    8.8
2023/06/17 05:00:09.000   46.289016091    9.617421242  3220.1218   1  11   0.0058   0.0036   0.0109  -0.0018  -0.0029   0.0034   0.00    8.9
2023/06/17 05:00:10.000   46.289016110    9.617421252  3220.1198   1  11   0.0058   0.0036   0.0109  -0.0018  -0.0029   0.0034   0.00    9.0
2023/06/17 05:00:11.000   46.289016132    9.617421226  3220.1220   1  11   0.0058   0.0036   0.0109  -0.0018  -0.0029   0.0034   0.00    9.1
2023/06/17 05:00:12.000   46.289016137    9.617421269  3220.1199   1  11   0.0058   0.0036   0.0109  -0.0018  -0.0029   0.0034   0.00    9.2
2023/06/17 05:00:13.000   46.289016139    9.617421259  3220.1183   1  11   0.0058   0.0036   0.0109  -0.0018  -0.0029   0.0034   0.00    9.2
2023/06/17 05:00:14.000   46.289016131    9.617421267  3220.1216   1  11   0.0058   0.0036   0.0109  -0.0018  -0.0029   0.0034   0.00    9.2
2023/06/17 05:00:15.000   46.289016125    9.617421247  3220.1211   1  11   0.0058   0.0036   0.0109  -0.0018  -0.0029   0.0034   0.00    9.2
2023/06/17 05:00:16.000   46.289016121    9.617421270  3220.1179   1  11   0.0058   0.0036   0.0109  -0.0018  -0.0029   0.0034   0.00    9.3
2023/06/17 05:00:17.000   46.289016133    9.617421262  3220.1176   1  11   0.0058   0.0036   0.0109  -0.0018  -0.0029   0.0034   0.00    9.3
2023/06/17 05:00:18.000   46.289016127    9.617421269  3220.1197   1  11   0.0058   0.0036   0.0109  -0.0018  -0.0029   0.0034   0.00    9.3
2023/06/17 05:00:19.000   46.289016132    9.617421259  3220.1203   1  11   0.0058   0.0036   0.0109  -0.0018  -0.0029   0.0034   0.00    9.3
2023/06/17 05:00:20.000   46.289016125    9.617421263  3220.1204   1  11   0.0058   0.0036   0.0109  -0.0018  -0.0029   0.0034   0.00    9.3
2023/06/17 05:00:21.000   46.289016133    9.617421285  3220.1218   1  11   0.0058   0.0036   0.0109  -0.0018  -0.0029   0.0034   0.00    9.3
2023/06/17 05:00:22.000   46.289016143    9.617421278  3220.1192   1  11   0.0058   0.0036   0.0109  -0.0018  -0.0029   0.0034   0.00    9.4
2023/06/17 05:00:23.000   46.289016137    9.617421281  3220.1216   1  11   0.0058   0.0036   0.0109  -0.0018  -0.0028   0.0034   0.00    9.4
2023/06/17 05:00:24.000   46.289016155    9.617421301  3220.1197   1  11   0.0058   0.0036   0.0109  -0.0018  -0.0028   0.0034   0.00    9.5
2023/06/17 05:00:25.000   46.289016124    9.617421293  3220.1222   1  11   0.0058   0.0036   0.0109  -0.0018  -0.0028   0.0034   0.00    9.5
2023/06/17 05:00:26.000   46.289016090    9.617421266  3220.1201   1  11   0.0058   0.0036   0.0109  -0.0018  -0.0028   0.0034   0.00    9.5
2023/06/17 05:00:27.000   46.289016145    9.617421305  3220.1171   1  11   0.0058   0.0036   0.0109  -0.0018  -0.0028   0.0034   0.00    9.5
2023/06/17 05:00:28.000   46.289015130    9.617422548  3220.1283   1  11   0.0058   0.0036   0.0109  -0.0018  -0.0028   0.0034   0.00    9.7
2023/06/17 05:00:29.000   46.289013900    9.617420798  3220.0704   1  11   0.0058   0.0036   0.0109  -0.0018  -0.0028   0.0034   0.00    9.8
2023/06/17 05:00:30.000   46.289013556    9.617420712  3220.0648   1  11   0.0058   0.0036   0.0109  -0.0018  -0.0028   0.0034   0.00    9.9
2023/06/17 05:00:31.000   46.289013430    9.617420452  3220.0693   1  11   0.0058   0.0036   0.0109  -0.0018  -0.0028   0.0034   0.00   10.0
2023/06/17 05:00:32.000   46.289013375    9.617420771  3220.0623   1  11   0.0058   0.0036   0.0109  -0.0018  -0.0028   0.0034   0.00   10.0
2023/06/17 05:00:33.000   46.289009106    9.617418447  3219.9270   1   9   0.0067   0.0049   0.0138  -0.0026  -0.0052   0.0047   0.00   13.6
2023/06/17 05:00:34.000   46.289008264    9.617418804  3219.8592   1  10   0.0058   0.0042   0.0124  -0.0018  -0.0040   0.0034   0.00   17.9
2023/06/17 05:00:35.000   46.289008727    9.617416331  3219.9012   1   9   0.0074   0.0049   0.0129  -0.0035  -0.0042   0.0046   0.00   24.0
2023/06/17 05:00:36.000   46.289009101    9.617417429  3219.8700   1  10   0.0070   0.0050   0.0124  -0.0032  -0.0039   0.0037   0.00   13.9
2023/06/17 05:00:37.000   46.289009332    9.617418679  3219.8719   1   9   0.0066   0.0047   0.0138  -0.0022  -0.0053   0.0047   0.00   19.8
2023/06/17 05:00:38.000   46.289009207    9.617418563  3219.8633   1  10   0.0062   0.0044   0.0130  -0.0020  -0.0045   0.0041   0.00   19.9
2023/06/17 05:00:39.000   46.289009236    9.617419230  3219.8795   1  10   0.0061   0.0039   0.0119  -0.0019  -0.0031   0.0039   0.00    9.1
2023/06/17 05:00:40.000   46.289009343    9.617419200  3219.8593   1  10   0.0060   0.0043   0.0126  -0.0019  -0.0042   0.0038   0.00   20.3
2023/06/17 05:00:41.000   46.289009316    9.617418709  3219.8666   1  10   0.0058   0.0038   0.0116  -0.0018  -0.0027   0.0035   0.00    6.0
2023/06/17 05:00:42.000   46.289009710    9.617418724  3219.8748   1  10   0.0066   0.0038   0.0119  -0.0021  -0.0028   0.0046   0.00   15.0
2023/06/17 05:00:43.000   46.289009937    9.617419192  3219.8561   1  10   0.0066   0.0047   0.0138  -0.0022  -0.0053   0.0047   0.00   21.0
2023/06/17 05:00:44.000   46.289009854    9.617418849  3219.8491   1  10   0.0066   0.0043   0.0128  -0.0022  -0.0041   0.0046   0.00   21.1
2023/06/17 05:00:45.000   46.289009934    9.617418908  3219.8631   1  10   0.0066   0.0039   0.0120  -0.0021  -0.0030   0.0046   0.00    4.9
2023/06/17 05:00:46.000   46.289010037    9.617419054  3219.8596   1  10   0.0066   0.0038   0.0119  -0.0021  -0.0029   0.0046   0.00    6.4
2023/06/17 05:00:47.000   46.289010250    9.617419466  3219.8550   1  10   0.0066   0.0038   0.0118  -0.0021  -0.0028   0.0046   0.00    7.5
2023/06/17 05:00:48.000   46.289010116    9.617419199  3219.8574   1  10   0.0062   0.0038   0.0117  -0.0020  -0.0027   0.0041   0.00    8.8
2023/06/17 05:00:49.000   46.289010105    9.617419200  3219.8519   1  10   0.0061   0.0037   0.0115  -0.0019  -0.0024   0.0039   0.00   10.9
2023/06/17 05:00:50.000   46.289010255    9.617419410  3219.8611   1  10   0.0060   0.0037   0.0114  -0.0019  -0.0024   0.0038   0.00   11.9
2023/06/17 05:00:51.000   46.289011748    9.617423462  3220.0304   1  10   0.0066   0.0037   0.0117  -0.0021  -0.0026   0.0046   0.00   12.9
2023/06/17 05:00:52.000   46.289011359    9.617423571  3220.0684   1  11   0.0060   0.0037   0.0114  -0.0019  -0.0024   0.0037   0.00   14.2
2023/06/17 05:00:53.000   46.289011199    9.617423271  3220.0832   1  11   0.0059   0.0037   0.0114  -0.0019  -0.0024   0.0037   0.00   15.2
2023/06/17 05:00:54.000   46.289011157    9.617423465  3220.0947   1  10   0.0059   0.0037   0.0114  -0.0019  -0.0024   0.0036   0.00   16.5
2023/06/17 05:00:55.000   46.289011567    9.617422580  3220.0389   1  10   0.0059   0.0037   0.0114  -0.0019  -0.0024   0.0036   0.00   17.5
2023/06/17 05:00:56.000   46.289010531    9.617419434  3219.9207   1  10   0.0058   0.0037   0.0114  -0.0018  -0.0024   0.0035   0.00    9.3
2023/06/17 05:00:57.000   46.289008147    9.617417791  3219.8136   1   9   0.0062   0.0041   0.0115  -0.0026  -0.0018   0.0030   0.00   10.2
2023/06/17 05:00:58.000   46.289004355    9.617419276  3219.7268   1   8   0.0062   0.0050   0.0152  -0.0014  -0.0058  -0.0018   0.00   12.7
2023/06/17 05:00:59.000   46.289003331    9.617420106  3219.3507   1   7   0.0117   0.0066   0.0150  -0.0071   0.0014  -0.0059   0.00    8.6
2023/06/17 05:01:00.000   46.289002997    9.617414694  3219.3471   1   7   0.0110   0.0064   0.0145  -0.0067   0.0029  -0.0062   0.00    8.7
2023/06/17 05:01:01.000   46.289001467    9.617407316  3219.2438   1   7   0.0107   0.0065   0.0149  -0.0066   0.0021  -0.0065   0.00    8.8
2023/06/17 05:01:02.000   46.289001251    9.617405500  3219.3226   1   7   0.0106   0.0062   0.0139  -0.0066   0.0038  -0.0063   0.00    8.8
2023/06/17 05:01:03.000   46.289000577    9.617406100  3219.4269   1   8   0.0079   0.0046   0.0128  -0.0040   0.0016  -0.0032   0.00    7.2
2023/06/17 05:01:04.000   46.288999889    9.617405232  3219.4301   1   9   0.0068   0.0042   0.0128  -0.0027  -0.0022  -0.0014   0.00   13.7
2023/06/17 05:01:05.000   46.289000019    9.617405742  3219.4381   1   9   0.0068   0.0042   0.0127  -0.0027  -0.0021  -0.0014   0.00   13.4
2023/06/17 05:01:06.000   46.289000253    9.617406053  3219.4647   1   9   0.0066   0.0040   0.0124  -0.0025  -0.0020   0.0007   0.00    9.3
2023/06/17 05:01:07.000   46.289000634    9.617406194  3219.4652   1   7   0.0078   0.0046   0.0127  -0.0040   0.0017  -0.0034   0.00   10.7
2023/06/17 05:01:08.000   46.289001520    9.617405996  3219.4295   1   7   0.0104   0.0060   0.0134  -0.0065   0.0044  -0.0064   0.00   12.2
2023/06/17 05:01:09.000   46.289001449    9.617405981  3219.4273   1   7   0.0102   0.0060   0.0134  -0.0064   0.0044  -0.0064   0.00   12.6
2023/06/17 05:01:10.000   46.289001573    9.617405883  3219.3225   1   7   0.0102   0.0060   0.0134  -0.0064   0.0044  -0.0064   0.00   12.9
2023/06/17 05:01:11.000   46.289001432    9.617405865  3219.3538   1   7   0.0102   0.0060   0.0134  -0.0064   0.0044  -0.0064   0.00   13.1
2023/06/17 05:01:12.000   46.289001631    9.617405502  3219.5131   1   7   0.0102   0.0060   0.0134  -0.0065   0.0044  -0.0064   0.00   13.0
2023/06/17 05:01:13.000   46.289001666    9.617403979  3219.5360   1   7   0.0117   0.0063   0.0135  -0.0072   0.0041  -0.0056   0.00   12.9
2023/06/17 05:01:14.000   46.289001290    9.617403241  3219.8127   1   7   0.0110   0.0062   0.0135  -0.0068   0.0042  -0.0060   0.00   13.0
2023/06/17 05:01:15.000   46.289001187    9.617403873  3219.7973   1  10   0.0067   0.0041   0.0120  -0.0027  -0.0017   0.0026   0.00   12.0
2023/06/17 05:01:16.000   46.289001296    9.617403118  3219.7552   1   7   0.0106   0.0061   0.0134  -0.0066   0.0043  -0.0062   0.00   12.9
2023/06/17 05:01:17.000   46.289000663    9.617401630  3219.9390   1  10   0.0064   0.0039   0.0118  -0.0023  -0.0021   0.0029   0.00   12.1
2023/06/17 05:01:18.000   46.289000680    9.617400574  3220.0383   1  11   0.0061   0.0038   0.0114  -0.0022  -0.0022   0.0036   0.00   13.1
2023/06/17 05:01:19.000   46.289000767    9.617400949  3220.0588   1  11   0.0060   0.0038   0.0112  -0.0021  -0.0025   0.0035   0.00   30.2
2023/06/17 05:01:20.000   46.289000465    9.617401124  3220.0418   1  11   0.0060   0.0037   0.0111  -0.0021  -0.0026   0.0035   0.00   35.8
2023/06/17 05:01:21.000   46.289000848    9.617400020  3220.0657   1  11   0.0059   0.0037   0.0110  -0.0020  -0.0026   0.0034   0.00   11.2
2023/06/17 05:01:22.000   46.289001066    9.617400032  3220.0916   1  11   0.0059   0.0037   0.0110  -0.0020  -0.0027   0.0035   0.00   47.5
2023/06/17 05:01:23.000   46.289000885    9.617399989  3220.0936   1  11   0.0059   0.0037   0.0110  -0.0020  -0.0027   0.0035   0.00   53.6
2023/06/17 05:01:24.000   46.289000965    9.617399796  3220.0881   1  11   0.0059   0.0037   0.0110  -0.0020  -0.0027   0.0035   0.00   59.4
2023/06/17 05:01:25.000   46.289000954    9.617399688  3220.0894   1  11   0.0059   0.0037   0.0110  -0.0020  -0.0027   0.0035   0.00   65.6
2023/06/17 05:01:26.000   46.289000971    9.617399701  3220.0907   1  11   0.0059   0.0037   0.0109  -0.0020  -0.0028   0.0035   0.00    3.3
2023/06/17 05:01:27.000   46.289000993    9.617399740  3220.0910   1  11   0.0059   0.0037   0.0109  -0.0019  -0.0028   0.0035   0.00   19.5
2023/06/17 05:01:28.000   46.289001014    9.617399742  3220.0894   1  11   0.0058   0.0037   0.0109  -0.0019  -0.0028   0.0035   0.00   13.7
2023/06/17 05:01:29.000   46.289001027    9.617399772  3220.0879   1  11   0.0058   0.0037   0.0109  -0.0019  -0.0028   0.0035   0.00   20.3
2023/06/17 05:01:30.000   46.289001013    9.617399743  3220.0879   1  11   0.0058   0.0036   0.0109  -0.0019  -0.0028   0.0035   0.00   25.5
2023/06/17 05:01:31.000   46.289001017    9.617399743  3220.0846   1  11   0.0058   0.0036   0.0109  -0.0019  -0.0028   0.0035   0.00   33.0
2023/06/17 05:01:32.000   46.289001007    9.617399739  3220.0822   1  11   0.0058   0.0036   0.0109  -0.0019  -0.0028   0.0035   0.00   40.6
2023/06/17 05:01:33.000   46.289000996    9.617399722  3220.0819   1  11   0.0058   0.0036   0.0109  -0.0019  -0.0028   0.0035   0.00   48.4
2023/06/17 05:01:34.000   46.289000987    9.617399715  3220.0839   1  11   0.0058   0.0036   0.0109  -0.0019  -0.0028   0.0035   0.00   55.6
2023/06/17 05:01:35.000   46.289000980    9.617399737  3220.0753   1  11   0.0058   0.0036   0.0109  -0.0019  -0.0028   0.0035   0.00   63.0
2023/06/17 05:01:36.000   46.289000978    9.617399716  3220.0786   1  11   0.0058   0.0036   0.0109  -0.0019  -0.0028   0.0035   0.00   70.4
2023/06/17 05:01:37.000   46.289000975    9.617399706  3220.0746   1  11   0.0058   0.0036   0.0109  -0.0019  -0.0028   0.0035   0.00   77.8
2023/06/17 05:01:38.000   46.289000954    9.617399688  3220.0746   1  11   0.0058   0.0036   0.0109  -0.0019  -0.0028   0.0035   0.00   85.3
2023/06/17 05:01:39.000   46.289000977    9.617399696  3220.0730   1  11   0.0058   0.0036   0.0109  -0.0019  -0.0028   0.0035   0.00   92.7
2023/06/17 05:01:40.000   46.289000934    9.617399712  3220.0673   1  11   0.0058   0.0036   0.0109  -0.0019  -0.0028   0.0035   0.00  100.7
2023/06/17 05:01:41.000   46.289000961    9.617399719  3220.0718   1  11   0.0058   0.0036   0.0109  -0.0019  -0.0028   0.0035   0.00  108.3
2023/06/17 05:01:42.000   46.289000983    9.617399720  3220.0727   1  11   0.0058   0.0036   0.0109  -0.0019  -0.0028   0.0035   0.00  115.8
2023/06/17 05:01:43.000   46.289000980    9.617399723  3220.0681   1  11   0.0058   0.0036   0.0109  -0.0019  -0.0028   0.0035   0.00  123.2
2023/06/17 05:01:44.000   46.289000976    9.617399753  3220.0690   1  11   0.0058   0.0036   0.0109  -0.0019  -0.0028   0.0035   0.00  130.1
2023/06/17 05:01:45.000   46.289000974    9.617399749  3220.0695   1  11   0.0058   0.0036   0.0109  -0.0019  -0.0028   0.0035   0.00  137.0
2023/06/17 05:01:46.000   46.289000960    9.617399755  3220.0634   1  11   0.0058   0.0036   0.0109  -0.0019  -0.0028   0.0035   0.00  143.7
2023/06/17 05:01:47.000   46.289000962    9.617399742  3220.0651   1  11   0.0058   0.0036   0.0109  -0.0019  -0.0028   0.0035   0.00  151.3
2023/06/17 05:01:48.000   46.289000987    9.617399763  3220.0646   1  11   0.0058   0.0036   0.0109  -0.0019  -0.0028   0.0035   0.00  158.5
2023/06/17 05:01:49.000   46.289000973    9.617399797  3220.0688   1  11   0.0058   0.0036   0.0109  -0.0019  -0.0028   0.0035   0.00  165.8
2023/06/17 05:01:50.000   46.289000991    9.617399809  3220.0641   1  11   0.0058   0.0036   0.0109  -0.0019  -0.0028   0.0035   0.00  174.7
2023/06/17 05:01:51.000   46.289000968    9.617399785  3220.0664   1  11   0.0058   0.0036   0.0109  -0.0019  -0.0028   0.0035   0.00  182.7
2023/06/17 05:01:52.000   46.289000956    9.617399847  3220.0639   1  11   0.0058   0.0036   0.0109  -0.0019  -0.0028   0.0035   0.00  189.1
2023/06/17 05:01:53.000   46.289000571    9.617402239  3219.8609   1  10   0.0058   0.0037   0.0113  -0.0019  -0.0023   0.0035   0.00  156.8
2023/06/17 05:01:54.000   46.289000165    9.617403115  3219.3878   1   8   0.0076   0.0045   0.0120  -0.0038  -0.0013  -0.0025   0.00  185.7
2023/06/17 05:01:55.000   46.289000105    9.617405074  3219.3159   1   7   0.0069   0.0042   0.0124  -0.0030  -0.0015  -0.0014   0.00  190.6
2023/06/17 05:01:56.000   46.289001333    9.617405969  3219.4275   1   7   0.0104   0.0061   0.0133  -0.0066   0.0044  -0.0064   0.00  311.0
2023/06/17 05:01:57.000   46.289001596    9.617408126  3219.5754   1   8   0.0104   0.0061   0.0133  -0.0066   0.0044  -0.0064   0.00  322.8
2023/06/17 05:01:58.000   46.289002012    9.617409276  3219.6533   1   8   0.0094   0.0059   0.0125  -0.0060   0.0035  -0.0046   0.00  332.1
2023/06/17 05:01:59.000   46.289001988    9.617410097  3219.7224   1   9   0.0072   0.0046   0.0119  -0.0038   0.0008  -0.0006   0.00  203.9
2023/06/17 05:02:00.000   46.289001948    9.617410226  3219.7134   1  10   0.0063   0.0040   0.0117  -0.0025  -0.0019   0.0026   0.00  190.6
2023/06/17 05:02:01.000   46.289001090    9.617410947  3219.6284   1  10   0.0063   0.0040   0.0116  -0.0025  -0.0019   0.0028   0.00  195.2
2023/06/17 05:02:02.000   46.289001279    9.617410798  3219.6421   1  10   0.0062   0.0039   0.0116  -0.0024  -0.0020   0.0029   0.00  202.7
2023/06/17 05:02:03.000   46.289000269    9.617409333  3219.4761   1  10   0.0060   0.0038   0.0114  -0.0021  -0.0022   0.0033   0.00    4.0
2023/06/17 05:02:04.000   46.288999543    9.617409282  3219.3500   1   8   0.0085   0.0057   0.0116  -0.0055   0.0022  -0.0016   0.00   14.6
2023/06/17 05:02:05.000   46.288999720    9.617413242  3219.3123   1   8   0.0073   0.0049   0.0115  -0.0041  -0.0005   0.0024   0.00    6.9
2023/06/17 05:02:06.000   46.289000213    9.617414434  3219.2918   1   8   0.0084   0.0056   0.0116  -0.0054   0.0021  -0.0009   0.00   24.1
2023/06/17 05:02:07.000   46.289001398    9.617415182  3219.2862   1   8   0.0084   0.0056   0.0116  -0.0054   0.0021  -0.0009   0.00   35.5
2023/06/17 05:02:08.000   46.289002605    9.617415983  3219.1522   1   8   0.0085   0.0065   0.0132  -0.0058   0.0050  -0.0031   0.00   47.2
2023/06/17 05:02:09.000   46.289002427    9.617415602  3219.1223   1   7   0.0114   0.0116   0.0231  -0.0100   0.0143  -0.0120   0.00   75.4
2023/06/17 05:02:10.000   46.289003574    9.617415400  3219.1202   1   6   0.0108   0.0115   0.0238  -0.0096   0.0146  -0.0116   0.00   62.8
2023/06/17 05:02:11.000   46.289007781    9.617414477  3218.2840   1   5   0.0649   0.0820   0.1738  -0.0658   0.0793  -0.0988   0.00  999.9
2023/06/17 05:02:12.000   46.289006996    9.617412475  3218.7638   1   4   0.0502   0.0616   0.1586  -0.0456   0.0463  -0.0823   0.00  999.9
2023/06/17 05:02:13.000   46.289006324    9.617412728  3218.9340   1   7   0.0504   0.0617   0.1591  -0.0457   0.0466  -0.0826   0.00  999.9
2023/06/17 05:02:14.000   46.289006215    9.617412586  3218.8939   1   7   0.0359   0.0440   0.1114  -0.0328   0.0339  -0.0578   0.00    3.7
2023/06/17 05:02:15.000   46.289006561    9.617413264  3218.9619   1   7   0.0347   0.0408   0.1189  -0.0312   0.0311  -0.0571   0.00  999.9
2023/06/17 05:02:16.000   46.289006257    9.617414351  3219.1038   2   4   0.0508   0.0563   0.1416  -0.0487   0.0623  -0.0770   0.00    0.0
2023/06/17 05:02:17.000   46.289004908    9.617414942  3219.1298   2   4   0.1151   0.1131   0.3153  -0.1119   0.1777  -0.1873   0.00    1.4
2023/06/17 05:02:18.000   46.289004720    9.617413979  3219.6317   2   5   0.4389   0.5840   1.0757  -0.4811   0.5708  -0.6278   0.00    0.0
2023/06/17 05:02:19.000   46.289002717    9.617418647  3219.7331   2   6   1.0424   1.0004   2.7556  -1.0183   1.6443  -1.6913   0.00    0.0
2023/06/17 05:02:20.000   46.289005585    9.617415265  3219.1022   2   5   0.2143   0.2289   0.5610  -0.2153   0.3197  -0.3377   0.00    0.0
2023/06/17 05:02:21.000   46.289001756    9.617415747  3218.6745   2   5   0.2000   0.2111   0.5257  -0.2001   0.3004  -0.3166   0.00    0.0
2023/06/17 05:02:22.000   46.288999665    9.617421580  3219.6087   2   6   0.1955   0.2045   0.5148  -0.1951   0.2950  -0.3104   0.00    0.0
2023/06/17 05:02:23.000   46.288995553    9.617420530  3223.5059   2   5   0.2090   0.2410   0.7962  -0.1782   0.1348  -0.3718   0.00    0.0
2023/06/17 05:02:24.000   46.288998377    9.617426825  3220.8951   2   6   0.2005   0.2065   0.5305  -0.1991   0.3046  -0.3199   0.00    0.0
2023/06/17 05:02:25.000   46.288997425    9.617428658  3221.1176   2   6   0.2074   0.2135   0.5447  -0.2063   0.3162  -0.3302   0.00    0.0
2023/06/17 05:02:26.000   46.288992739    9.617432178  3221.5259   2   6   0.3357   0.3284   0.8865  -0.3293   0.5241  -0.5419   0.00    0.0
2023/06/17 05:02:27.000   46.288994498    9.617430504  3221.2113   2   5   0.3728   0.2563   1.5291  -0.2426   0.3643  -0.7357   0.00    0.0
2023/06/17 05:02:28.000   46.289000176    9.617425426  3220.2938   2   5   0.2771   0.2541   0.8395  -0.2534   0.4007  -0.4712   0.00    0.0
2023/06/17 05:02:28.993   46.289015939    9.617415838  3219.0524   5   5   0.6705   0.7353   1.0814  -0.4450   0.5596  -0.5887   0.00    0.0
2023/06/17 05:02:29.993   46.289042195    9.617402278  3217.2917   5   5   2.2833   2.4895   3.0419  -0.9620   0.5757  -1.0920   0.00    0.0
2023/06/17 05:02:30.993   46.289078869    9.617384798  3215.0184   5   5   5.2771   5.6462   6.6804  -1.7590  -0.7145  -1.9601   0.00    0.0
2023/06/17 05:02:31.993   46.289125962    9.617363399  3212.2326   5   5   9.8633  10.4191  12.0593  -2.8178  -1.8384  -3.1389   0.00    0.0
