% program   : ES 1.10
% inp file  : Z:\home\Nextcloud\SGL\ventina\2026\dati\gps\s999\rinex\01482491_RINEX3.02\01482491.26O
% inp file  : Z:\home\Nextcloud\SGL\ventina\2026\dati\gps\s999\rinex\01482491_RINEX3.02\01482491.26C
% inp file  : Z:\home\Nextcloud\SGL\ventina\2026\dati\gps\s999\rinex\01482491_RINEX3.02\01482491.26G
% inp file  : Z:\home\Nextcloud\SGL\ventina\2026\dati\gps\s999\rinex\01482491_RINEX3.02\01482491.26L
% inp file  : Z:\home\Nextcloud\SGL\ventina\2026\dati\gps\s999\rinex\01482491_RINEX3.02\01482491.26N
% inp file  : Z:\home\Nextcloud\SGL\ventina\2026\dati\gps\emlid_reachm2\Reach_raw_20260906082522_RINEX_3_03\Reach_raw_20260906082522.26O
% obs start : 2026/09/06 08:48:40.0 GPST (week2435  31720.0s)
% obs end   : 2026/09/06 10:07:06.0 GPST (week2435  36426.0s)
% ref pos   : 46.279077790   9.780507756 2302.6229
%
% (lat/lon/height=WGS84/ellipsoidal,Q=1:fix,2:float,3:sbas,4:dgps,5:single,6:ppp,ns=# of satellites)
%  GPST                  latitude(deg) longitude(deg)  height(m)   Q  ns   sdn(m)   sde(m)   sdu(m)  sdne(m)  sdeu(m)  sdun(m) age(s)  ratio
2026/09/06 08:48:40.000   46.276049034    9.780276287  2350.8587   2  17   0.0054   0.0082   0.0149  -0.0034   0.0016  -0.0026   0.00    0.0
2026/09/06 08:48:41.000   46.276048654    9.780276785  2350.7935   2  17   0.0054   0.0082   0.0149  -0.0034   0.0015  -0.0026   0.00    0.0
2026/09/06 08:48:42.000   46.276048410    9.780278137  2350.8269   2  17   0.0054   0.0082   0.0149  -0.0034   0.0014  -0.0026   0.00    0.0
2026/09/06 08:48:43.000   46.276049920    9.780277092  2350.7339   2  17   0.0054   0.0082   0.0150  -0.0034   0.0013  -0.0027   0.00    0.0
2026/09/06 08:48:44.000   46.276051240    9.780276255  2350.6853   2  17   0.0054   0.0082   0.0150  -0.0034   0.0011  -0.0027   0.00    0.0
2026/09/06 08:48:45.000   46.276050729    9.780276486  2350.6997   2  17   0.0054   0.0083   0.0151  -0.0034   0.0008  -0.0028   0.00    0.0
2026/09/06 08:48:46.000   46.276049822    9.780276101  2350.6242   2  17   0.0054   0.0083   0.0152  -0.0034  -0.0010  -0.0029   0.00    0.0
2026/09/06 08:48:47.000   46.276047968    9.780277249  2350.1549   2  17   0.0054   0.0084   0.0155  -0.0032  -0.0023  -0.0032   0.00    0.0
2026/09/06 08:48:48.000   46.276058002    9.780203795  2345.7287   1  16   0.0042   0.0038   0.0094  -0.0019  -0.0031   0.0027   0.00    9.8
2026/09/06 08:48:49.000   46.276058973    9.780203751  2345.7799   1  16   0.0042   0.0038   0.0094  -0.0019  -0.0031   0.0026   0.00    5.3
2026/09/06 08:48:50.000   46.276060320    9.780202505  2346.1760   1  17   0.0042   0.0036   0.0090  -0.0021  -0.0025   0.0029   0.00    6.2
2026/09/06 08:48:51.000   46.276060606    9.780203400  2346.5450   1  17   0.0042   0.0036   0.0090  -0.0021  -0.0025   0.0029   0.00   12.0
2026/09/06 08:48:52.000   46.276059282    9.780206146  2346.6308   1  17   0.0042   0.0036   0.0090  -0.0021  -0.0025   0.0029   0.00   15.2
2026/09/06 08:48:53.000   46.276058090    9.780207708  2346.6194   1  17   0.0042   0.0036   0.0090  -0.0021  -0.0025   0.0029   0.00   15.8
2026/09/06 08:48:54.000   46.276057834    9.780207479  2346.6128   1  17   0.0042   0.0036   0.0090  -0.0021  -0.0025   0.0029   0.00   16.1
2026/09/06 08:48:55.000   46.276059244    9.780208789  2346.6038   1  17   0.0042   0.0036   0.0090  -0.0021  -0.0025   0.0029   0.00   16.2
2026/09/06 08:48:56.000   46.276057895    9.780209371  2346.6348   1  17   0.0042   0.0036   0.0090  -0.0021  -0.0025   0.0029   0.00   16.6
2026/09/06 08:48:57.000   46.276058259    9.780208738  2346.6261   1  17   0.0042   0.0036   0.0090  -0.0021  -0.0025   0.0029   0.00   16.5
2026/09/06 08:48:58.000   46.276057824    9.780206541  2346.6289   1  17   0.0042   0.0036   0.0090  -0.0021  -0.0025   0.0029   0.00   17.1
2026/09/06 08:48:59.000   46.276058637    9.780207790  2346.7109   1  17   0.0042   0.0036   0.0090  -0.0021  -0.0025   0.0029   0.00   17.8
2026/09/06 08:49:00.000   46.276059352    9.780208916  2346.7479   1  17   0.0042   0.0036   0.0090  -0.0021  -0.0025   0.0029   0.00   18.4
2026/09/06 08:49:01.000   46.276058245    9.780209424  2346.7215   1  17   0.0042   0.0036   0.0090  -0.0021  -0.0025   0.0029   0.00   18.8
2026/09/06 08:49:02.000   46.276058603    9.780209750  2346.7392   1  17   0.0042   0.0036   0.0090  -0.0021  -0.0025   0.0029   0.00   18.7
2026/09/06 08:49:03.000   46.276060086    9.780208101  2346.7417   1  17   0.0042   0.0036   0.0090  -0.0021  -0.0025   0.0029   0.00   19.4
2026/09/06 08:49:04.000   46.276060629    9.780212788  2346.6590   1  17   0.0042   0.0036   0.0090  -0.0021  -0.0025   0.0029   0.00   19.6
2026/09/06 08:49:05.000   46.276060406    9.780212856  2346.6621   1  17   0.0042   0.0036   0.0090  -0.0021  -0.0025   0.0029   0.00   20.7
2026/09/06 08:49:06.000   46.276060019    9.780213433  2346.6555   1  17   0.0042   0.0036   0.0090  -0.0021  -0.0025   0.0029   0.00   22.1
2026/09/06 08:49:07.000   46.276059458    9.780212745  2346.7082   1  17   0.0042   0.0036   0.0090  -0.0021  -0.0025   0.0029   0.00   22.9
2026/09/06 08:49:08.000   46.276058790    9.780213401  2346.6907   1  17   0.0042   0.0036   0.0090  -0.0021  -0.0025   0.0029   0.00   23.6
2026/09/06 08:49:09.000   46.276058195    9.780213416  2346.6856   1  17   0.0042   0.0036   0.0090  -0.0021  -0.0025   0.0029   0.00   24.1
2026/09/06 08:49:10.000   46.276057870    9.780213050  2346.7053   1  17   0.0042   0.0036   0.0090  -0.0021  -0.0025   0.0029   0.00   24.1
2026/09/06 08:49:11.000   46.276060184    9.780212078  2346.7494   1  17   0.0042   0.0036   0.0090  -0.0021  -0.0025   0.0029   0.00   24.4
2026/09/06 08:49:12.000   46.276060246    9.780213769  2346.7226   1  17   0.0042   0.0036   0.0090  -0.0021  -0.0025   0.0029   0.00   24.8
2026/09/06 08:49:13.000   46.276060425    9.780213710  2346.7264   1  17   0.0042   0.0036   0.0090  -0.0021  -0.0025   0.0029   0.00   25.1
2026/09/06 08:49:14.000   46.276060353    9.780214161  2346.6866   1  17   0.0042   0.0036   0.0090  -0.0021  -0.0025   0.0029   0.00   26.0
2026/09/06 08:49:15.000   46.276059697    9.780214499  2346.6464   1  17   0.0042   0.0036   0.0090  -0.0021  -0.0025   0.0029   0.00   26.8
2026/09/06 08:49:16.000   46.276058403    9.780215641  2346.5914   1  17   0.0042   0.0036   0.0090  -0.0021  -0.0025   0.0029   0.00   27.4
2026/09/06 08:49:17.000   46.276060142    9.780212338  2346.7223   1  17   0.0042   0.0036   0.0090  -0.0021  -0.0025   0.0029   0.00   27.9
2026/09/06 08:49:18.000   46.276058326    9.780213193  2346.6933   1  17   0.0042   0.0036   0.0090  -0.0021  -0.0025   0.0029   0.00   28.3
2026/09/06 08:49:19.000   46.276059763    9.780211688  2346.7186   1  17   0.0042   0.0036   0.0090  -0.0021  -0.0025   0.0029   0.00   28.7
2026/09/06 08:49:20.000   46.276059553    9.780213194  2346.7093   1  17   0.0042   0.0036   0.0090  -0.0021  -0.0025   0.0029   0.00   29.3
2026/09/06 08:49:21.000   46.276058035    9.780213477  2346.7068   1  17   0.0042   0.0036   0.0090  -0.0021  -0.0025   0.0029   0.00   30.3
2026/09/06 08:49:22.000   46.276058828    9.780211837  2346.7427   1  17   0.0042   0.0036   0.0090  -0.0021  -0.0025   0.0029   0.00   31.3
2026/09/06 08:49:23.000   46.276058674    9.780211599  2346.7414   1  17   0.0042   0.0036   0.0090  -0.0021  -0.0025   0.0029   0.00   31.8
2026/09/06 08:49:24.000   46.276057136    9.780210954  2346.6955   1  17   0.0042   0.0036   0.0090  -0.0021  -0.0025   0.0029   0.00   32.3
2026/09/06 08:49:25.000   46.276057287    9.780208658  2346.7273   1  17   0.0042   0.0036   0.0090  -0.0021  -0.0025   0.0029   0.00   32.5
2026/09/06 08:49:26.000   46.276058186    9.780206818  2346.7263   1  17   0.0042   0.0036   0.0090  -0.0021  -0.0025   0.0029   0.00   32.9
2026/09/06 08:49:27.000   46.276059156    9.780206277  2346.8648   1  17   0.0042   0.0036   0.0090  -0.0021  -0.0025   0.0029   0.00   33.4
2026/09/06 08:49:28.000   46.276065787    9.780208691  2347.0152   1  17   0.0042   0.0036   0.0090  -0.0021  -0.0025   0.0029   0.00   34.3
2026/09/06 08:49:29.000   46.276068169    9.780210583  2347.0264   1  17   0.0042   0.0036   0.0090  -0.0021  -0.0025   0.0029   0.00   35.3
2026/09/06 08:49:30.000   46.276071185    9.780206432  2347.0324   1  17   0.0042   0.0036   0.0090  -0.0021  -0.0025   0.0029   0.00   36.2
2026/09/06 08:49:31.000   46.276071355    9.780206596  2346.9998   1  17   0.0042   0.0036   0.0090  -0.0021  -0.0025   0.0029   0.00   37.3
2026/09/06 08:49:32.000   46.276070850    9.780208626  2347.0071   1  17   0.0042   0.0036   0.0090  -0.0021  -0.0025   0.0029   0.00   37.6
2026/09/06 08:49:33.000   46.276071215    9.780209314  2346.9032   1  17   0.0042   0.0036   0.0090  -0.0021  -0.0025   0.0029   0.00   38.3
2026/09/06 08:49:34.000   46.276071424    9.780209967  2346.9001   1  17   0.0042   0.0036   0.0090  -0.0021  -0.0025   0.0029   0.00   38.3
2026/09/06 08:49:35.000   46.276071636    9.780209825  2346.9036   1  17   0.0042   0.0036   0.0090  -0.0021  -0.0025   0.0029   0.00   39.2
2026/09/06 08:49:36.000   46.276072164    9.780210061  2346.9022   1  17   0.0042   0.0036   0.0090  -0.0021  -0.0025   0.0029   0.00   39.8
2026/09/06 08:49:37.000   46.276073038    9.780211046  2346.9056   1  17   0.0042   0.0036   0.0090  -0.0021  -0.0025   0.0029   0.00   40.7
2026/09/06 08:49:38.000   46.276073671    9.780211478  2346.8989   1  17   0.0042   0.0036   0.0090  -0.0021  -0.0025   0.0029   0.00   41.1
2026/09/06 08:49:39.000   46.276073253    9.780212051  2346.8940   1  17   0.0042   0.0036   0.0090  -0.0021  -0.0025   0.0029   0.00   41.7
2026/09/06 08:49:40.000   46.276073071    9.780212401  2346.8944   1  17   0.0042   0.0036   0.0090  -0.0021  -0.0025   0.0029   0.00   41.8
2026/09/06 08:49:41.000   46.276073540    9.780212340  2346.8933   1  17   0.0042   0.0036   0.0090  -0.0021  -0.0025   0.0029   0.00   42.0
2026/09/06 08:49:42.000   46.276073060    9.780212464  2346.8935   1  17   0.0042   0.0036   0.0090  -0.0021  -0.0025   0.0029   0.00   42.5
2026/09/06 08:49:43.000   46.276073568    9.780211012  2346.8980   1  17   0.0042   0.0036   0.0090  -0.0021  -0.0025   0.0029   0.00   42.5
2026/09/06 08:49:44.000   46.276073886    9.780210366  2346.8905   1  17   0.0042   0.0036   0.0090  -0.0021  -0.0025   0.0029   0.00   42.8
2026/09/06 08:49:45.000   46.276074495    9.780209620  2346.8740   1  17   0.0042   0.0036   0.0090  -0.0021  -0.0025   0.0029   0.00   42.8
2026/09/06 08:49:46.000   46.276074491    9.780209509  2346.8736   1  17   0.0042   0.0036   0.0090  -0.0021  -0.0025   0.0029   0.00   43.0
2026/09/06 08:49:47.000   46.276073221    9.780212533  2346.8855   1  17   0.0042   0.0036   0.0090  -0.0021  -0.0025   0.0029   0.00   43.4
2026/09/06 08:49:48.000   46.276073227    9.780212476  2346.8854   1  17   0.0042   0.0036   0.0090  -0.0021  -0.0025   0.0029   0.00   43.7
2026/09/06 08:49:49.000   46.276073031    9.780212386  2346.8864   1  17   0.0042   0.0036   0.0090  -0.0021  -0.0025   0.0029   0.00   44.4
2026/09/06 08:49:50.000   46.276073031    9.780212373  2346.8842   1  17   0.0042   0.0036   0.0090  -0.0021  -0.0025   0.0029   0.00   44.7
2026/09/06 08:49:51.000   46.276072222    9.780210999  2346.8989   1  17   0.0042   0.0036   0.0090  -0.0021  -0.0025   0.0029   0.00   45.2
2026/09/06 08:49:52.000   46.276072115    9.780210346  2346.9013   1  17   0.0042   0.0036   0.0090  -0.0021  -0.0025   0.0029   0.00   45.2
2026/09/06 08:49:53.000   46.276072063    9.780210050  2346.9050   1  17   0.0042   0.0036   0.0090  -0.0021  -0.0025   0.0029   0.00   45.6
2026/09/06 08:49:54.000   46.276072026    9.780210170  2346.9029   1  17   0.0042   0.0036   0.0090  -0.0021  -0.0025   0.0029   0.00   45.8
2026/09/06 08:49:55.000   46.276072068    9.780210431  2346.9002   1  17   0.0042   0.0036   0.0090  -0.0021  -0.0025   0.0029   0.00   46.3
2026/09/06 08:49:56.000   46.276072081    9.780210378  2346.9057   1  17   0.0042   0.0036   0.0090  -0.0021  -0.0025   0.0029   0.00   46.8
2026/09/06 08:49:57.000   46.276072104    9.780210252  2346.9065   1  17   0.0042   0.0036   0.0090  -0.0021  -0.0025   0.0029   0.00   47.4
2026/09/06 08:49:58.000   46.276072136    9.780210233  2346.8987   1  17   0.0042   0.0036   0.0090  -0.0021  -0.0025   0.0029   0.00   47.8
2026/09/06 08:49:59.000   46.276072108    9.780210267  2346.8947   1  17   0.0042   0.0036   0.0090  -0.0021  -0.0025   0.0029   0.00   48.3
2026/09/06 08:50:00.000   46.276072135    9.780210273  2346.8940   1  17   0.0042   0.0036   0.0090  -0.0021  -0.0024   0.0029   0.00   48.8
2026/09/06 08:50:01.000   46.276072113    9.780210286  2346.8952   1  17   0.0042   0.0036   0.0090  -0.0021  -0.0024   0.0029   0.00   49.3
2026/09/06 08:50:02.000   46.276072123    9.780210283  2346.8986   1  17   0.0042   0.0036   0.0090  -0.0021  -0.0024   0.0029   0.00   49.8
2026/09/06 08:50:03.000   46.276072101    9.780210284  2346.8975   1  17   0.0042   0.0036   0.0090  -0.0021  -0.0024   0.0029   0.00   50.3
2026/09/06 08:50:04.000   46.276072105    9.780210300  2346.8977   1  17   0.0042   0.0036   0.0090  -0.0021  -0.0024   0.0029   0.00   51.1
2026/09/06 08:50:05.000   46.276072105    9.780210319  2346.8967   1  17   0.0042   0.0036   0.0090  -0.0021  -0.0024   0.0029   0.00   51.6
2026/09/06 08:50:06.000   46.276072108    9.780210318  2346.8970   1  17   0.0042   0.0036   0.0090  -0.0021  -0.0024   0.0029   0.00   52.0
2026/09/06 08:50:07.000   46.276072111    9.780210306  2346.8954   1  17   0.0042   0.0036   0.0090  -0.0021  -0.0024   0.0029   0.00   52.7
2026/09/06 08:50:08.000   46.276072124    9.780210296  2346.8944   1  17   0.0042   0.0036   0.0090  -0.0021  -0.0024   0.0029   0.00   53.1
2026/09/06 08:50:09.000   46.276072103    9.780210288  2346.8942   1  17   0.0042   0.0036   0.0090  -0.0021  -0.0024   0.0029   0.00   53.5
2026/09/06 08:50:10.000   46.276072104    9.780210280  2346.8951   1  17   0.0042   0.0036   0.0090  -0.0021  -0.0024   0.0029   0.00   53.8
2026/09/06 08:50:11.000   46.276072098    9.780210288  2346.8941   1  17   0.0042   0.0036   0.0090  -0.0021  -0.0024   0.0029   0.00   54.4
2026/09/06 08:50:12.000   46.276072098    9.780210257  2346.8982   1  17   0.0042   0.0036   0.0090  -0.0021  -0.0024   0.0029   0.00   55.2
2026/09/06 08:50:13.000   46.276072092    9.780210253  2346.8935   1  17   0.0042   0.0036   0.0090  -0.0021  -0.0024   0.0029   0.00   55.6
2026/09/06 08:50:14.000   46.276072097    9.780210263  2346.8945   1  17   0.0042   0.0036   0.0090  -0.0021  -0.0024   0.0029   0.00   56.3
2026/09/06 08:50:15.000   46.276072100    9.780210236  2346.8947   1  17   0.0042   0.0036   0.0090  -0.0021  -0.0024   0.0029   0.00   56.9
2026/09/06 08:50:16.000   46.276072083    9.780210225  2346.8972   1  17   0.0042   0.0036   0.0090  -0.0021  -0.0024   0.0029   0.00   57.4
2026/09/06 08:50:17.000   46.276072087    9.780210230  2346.8980   1  17   0.0042   0.0036   0.0090  -0.0021  -0.0024   0.0029   0.00   57.8
2026/09/06 08:50:18.000   46.276072104    9.780210221  2346.9002   1  17   0.0042   0.0036   0.0090  -0.0021  -0.0024   0.0029   0.00   58.2
2026/09/06 08:50:19.000   46.276072097    9.780210244  2346.9021   1  17   0.0042   0.0036   0.0090  -0.0021  -0.0024   0.0029   0.00   59.0
2026/09/06 08:50:20.000   46.276072084    9.780210233  2346.9021   1  17   0.0042   0.0036   0.0090  -0.0021  -0.0024   0.0029   0.00   59.5
2026/09/06 08:50:21.000   46.276072109    9.780210246  2346.9001   1  17   0.0042   0.0036   0.0090  -0.0021  -0.0024   0.0029   0.00   60.1
2026/09/06 08:50:22.000   46.276072124    9.780210244  2346.9028   1  17   0.0042   0.0036   0.0090  -0.0021  -0.0024   0.0029   0.00   60.7
2026/09/06 08:50:23.000   46.276072095    9.780210248  2346.9017   1  17   0.0042   0.0036   0.0090  -0.0021  -0.0024   0.0029   0.00   61.1
2026/09/06 08:50:24.000   46.276072104    9.780210250  2346.9009   1  17   0.0042   0.0036   0.0090  -0.0021  -0.0024   0.0029   0.00   61.5
2026/09/06 08:50:25.000   46.276072133    9.780210222  2346.9044   1  17   0.0042   0.0036   0.0090  -0.0020  -0.0024   0.0029   0.00   61.9
2026/09/06 08:50:26.000   46.276072113    9.780210249  2346.9050   1  17   0.0042   0.0036   0.0090  -0.0020  -0.0024   0.0029   0.00   62.0
2026/09/06 08:50:27.000   46.276072098    9.780210265  2346.9032   1  17   0.0042   0.0036   0.0090  -0.0020  -0.0024   0.0029   0.00   62.0
2026/09/06 08:50:28.000   46.276072073    9.780210263  2346.8988   1  17   0.0042   0.0036   0.0090  -0.0020  -0.0024   0.0029   0.00  155.3
2026/09/06 08:50:29.000   46.276072084    9.780210275  2346.8975   1  17   0.0042   0.0036   0.0090  -0.0020  -0.0024   0.0029   0.00  174.8
2026/09/06 08:50:30.000   46.276072077    9.780210248  2346.9009   1  17   0.0042   0.0036   0.0090  -0.0020  -0.0024   0.0029   0.00  188.2
2026/09/06 08:50:31.000   46.276072083    9.780210237  2346.8999   1  17   0.0042   0.0036   0.0090  -0.0020  -0.0024   0.0029   0.00  195.8
2026/09/06 08:50:32.000   46.276072101    9.780210230  2346.9010   1  17   0.0042   0.0036   0.0090  -0.0020  -0.0024   0.0029   0.00  203.6
2026/09/06 08:50:33.000   46.276072080    9.780210244  2346.9007   1  17   0.0042   0.0036   0.0090  -0.0020  -0.0024   0.0029   0.00  211.2
2026/09/06 08:50:34.000   46.276072081    9.780210244  2346.9019   1  17   0.0042   0.0036   0.0090  -0.0020  -0.0024   0.0029   0.00  220.1
2026/09/06 08:50:35.000   46.276072089    9.780210238  2346.9027   1  17   0.0042   0.0036   0.0090  -0.0020  -0.0024   0.0029   0.00  226.3
2026/09/06 08:50:36.000   46.276072102    9.780210243  2346.9036   1  17   0.0042   0.0036   0.0090  -0.0020  -0.0024   0.0028   0.00  233.2
2026/09/06 08:50:37.000   46.276072095    9.780210234  2346.9086   1  17   0.0042   0.0036   0.0090  -0.0020  -0.0024   0.0028   0.00  240.2
2026/09/06 08:50:38.000   46.276072092    9.780210223  2346.9060   1  17   0.0042   0.0036   0.0090  -0.0020  -0.0024   0.0028   0.00  247.8
2026/09/06 08:50:39.000   46.276072102    9.780210252  2346.9076   1  17   0.0042   0.0036   0.0090  -0.0020  -0.0024   0.0028   0.00  253.7
2026/09/06 08:50:40.000   46.276072100    9.780210238  2346.9018   1  17   0.0042   0.0036   0.0090  -0.0020  -0.0024   0.0028   0.00  258.7
2026/09/06 08:50:41.000   46.276072113    9.780210239  2346.9042   1  17   0.0042   0.0036   0.0090  -0.0020  -0.0024   0.0028   0.00  264.6
2026/09/06 08:50:42.000   46.276072136    9.780210210  2346.9096   1  17   0.0042   0.0036   0.0090  -0.0020  -0.0024   0.0028   0.00  270.1
2026/09/06 08:50:43.000   46.276072132    9.780210218  2346.9085   1  17   0.0042   0.0036   0.0090  -0.0020  -0.0024   0.0028   0.00  275.1
2026/09/06 08:50:44.000   46.276072129    9.780210264  2346.9105   1  17   0.0042   0.0036   0.0090  -0.0020  -0.0024   0.0028   0.00  280.8
2026/09/06 08:50:45.000   46.276072133    9.780210208  2346.9097   1  17   0.0042   0.0036   0.0090  -0.0020  -0.0024   0.0028   0.00  287.4
2026/09/06 08:50:46.000   46.276072122    9.780210237  2346.9081   1  17   0.0042   0.0036   0.0090  -0.0020  -0.0024   0.0028   0.00  293.8
2026/09/06 08:50:47.000   46.276072129    9.780210244  2346.9055   1  17   0.0042   0.0036   0.0090  -0.0020  -0.0024   0.0028   0.00  300.1
2026/09/06 08:50:48.000   46.276072120    9.780210232  2346.9054   1  17   0.0042   0.0036   0.0090  -0.0020  -0.0024   0.0028   0.00  306.5
2026/09/06 08:50:49.000   46.276072119    9.780210240  2346.9047   1  17   0.0042   0.0036   0.0090  -0.0020  -0.0024   0.0028   0.00  311.9
2026/09/06 08:50:50.000   46.276072110    9.780210236  2346.9043   1  17   0.0042   0.0036   0.0090  -0.0020  -0.0024   0.0028   0.00  317.7
2026/09/06 08:50:51.000   46.276072121    9.780210234  2346.9047   1  17   0.0042   0.0036   0.0090  -0.0020  -0.0024   0.0028   0.00  323.8
2026/09/06 08:50:52.000   46.276072113    9.780210218  2346.9064   1  17   0.0042   0.0036   0.0090  -0.0020  -0.0024   0.0028   0.00  331.4
2026/09/06 08:50:53.000   46.276072099    9.780210232  2346.9023   1  17   0.0042   0.0036   0.0090  -0.0020  -0.0024   0.0028   0.00  337.0
2026/09/06 08:50:54.000   46.276072092    9.780210227  2346.9035   1  17   0.0042   0.0036   0.0090  -0.0020  -0.0024   0.0028   0.00  342.4
2026/09/06 08:50:55.000   46.276072091    9.780210243  2346.9024   1  17   0.0042   0.0036   0.0090  -0.0020  -0.0024   0.0028   0.00  349.7
2026/09/06 08:50:56.000   46.276072097    9.780210239  2346.9051   1  17   0.0042   0.0036   0.0090  -0.0020  -0.0024   0.0028   0.00  356.8
2026/09/06 08:50:57.000   46.276072096    9.780210225  2346.9046   1  17   0.0042   0.0036   0.0090  -0.0020  -0.0024   0.0028   0.00  363.3
2026/09/06 08:50:58.000   46.276072097    9.780210219  2346.9081   1  17   0.0042   0.0036   0.0090  -0.0020  -0.0024   0.0028   0.00  369.5
2026/09/06 08:50:59.000   46.276072110    9.780210204  2346.9023   1  17   0.0042   0.0036   0.0090  -0.0020  -0.0024   0.0028   0.00  374.1
2026/09/06 08:51:00.000   46.276072111    9.780210212  2346.9077   1  17   0.0042   0.0036   0.0090  -0.0020  -0.0024   0.0028   0.00  380.4
2026/09/06 08:51:01.000   46.276072100    9.780210203  2346.9083   1  17   0.0042   0.0036   0.0090  -0.0020  -0.0024   0.0028   0.00  388.6
2026/09/06 08:51:02.000   46.276072101    9.780210191  2346.9098   1  17   0.0042   0.0036   0.0090  -0.0020  -0.0024   0.0028   0.00  395.8
2026/09/06 08:51:03.000   46.276072123    9.780210161  2346.9115   1  17   0.0042   0.0036   0.0090  -0.0020  -0.0024   0.0028   0.00  402.1
2026/09/06 08:51:04.000   46.276072122    9.780210154  2346.9123   1  17   0.0042   0.0036   0.0090  -0.0020  -0.0024   0.0028   0.00  408.7
2026/09/06 08:51:05.000   46.276072111    9.780210195  2346.9077   1  17   0.0042   0.0036   0.0090  -0.0020  -0.0024   0.0028   0.00  416.6
2026/09/06 08:51:06.000   46.276072126    9.780210167  2346.9094   1  17   0.0042   0.0036   0.0090  -0.0020  -0.0023   0.0028   0.00  422.8
2026/09/06 08:51:07.000   46.276072139    9.780210175  2346.9101   1  17   0.0042   0.0036   0.0090  -0.0020  -0.0023   0.0028   0.00  427.4
2026/09/06 08:51:08.000   46.276072126    9.780210222  2346.9103   1  17   0.0042   0.0036   0.0090  -0.0020  -0.0023   0.0028   0.00  430.8
2026/09/06 08:51:09.000   46.276072125    9.780210212  2346.9108   1  17   0.0042   0.0036   0.0090  -0.0020  -0.0023   0.0028   0.00  434.6
2026/09/06 08:51:10.000   46.276072130    9.780210224  2346.9086   1  17   0.0042   0.0036   0.0090  -0.0020  -0.0023   0.0028   0.00  437.6
2026/09/06 08:51:11.000   46.276072131    9.780210204  2346.9039   1  18   0.0042   0.0036   0.0090  -0.0020  -0.0023   0.0028   0.00  440.3
2026/09/06 08:51:12.000   46.276072124    9.780210230  2346.9075   1  17   0.0042   0.0036   0.0090  -0.0020  -0.0023   0.0028   0.00  446.0
2026/09/06 08:51:13.000   46.276072125    9.780210216  2346.9072   1  17   0.0042   0.0036   0.0090  -0.0020  -0.0023   0.0028   0.00  451.3
2026/09/06 08:51:14.000   46.276072130    9.780210241  2346.9073   1  17   0.0042   0.0036   0.0090  -0.0020  -0.0023   0.0028   0.00  459.3
2026/09/06 08:51:15.000   46.276072121    9.780210231  2346.9077   1  17   0.0042   0.0036   0.0090  -0.0020  -0.0023   0.0028   0.00  464.7
2026/09/06 08:51:16.000   46.276072113    9.780210246  2346.9069   1  17   0.0042   0.0036   0.0090  -0.0020  -0.0023   0.0028   0.00  473.8
2026/09/06 08:51:17.000   46.276072122    9.780210236  2346.9039   1  17   0.0042   0.0036   0.0090  -0.0020  -0.0023   0.0028   0.00  481.8
2026/09/06 08:51:18.000   46.276072110    9.780210231  2346.9041   1  17   0.0042   0.0036   0.0090  -0.0020  -0.0023   0.0028   0.00  486.7
2026/09/06 08:51:19.000   46.276072107    9.780210240  2346.9049   1  17   0.0042   0.0036   0.0090  -0.0020  -0.0023   0.0028   0.00  492.2
2026/09/06 08:51:20.000   46.276072111    9.780210221  2346.9040   1  17   0.0042   0.0036   0.0090  -0.0020  -0.0023   0.0028   0.00  495.8
2026/09/06 08:51:21.000   46.276072103    9.780210253  2346.9053   1  17   0.0042   0.0036   0.0090  -0.0020  -0.0023   0.0028   0.00  499.1
2026/09/06 08:51:22.000   46.276072107    9.780210255  2346.9068   1  17   0.0042   0.0036   0.0090  -0.0020  -0.0023   0.0028   0.00  504.0
2026/09/06 08:51:23.000   46.276072111    9.780210245  2346.9052   1  17   0.0042   0.0036   0.0090  -0.0020  -0.0023   0.0028   0.00  504.9
2026/09/06 08:51:24.000   46.276072111    9.780210219  2346.9059   1  17   0.0042   0.0036   0.0090  -0.0020  -0.0023   0.0028   0.00  509.0
2026/09/06 08:51:25.000   46.276072116    9.780210210  2346.9051   1  17   0.0042   0.0036   0.0090  -0.0020  -0.0023   0.0028   0.00  512.3
2026/09/06 08:51:26.000   46.276072097    9.780210193  2346.9050   1  17   0.0042   0.0036   0.0090  -0.0020  -0.0023   0.0028   0.00  516.8
2026/09/06 08:51:27.000   46.276072110    9.780210174  2346.9031   1  17   0.0042   0.0036   0.0090  -0.0020  -0.0023   0.0028   0.00  522.1
2026/09/06 08:51:28.000   46.276072111    9.780210179  2346.9072   1  17   0.0042   0.0036   0.0090  -0.0020  -0.0023   0.0028   0.00  528.2
2026/09/06 08:51:29.000   46.276072113    9.780210193  2346.9090   1  17   0.0042   0.0036   0.0090  -0.0020  -0.0023   0.0028   0.00  532.9
2026/09/06 08:51:30.000   46.276072112    9.780210188  2346.9090   1  17   0.0042   0.0036   0.0090  -0.0020  -0.0023   0.0028   0.00  538.0
2026/09/06 08:51:31.000   46.276072100    9.780210224  2346.9073   1  17   0.0042   0.0036   0.0090  -0.0020  -0.0023   0.0028   0.00  540.8
2026/09/06 08:51:32.000   46.276072113    9.780210218  2346.9089   1  17   0.0042   0.0036   0.0090  -0.0020  -0.0023   0.0028   0.00  543.5
2026/09/06 08:51:33.000   46.276072107    9.780210220  2346.9037   1  17   0.0042   0.0036   0.0090  -0.0020  -0.0023   0.0028   0.00  546.5
2026/09/06 08:51:34.000   46.276072098    9.780210244  2346.9053   1  17   0.0042   0.0036   0.0090  -0.0020  -0.0023   0.0028   0.00  548.8
2026/09/06 08:51:35.000   46.276072096    9.780210249  2346.9018   1  17   0.0042   0.0036   0.0090  -0.0020  -0.0023   0.0028   0.00  549.1
2026/09/06 08:51:36.000   46.276072091    9.780210245  2346.9040   1  17   0.0042   0.0036   0.0090  -0.0020  -0.0023   0.0028   0.00  553.3
2026/09/06 08:51:37.000   46.276072077    9.780210237  2346.9002   1  17   0.0042   0.0036   0.0090  -0.0020  -0.0023   0.0028   0.00  557.5
2026/09/06 08:51:38.000   46.276072072    9.780210241  2346.8990   1  17   0.0042   0.0036   0.0090  -0.0020  -0.0023   0.0028   0.00  564.4
2026/09/06 08:51:39.000   46.276072073    9.780210204  2346.8998   1  17   0.0042   0.0036   0.0090  -0.0020  -0.0023   0.0028   0.00  569.3
2026/09/06 08:51:40.000   46.276072067    9.780210186  2346.8996   1  17   0.0042   0.0036   0.0090  -0.0020  -0.0023   0.0028   0.00  575.4
2026/09/06 08:51:41.000   46.276072072    9.780210200  2346.9005   1  17   0.0042   0.0036   0.0090  -0.0020  -0.0023   0.0028   0.00  578.7
2026/09/06 08:51:42.000   46.276072068    9.780210202  2346.9041   1  17   0.0042   0.0036   0.0090  -0.0020  -0.0023   0.0028   0.00  582.6
2026/09/06 08:51:43.000   46.276072077    9.780210205  2346.9009   1  17   0.0042   0.0036   0.0090  -0.0020  -0.0023   0.0028   0.00  585.8
2026/09/06 08:51:44.000   46.276072071    9.780210193  2346.9036   1  17   0.0042   0.0036   0.0090  -0.0020  -0.0023   0.0028   0.00  590.5
2026/09/06 08:51:45.000   46.276072076    9.780210183  2346.9023   1  17   0.0042   0.0036   0.0090  -0.0020  -0.0023   0.0028   0.00  595.0
2026/09/06 08:51:46.000   46.276072087    9.780210195  2346.8990   1  17   0.0042   0.0036   0.0090  -0.0020  -0.0023   0.0028   0.00  598.5
2026/09/06 08:51:47.000   46.276072098    9.780210198  2346.9028   1  17   0.0042   0.0036   0.0090  -0.0020  -0.0023   0.0028   0.00  603.0
2026/09/06 08:51:48.000   46.276072101    9.780210186  2346.9024   1  17   0.0042   0.0036   0.0090  -0.0020  -0.0023   0.0028   0.00  608.4
2026/09/06 08:51:49.000   46.276072103    9.780210181  2346.9033   1  17   0.0042   0.0036   0.0090  -0.0020  -0.0023   0.0028   0.00  613.4
2026/09/06 08:51:50.000   46.276072089    9.780210194  2346.9049   1  17   0.0042   0.0036   0.0090  -0.0020  -0.0023   0.0028   0.00  620.7
2026/09/06 08:51:51.000   46.276072097    9.780210186  2346.9065   1  17   0.0042   0.0036   0.0090  -0.0020  -0.0023   0.0028   0.00  627.7
2026/09/06 08:51:52.000   46.276072081    9.780210189  2346.9059   1  17   0.0042   0.0036   0.0090  -0.0020  -0.0023   0.0028   0.00  633.9
2026/09/06 08:51:53.000   46.276072097    9.780210196  2346.9067   1  17   0.0042   0.0036   0.0090  -0.0020  -0.0023   0.0028   0.00  636.8
2026/09/06 08:51:54.000   46.276072099    9.780210190  2346.9066   1  17   0.0042   0.0036   0.0090  -0.0020  -0.0023   0.0028   0.00  641.1
2026/09/06 08:51:55.000   46.276072112    9.780210177  2346.9051   1  18   0.0042   0.0036   0.0090  -0.0020  -0.0023   0.0028   0.00  642.3
2026/09/06 08:51:56.000   46.276072112    9.780210193  2346.9047   1  18   0.0042   0.0036   0.0088  -0.0020  -0.0021   0.0029   0.00  646.0
2026/09/06 08:51:57.000   46.276072124    9.780210196  2346.9074   1  18   0.0042   0.0035   0.0088  -0.0021  -0.0021   0.0029   0.00  650.7
2026/09/06 08:51:58.000   46.276072108    9.780210214  2346.9015   1  18   0.0042   0.0035   0.0088  -0.0021  -0.0020   0.0029   0.00  654.0
2026/09/06 08:51:59.000   46.276072072    9.780210203  2346.9078   1  18   0.0042   0.0035   0.0087  -0.0021  -0.0020   0.0029   0.00    3.7
2026/09/06 08:52:00.000   46.276072105    9.780210182  2346.9050   1  18   0.0042   0.0035   0.0087  -0.0021  -0.0020   0.0029   0.00    8.5
2026/09/06 08:52:01.000   46.276072095    9.780210176  2346.9092   1  18   0.0042   0.0035   0.0087  -0.0021  -0.0019   0.0029   0.00   13.4
2026/09/06 08:52:02.000   46.276072106    9.780210185  2346.9129   1  18   0.0042   0.0035   0.0087  -0.0021  -0.0019   0.0029   0.00   18.2
2026/09/06 08:52:03.000   46.276072109    9.780210169  2346.9058   1  18   0.0042   0.0035   0.0087  -0.0021  -0.0019   0.0029   0.00   23.1
2026/09/06 08:52:04.000   46.276072117    9.780210182  2346.9083   1  18   0.0042   0.0035   0.0087  -0.0021  -0.0019   0.0029   0.00   27.8
2026/09/06 08:52:05.000   46.276072114    9.780210160  2346.9042   1  18   0.0042   0.0035   0.0087  -0.0021  -0.0019   0.0029   0.00   32.3
2026/09/06 08:52:06.000   46.276072104    9.780210171  2346.9098   1  19   0.0042   0.0035   0.0087  -0.0021  -0.0019   0.0029   0.00   36.9
2026/09/06 08:52:07.000   46.276072112    9.780210176  2346.9082   1  19   0.0042   0.0035   0.0086  -0.0021  -0.0017   0.0030   0.00   41.4
2026/09/06 08:52:08.000   46.276072119    9.780210166  2346.9069   1  19   0.0041   0.0035   0.0085  -0.0021  -0.0017   0.0030   0.00   45.6
2026/09/06 08:52:09.000   46.276072096    9.780210185  2346.9106   1  19   0.0041   0.0035   0.0085  -0.0021  -0.0016   0.0030   0.00   50.0
2026/09/06 08:52:10.000   46.276072099    9.780210174  2346.9161   1  19   0.0041   0.0035   0.0084  -0.0021  -0.0015   0.0030   0.00    4.1
2026/09/06 08:52:11.000   46.276072095    9.780210198  2346.9123   1  19   0.0041   0.0035   0.0083  -0.0021  -0.0013   0.0031   0.00    8.6
2026/09/06 08:52:12.000   46.276072115    9.780210176  2346.9156   1  19   0.0041   0.0035   0.0084  -0.0021  -0.0015   0.0030   0.00   13.1
2026/09/06 08:52:13.000   46.276072083    9.780210195  2346.9162   1  19   0.0041   0.0035   0.0084  -0.0021  -0.0015   0.0030   0.00   17.5
2026/09/06 08:52:14.000   46.276072087    9.780210203  2346.9164   1  19   0.0041   0.0035   0.0084  -0.0021  -0.0015   0.0030   0.00   21.7
2026/09/06 08:52:15.000   46.276072087    9.780210179  2346.9156   1  19   0.0041   0.0035   0.0084  -0.0021  -0.0015   0.0030   0.00   25.8
2026/09/06 08:52:16.000   46.276072090    9.780210186  2346.9154   1  19   0.0041   0.0034   0.0082  -0.0021  -0.0012   0.0031   0.00   30.0
2026/09/06 08:52:17.000   46.276072090    9.780210187  2346.9157   1  19   0.0041   0.0035   0.0084  -0.0021  -0.0015   0.0030   0.00   34.0
2026/09/06 08:52:18.000   46.276072078    9.780210186  2346.9146   1  19   0.0041   0.0035   0.0084  -0.0021  -0.0015   0.0030   0.00   38.1
2026/09/06 08:52:19.000   46.276072081    9.780210202  2346.9160   1  19   0.0041   0.0035   0.0084  -0.0021  -0.0015   0.0030   0.00   42.0
2026/09/06 08:52:20.000   46.276072085    9.780210189  2346.9123   1  19   0.0041   0.0035   0.0084  -0.0021  -0.0015   0.0030   0.00   45.6
2026/09/06 08:52:21.000   46.276072076    9.780210193  2346.9119   1  19   0.0041   0.0035   0.0084  -0.0021  -0.0015   0.0030   0.00   49.4
2026/09/06 08:52:22.000   46.276072076    9.780210212  2346.9114   1  19   0.0041   0.0035   0.0084  -0.0021  -0.0015   0.0030   0.00   53.3
2026/09/06 08:52:23.000   46.276072095    9.780210199  2346.9116   1  19   0.0041   0.0035   0.0084  -0.0021  -0.0015   0.0030   0.00   57.3
2026/09/06 08:52:24.000   46.276072092    9.780210205  2346.9116   1  19   0.0041   0.0035   0.0084  -0.0021  -0.0015   0.0030   0.00   60.8
2026/09/06 08:52:25.000   46.276072099    9.780210225  2346.9096   1  19   0.0041   0.0035   0.0084  -0.0021  -0.0015   0.0030   0.00   64.8
2026/09/06 08:52:26.000   46.276072097    9.780210210  2346.9093   1  19   0.0041   0.0035   0.0084  -0.0021  -0.0015   0.0030   0.00   68.5
2026/09/06 08:52:27.000   46.276072094    9.780210214  2346.9120   1  19   0.0041   0.0035   0.0084  -0.0021  -0.0015   0.0030   0.00   72.2
2026/09/06 08:52:28.000   46.276072077    9.780210211  2346.9097   1  19   0.0041   0.0035   0.0084  -0.0021  -0.0015   0.0030   0.00   75.9
2026/09/06 08:52:29.000   46.276072098    9.780210204  2346.9115   1  19   0.0041   0.0035   0.0084  -0.0021  -0.0015   0.0030   0.00   79.7
2026/09/06 08:52:30.000   46.276072114    9.780210202  2346.9111   1  18   0.0042   0.0035   0.0087  -0.0021  -0.0019   0.0029   0.00  127.3
2026/09/06 08:52:31.000   46.276072100    9.780210182  2346.9133   1  19   0.0041   0.0035   0.0084  -0.0021  -0.0015   0.0030   0.00   82.9
2026/09/06 08:52:32.000   46.276072086    9.780210191  2346.9113   1  19   0.0041   0.0035   0.0084  -0.0021  -0.0015   0.0030   0.00   86.5
2026/09/06 08:52:33.000   46.276072080    9.780210196  2346.9118   1  19   0.0041   0.0035   0.0084  -0.0021  -0.0015   0.0030   0.00   90.2
2026/09/06 08:52:34.000   46.276072072    9.780210211  2346.9113   1  19   0.0041   0.0035   0.0084  -0.0021  -0.0015   0.0030   0.00   93.7
2026/09/06 08:52:35.000   46.276072078    9.780210212  2346.9074   1  18   0.0042   0.0035   0.0087  -0.0021  -0.0019   0.0029   0.00  143.4
2026/09/06 08:52:36.000   46.276072059    9.780210226  2346.9134   1  18   0.0042   0.0035   0.0087  -0.0021  -0.0019   0.0029   0.00  146.7
2026/09/06 08:52:37.000   46.276072057    9.780210220  2346.9111   1  18   0.0042   0.0035   0.0087  -0.0021  -0.0019   0.0029   0.00  150.1
2026/09/06 08:52:38.000   46.276072071    9.780210209  2346.9143   1  18   0.0042   0.0035   0.0087  -0.0021  -0.0019   0.0029   0.00  154.0
2026/09/06 08:52:39.000   46.276072077    9.780210216  2346.9103   1  18   0.0042   0.0035   0.0087  -0.0021  -0.0019   0.0029   0.00  157.1
2026/09/06 08:52:40.000   46.276072076    9.780210204  2346.9116   1  18   0.0042   0.0035   0.0087  -0.0021  -0.0019   0.0029   0.00  160.5
2026/09/06 08:52:41.000   46.276072080    9.780210206  2346.9072   1  18   0.0042   0.0035   0.0087  -0.0021  -0.0019   0.0029   0.00  163.9
2026/09/06 08:52:42.000   46.276072081    9.780210220  2346.9074   1  18   0.0042   0.0035   0.0087  -0.0021  -0.0019   0.0029   0.00  166.6
2026/09/06 08:52:43.000   46.276072100    9.780210221  2346.9083   1  18   0.0042   0.0035   0.0087  -0.0021  -0.0019   0.0029   0.00  169.2
2026/09/06 08:52:44.000   46.276072103    9.780210208  2346.9110   1  18   0.0042   0.0035   0.0087  -0.0021  -0.0019   0.0029   0.00  172.4
2026/09/06 08:52:45.000   46.276072080    9.780210225  2346.9088   1  18   0.0042   0.0035   0.0087  -0.0021  -0.0019   0.0029   0.00  174.8
2026/09/06 08:52:46.000   46.276072098    9.780210214  2346.9127   1  18   0.0042   0.0035   0.0087  -0.0021  -0.0019   0.0029   0.00  177.4
2026/09/06 08:52:47.000   46.276072108    9.780210209  2346.9080   1  18   0.0042   0.0035   0.0087  -0.0021  -0.0019   0.0029   0.00  179.2
2026/09/06 08:52:48.000   46.276072089    9.780210210  2346.9084   1  18   0.0042   0.0035   0.0087  -0.0021  -0.0019   0.0029   0.00  181.6
2026/09/06 08:52:49.000   46.276072080    9.780210221  2346.9101   1  18   0.0042   0.0035   0.0087  -0.0021  -0.0019   0.0029   0.00  184.3
2026/09/06 08:52:50.000   46.276072091    9.780210189  2346.9108   1  18   0.0042   0.0035   0.0087  -0.0021  -0.0019   0.0029   0.00  186.9
2026/09/06 08:52:51.000   46.276072082    9.780210210  2346.9117   1  18   0.0042   0.0035   0.0087  -0.0021  -0.0019   0.0029   0.00  189.4
2026/09/06 08:52:52.000   46.276072082    9.780210204  2346.9070   1  18   0.0042   0.0035   0.0087  -0.0021  -0.0019   0.0029   0.00  191.6
2026/09/06 08:52:53.000   46.276072076    9.780210207  2346.9077   1  18   0.0042   0.0035   0.0087  -0.0021  -0.0019   0.0029   0.00  193.5
2026/09/06 08:52:54.000   46.276072093    9.780210197  2346.9078   1  18   0.0042   0.0035   0.0087  -0.0021  -0.0019   0.0029   0.00  196.6
2026/09/06 08:52:55.000   46.276072092    9.780210200  2346.9097   1  18   0.0042   0.0035   0.0087  -0.0021  -0.0019   0.0029   0.00  199.4
2026/09/06 08:52:56.000   46.276072089    9.780210173  2346.9106   1  18   0.0042   0.0035   0.0087  -0.0021  -0.0019   0.0029   0.00  202.0
2026/09/06 08:52:57.000   46.276072081    9.780210188  2346.9128   1  18   0.0042   0.0035   0.0087  -0.0021  -0.0019   0.0029   0.00  205.4
2026/09/06 08:52:58.000   46.276072074    9.780210179  2346.9148   1  18   0.0042   0.0035   0.0087  -0.0021  -0.0019   0.0029   0.00  208.5
2026/09/06 08:52:59.000   46.276072070    9.780210191  2346.9089   1  18   0.0042   0.0035   0.0087  -0.0021  -0.0018   0.0029   0.00  210.4
2026/09/06 08:53:00.000   46.276072080    9.780210194  2346.9137   1  18   0.0042   0.0035   0.0087  -0.0021  -0.0018   0.0029   0.00  212.7
2026/09/06 08:53:01.000   46.276072079    9.780210197  2346.9121   1  18   0.0042   0.0035   0.0087  -0.0021  -0.0018   0.0029   0.00  214.8
2026/09/06 08:53:02.000   46.276072083    9.780210195  2346.9090   1  18   0.0042   0.0035   0.0087  -0.0021  -0.0018   0.0029   0.00  216.9
2026/09/06 08:53:03.000   46.276072072    9.780210211  2346.9060   1  18   0.0042   0.0035   0.0087  -0.0020  -0.0018   0.0029   0.00  217.8
2026/09/06 08:53:04.000   46.276072079    9.780210203  2346.9065   1  18   0.0042   0.0035   0.0087  -0.0020  -0.0018   0.0029   0.00  220.3
2026/09/06 08:53:05.000   46.276072062    9.780210213  2346.9073   1  18   0.0042   0.0035   0.0087  -0.0020  -0.0018   0.0029   0.00  222.3
2026/09/06 08:53:06.000   46.276072075    9.780210208  2346.9029   1  18   0.0042   0.0035   0.0087  -0.0020  -0.0018   0.0029   0.00  224.1
2026/09/06 08:53:07.000   46.276072081    9.780210189  2346.9077   1  18   0.0042   0.0035   0.0087  -0.0020  -0.0018   0.0029   0.00  226.4
2026/09/06 08:53:08.000   46.276072073    9.780210241  2346.9043   1  18   0.0042   0.0035   0.0087  -0.0020  -0.0018   0.0029   0.00  228.2
2026/09/06 08:53:09.000   46.276072060    9.780210252  2346.9023   1  18   0.0042   0.0035   0.0087  -0.0020  -0.0018   0.0029   0.00  229.9
2026/09/06 08:53:10.000   46.276072067    9.780210232  2346.9030   1  18   0.0042   0.0035   0.0087  -0.0020  -0.0018   0.0029   0.00  231.8
2026/09/06 08:53:11.000   46.276072067    9.780210256  2346.9039   1  18   0.0042   0.0035   0.0087  -0.0020  -0.0018   0.0029   0.00  234.0
2026/09/06 08:53:12.000   46.276072066    9.780210229  2346.9059   1  18   0.0042   0.0035   0.0087  -0.0020  -0.0018   0.0029   0.00  236.3
2026/09/06 08:53:13.000   46.276072071    9.780210199  2346.9046   1  18   0.0042   0.0035   0.0087  -0.0020  -0.0018   0.0029   0.00  238.9
2026/09/06 08:53:14.000   46.276072090    9.780210192  2346.9070   1  18   0.0042   0.0035   0.0087  -0.0020  -0.0018   0.0029   0.00  241.1
2026/09/06 08:53:15.000   46.276072060    9.780210197  2346.9056   1  18   0.0042   0.0035   0.0087  -0.0020  -0.0018   0.0029   0.00  242.9
2026/09/06 08:53:16.000   46.276072086    9.780210181  2346.9088   1  18   0.0042   0.0035   0.0087  -0.0020  -0.0018   0.0029   0.00  245.6
2026/09/06 08:53:17.000   46.276072070    9.780210187  2346.9078   1  18   0.0042   0.0035   0.0087  -0.0020  -0.0018   0.0029   0.00  247.9
2026/09/06 08:53:18.000   46.276072071    9.780210210  2346.9073   1  18   0.0042   0.0035   0.0087  -0.0020  -0.0018   0.0029   0.00  250.1
2026/09/06 08:53:19.000   46.276072076    9.780210199  2346.9068   1  18   0.0042   0.0035   0.0087  -0.0020  -0.0018   0.0029   0.00  252.1
2026/09/06 08:53:20.000   46.276072068    9.780210207  2346.9044   1  18   0.0042   0.0035   0.0087  -0.0020  -0.0018   0.0029   0.00  254.5
2026/09/06 08:53:21.000   46.276072092    9.780210193  2346.9098   1  18   0.0042   0.0035   0.0087  -0.0020  -0.0018   0.0029   0.00  256.8
2026/09/06 08:53:22.000   46.276072077    9.780210190  2346.9105   1  18   0.0042   0.0035   0.0087  -0.0020  -0.0018   0.0029   0.00  258.8
2026/09/06 08:53:23.000   46.276072063    9.780210218  2346.9063   1  18   0.0042   0.0035   0.0087  -0.0020  -0.0018   0.0029   0.00  261.5
2026/09/06 08:53:24.000   46.276072053    9.780210203  2346.9024   1  18   0.0042   0.0035   0.0087  -0.0020  -0.0018   0.0029   0.00  263.3
2026/09/06 08:53:25.000   46.276072061    9.780210213  2346.9064   1  18   0.0042   0.0035   0.0087  -0.0020  -0.0018   0.0029   0.00  265.5
2026/09/06 08:53:26.000   46.276072056    9.780210235  2346.9034   1  18   0.0042   0.0035   0.0087  -0.0020  -0.0018   0.0029   0.00  268.4
2026/09/06 08:53:27.000   46.276072078    9.780210186  2346.9075   1  18   0.0042   0.0035   0.0088  -0.0020  -0.0018   0.0029   0.00  270.4
2026/09/06 08:53:28.000   46.276072072    9.780210219  2346.9036   1  18   0.0042   0.0035   0.0088  -0.0020  -0.0018   0.0029   0.00  272.7
2026/09/06 08:53:29.000   46.276072081    9.780210190  2346.9085   1  18   0.0042   0.0035   0.0088  -0.0020  -0.0018   0.0029   0.00  275.6
2026/09/06 08:53:30.000   46.276072081    9.780210194  2346.9074   1  18   0.0042   0.0035   0.0088  -0.0020  -0.0018   0.0029   0.00  277.7
2026/09/06 08:53:31.000   46.276072071    9.780210181  2346.9048   1  18   0.0042   0.0035   0.0088  -0.0020  -0.0018   0.0029   0.00  280.8
2026/09/06 08:53:32.000   46.276072068    9.780210202  2346.9047   1  18   0.0042   0.0035   0.0088  -0.0020  -0.0018   0.0029   0.00  284.0
2026/09/06 08:53:33.000   46.276072083    9.780210189  2346.9037   1  18   0.0042   0.0035   0.0088  -0.0020  -0.0018   0.0029   0.00  287.7
2026/09/06 08:53:34.000   46.276072068    9.780210174  2346.9036   1  18   0.0042   0.0035   0.0088  -0.0020  -0.0018   0.0029   0.00  290.2
2026/09/06 08:53:35.000   46.276072069    9.780210210  2346.9010   1  18   0.0042   0.0035   0.0088  -0.0020  -0.0018   0.0029   0.00  292.6
2026/09/06 08:53:36.000   46.276072070    9.780210195  2346.9035   1  18   0.0042   0.0035   0.0088  -0.0020  -0.0018   0.0029   0.00  294.9
2026/09/06 08:53:37.000   46.276072053    9.780210217  2346.9016   1  18   0.0042   0.0035   0.0088  -0.0020  -0.0018   0.0029   0.00  297.3
2026/09/06 08:53:38.000   46.276072074    9.780210220  2346.9026   1  18   0.0042   0.0035   0.0088  -0.0020  -0.0018   0.0029   0.00  299.7
2026/09/06 08:53:39.000   46.276072072    9.780210240  2346.9024   1  18   0.0042   0.0035   0.0088  -0.0020  -0.0018   0.0029   0.00  302.9
2026/09/06 08:53:40.000   46.276072056    9.780210243  2346.8992   1  18   0.0042   0.0035   0.0088  -0.0020  -0.0018   0.0029   0.00  304.0
2026/09/06 08:53:41.000   46.276072066    9.780210243  2346.9032   1  18   0.0042   0.0035   0.0088  -0.0020  -0.0018   0.0029   0.00  306.0
2026/09/06 08:53:42.000   46.276072079    9.780210231  2346.9053   1  19   0.0042   0.0035   0.0088  -0.0020  -0.0018   0.0029   0.00  308.7
2026/09/06 08:53:43.000   46.276072078    9.780210231  2346.9037   1  19   0.0042   0.0035   0.0086  -0.0021  -0.0016   0.0029   0.00  311.3
2026/09/06 08:53:44.000   46.276072074    9.780210218  2346.9038   1  19   0.0042   0.0035   0.0085  -0.0021  -0.0015   0.0030   0.00  313.7
2026/09/06 08:53:45.000   46.276072077    9.780210217  2346.9037   1  19   0.0042   0.0035   0.0085  -0.0021  -0.0015   0.0030   0.00  317.0
2026/09/06 08:53:46.000   46.276072085    9.780210230  2346.9014   1  19   0.0042   0.0035   0.0085  -0.0021  -0.0014   0.0030   0.00  319.3
2026/09/06 08:53:47.000   46.276072108    9.780210229  2346.9077   1  19   0.0042   0.0035   0.0085  -0.0021  -0.0014   0.0030   0.00  321.8
2026/09/06 08:53:48.000   46.276072091    9.780210212  2346.9098   1  19   0.0042   0.0035   0.0084  -0.0021  -0.0013   0.0030   0.00    3.5
2026/09/06 08:53:49.000   46.276072087    9.780210198  2346.9100   1  19   0.0042   0.0035   0.0084  -0.0021  -0.0013   0.0030   0.00    6.5
2026/09/06 08:53:50.000   46.276072085    9.780210210  2346.9077   1  19   0.0042   0.0035   0.0084  -0.0021  -0.0013   0.0030   0.00    9.5
2026/09/06 08:53:51.000   46.276072073    9.780210186  2346.9064   1  19   0.0042   0.0035   0.0084  -0.0021  -0.0013   0.0030   0.00   12.7
2026/09/06 08:53:52.000   46.276072095    9.780210178  2346.9110   1  19   0.0042   0.0035   0.0084  -0.0021  -0.0013   0.0030   0.00   15.7
2026/09/06 08:53:53.000   46.276072079    9.780210180  2346.9094   1  19   0.0042   0.0035   0.0084  -0.0021  -0.0013   0.0030   0.00   18.8
2026/09/06 08:53:54.000   46.276072085    9.780210193  2346.9125   1  19   0.0042   0.0035   0.0084  -0.0021  -0.0013   0.0030   0.00   22.0
2026/09/06 08:53:55.000   46.276072080    9.780210203  2346.9140   1  19   0.0042   0.0035   0.0084  -0.0021  -0.0013   0.0030   0.00   25.2
2026/09/06 08:53:56.000   46.276072104    9.780210201  2346.9117   1  19   0.0042   0.0035   0.0084  -0.0021  -0.0013   0.0030   0.00   28.3
2026/09/06 08:53:57.000   46.276072106    9.780210185  2346.9093   1  19   0.0042   0.0035   0.0084  -0.0021  -0.0013   0.0030   0.00   31.4
2026/09/06 08:53:58.000   46.276072090    9.780210203  2346.9065   1  19   0.0042   0.0035   0.0084  -0.0021  -0.0013   0.0030   0.00   34.4
2026/09/06 08:53:59.000   46.276072093    9.780210183  2346.9132   1  19   0.0042   0.0035   0.0084  -0.0021  -0.0013   0.0030   0.00   37.5
2026/09/06 08:54:00.000   46.276072098    9.780210218  2346.9104   1  18   0.0042   0.0035   0.0088  -0.0020  -0.0017   0.0029   0.00  365.2
2026/09/06 08:54:01.000   46.276072106    9.780210215  2346.9118   1  18   0.0042   0.0035   0.0088  -0.0020  -0.0017   0.0029   0.00  368.0
2026/09/06 08:54:02.000   46.276072101    9.780210211  2346.9123   1  19   0.0042   0.0035   0.0084  -0.0021  -0.0013   0.0030   0.00   40.6
2026/09/06 08:54:03.000   46.276072080    9.780210212  2346.9115   1  19   0.0042   0.0035   0.0084  -0.0021  -0.0013   0.0030   0.00   43.7
2026/09/06 08:54:04.000   46.276072085    9.780210207  2346.9119   1  19   0.0042   0.0035   0.0084  -0.0021  -0.0013   0.0030   0.00   46.6
2026/09/06 08:54:05.000   46.276072065    9.780210216  2346.9102   1  19   0.0042   0.0035   0.0084  -0.0021  -0.0013   0.0030   0.00   49.5
2026/09/06 08:54:06.000   46.276072069    9.780210197  2346.9119   1  19   0.0042   0.0035   0.0084  -0.0021  -0.0013   0.0030   0.00   52.4
2026/09/06 08:54:07.000   46.276072061    9.780210226  2346.9086   1  19   0.0042   0.0035   0.0084  -0.0021  -0.0013   0.0030   0.00   55.4
2026/09/06 08:54:08.000   46.276072087    9.780210196  2346.9135   1  19   0.0042   0.0035   0.0084  -0.0021  -0.0013   0.0030   0.00   58.4
2026/09/06 08:54:09.000   46.276072098    9.780210203  2346.9153   1  19   0.0042   0.0035   0.0084  -0.0021  -0.0013   0.0030   0.00   61.4
2026/09/06 08:54:10.000   46.276072110    9.780210219  2346.9176   1  19   0.0042   0.0035   0.0084  -0.0021  -0.0013   0.0030   0.00   64.4
2026/09/06 08:54:11.000   46.276072118    9.780210196  2346.9182   1  19   0.0042   0.0035   0.0084  -0.0021  -0.0013   0.0030   0.00   67.3
2026/09/06 08:54:12.000   46.276072113    9.780210209  2346.9216   1  19   0.0042   0.0035   0.0084  -0.0021  -0.0013   0.0030   0.00   70.3
2026/09/06 08:54:13.000   46.276072119    9.780210179  2346.9183   1  19   0.0042   0.0034   0.0083  -0.0021  -0.0011   0.0030   0.00   73.1
2026/09/06 08:54:14.000   46.276072128    9.780210192  2346.9242   1  19   0.0041   0.0034   0.0082  -0.0021  -0.0010   0.0030   0.00   76.2
2026/09/06 08:54:15.000   46.276072116    9.780210191  2346.9218   1  19   0.0041   0.0034   0.0082  -0.0021  -0.0009   0.0030   0.00   79.4
2026/09/06 08:54:16.000   46.276072108    9.780210166  2346.9256   1  19   0.0041   0.0034   0.0081  -0.0021  -0.0008   0.0031   0.00    3.8
2026/09/06 08:54:17.000   46.276072130    9.780210165  2346.9258   1  19   0.0041   0.0034   0.0081  -0.0021  -0.0008   0.0031   0.00    7.1
2026/09/06 08:54:18.000   46.276072123    9.780210147  2346.9279   1  19   0.0041   0.0034   0.0081  -0.0021  -0.0008   0.0031   0.00   10.3
2026/09/06 08:54:19.000   46.276072099    9.780210165  2346.9164   1  17   0.0047   0.0035   0.0092  -0.0021  -0.0017   0.0040   0.00  150.6
2026/09/06 08:54:20.000   46.276072123    9.780210144  2346.9261   1  18   0.0042   0.0035   0.0083  -0.0021  -0.0011   0.0030   0.00   20.7
2026/09/06 08:54:21.000   46.276072127    9.780210147  2346.9217   1  18   0.0042   0.0035   0.0083  -0.0021  -0.0011   0.0030   0.00   25.9
2026/09/06 08:54:22.000   46.276072100    9.780210157  2346.9229   1  18   0.0047   0.0034   0.0087  -0.0021  -0.0008   0.0041   0.00   20.6
2026/09/06 08:54:23.000   46.276072088    9.780210168  2346.9160   1  18   0.0047   0.0035   0.0090  -0.0021  -0.0013   0.0040   0.00  107.1
2026/09/06 08:54:24.000   46.276072098    9.780210190  2346.9185   1  18   0.0047   0.0035   0.0090  -0.0021  -0.0013   0.0040   0.00  110.4
2026/09/06 08:54:25.000   46.276072099    9.780210205  2346.9178   1  18   0.0047   0.0035   0.0090  -0.0021  -0.0013   0.0040   0.00  113.6
2026/09/06 08:54:26.000   46.276072100    9.780210184  2346.9156   1  18   0.0047   0.0035   0.0090  -0.0021  -0.0013   0.0040   0.00  116.6
2026/09/06 08:54:27.000   46.276072102    9.780210193  2346.9181   1  18   0.0047   0.0035   0.0090  -0.0021  -0.0013   0.0040   0.00  119.4
2026/09/06 08:54:28.000   46.276072088    9.780210220  2346.9149   1  18   0.0047   0.0035   0.0090  -0.0021  -0.0013   0.0040   0.00  122.7
2026/09/06 08:54:29.000   46.276072089    9.780210229  2346.9140   1  18   0.0047   0.0035   0.0090  -0.0021  -0.0013   0.0040   0.00  125.6
2026/09/06 08:54:30.000   46.276072087    9.780210224  2346.9144   1  18   0.0047   0.0035   0.0090  -0.0021  -0.0013   0.0040   0.00  128.0
2026/09/06 08:54:31.000   46.276072087    9.780210216  2346.9125   1  18   0.0047   0.0035   0.0090  -0.0021  -0.0013   0.0040   0.00  130.7
2026/09/06 08:54:32.000   46.276072107    9.780210201  2346.9159   1  18   0.0047   0.0035   0.0090  -0.0021  -0.0013   0.0040   0.00  133.4
2026/09/06 08:54:33.000   46.276072104    9.780210215  2346.9166   1  18   0.0047   0.0035   0.0090  -0.0021  -0.0013   0.0040   0.00  136.8
2026/09/06 08:54:34.000   46.276072080    9.780210224  2346.9150   1  18   0.0047   0.0035   0.0090  -0.0021  -0.0013   0.0040   0.00  140.1
2026/09/06 08:54:35.000   46.276072094    9.780210178  2346.9196   1  18   0.0047   0.0035   0.0090  -0.0021  -0.0013   0.0040   0.00  143.4
2026/09/06 08:54:36.000   46.276072103    9.780210200  2346.9170   1  18   0.0047   0.0035   0.0090  -0.0021  -0.0013   0.0040   0.00  146.4
2026/09/06 08:54:37.000   46.276072105    9.780210201  2346.9151   1  18   0.0047   0.0035   0.0090  -0.0021  -0.0013   0.0040   0.00  149.6
2026/09/06 08:54:38.000   46.276072100    9.780210240  2346.9078   1  16   0.0047   0.0036   0.0096  -0.0021  -0.0021   0.0039   0.00  999.9
2026/09/06 08:54:39.000   46.276072093    9.780210228  2346.9104   1  17   0.0047   0.0035   0.0093  -0.0021  -0.0017   0.0039   0.00  508.2
2026/09/06 08:54:40.000   46.276072079    9.780210226  2346.9056   1  17   0.0047   0.0035   0.0093  -0.0021  -0.0017   0.0039   0.00  514.2
2026/09/06 08:54:41.000   46.276072096    9.780210180  2346.9110   1  17   0.0047   0.0035   0.0093  -0.0021  -0.0017   0.0039   0.00  518.5
2026/09/06 08:54:42.000   46.276072101    9.780210211  2346.9076   1  17   0.0047   0.0035   0.0093  -0.0021  -0.0017   0.0039   0.00  522.9
2026/09/06 08:54:43.000   46.276072083    9.780210219  2346.9092   1  17   0.0047   0.0035   0.0093  -0.0021  -0.0017   0.0039   0.00  528.2
2026/09/06 08:54:44.000   46.276072108    9.780210216  2346.9111   1  16   0.0047   0.0036   0.0096  -0.0021  -0.0021   0.0039   0.00  999.9
2026/09/06 08:54:45.000   46.276072102    9.780210210  2346.9086   1  17   0.0047   0.0035   0.0093  -0.0020  -0.0017   0.0039   0.00  533.9
2026/09/06 08:54:46.000   46.276072093    9.780210235  2346.9058   1  17   0.0047   0.0035   0.0093  -0.0020  -0.0017   0.0039   0.00  539.3
2026/09/06 08:54:47.000   46.276072104    9.780210208  2346.9117   1  17   0.0047   0.0035   0.0093  -0.0020  -0.0017   0.0039   0.00  545.8
2026/09/06 08:54:48.000   46.276072094    9.780210228  2346.9052   1  17   0.0047   0.0035   0.0093  -0.0020  -0.0017   0.0039   0.00  549.9
2026/09/06 08:54:49.000   46.276072089    9.780210223  2346.9071   1  17   0.0048   0.0035   0.0093  -0.0020  -0.0017   0.0039   0.00  554.0
2026/09/06 08:54:50.000   46.276072094    9.780210209  2346.9072   1  17   0.0048   0.0035   0.0093  -0.0020  -0.0017   0.0039   0.00  558.6
2026/09/06 08:54:51.000   46.276072077    9.780210228  2346.9049   1  17   0.0048   0.0035   0.0093  -0.0020  -0.0017   0.0039   0.00  561.0
2026/09/06 08:54:52.000   46.276072088    9.780210206  2346.9043   1  17   0.0048   0.0035   0.0093  -0.0020  -0.0017   0.0039   0.00  562.8
2026/09/06 08:54:53.000   46.276072094    9.780210227  2346.9085   1  17   0.0048   0.0035   0.0093  -0.0020  -0.0017   0.0039   0.00  565.8
2026/09/06 08:54:54.000   46.276072078    9.780210248  2346.9065   1  17   0.0048   0.0035   0.0093  -0.0020  -0.0017   0.0039   0.00  568.7
2026/09/06 08:54:55.000   46.276072068    9.780210234  2346.9027   1  17   0.0048   0.0035   0.0093  -0.0020  -0.0017   0.0039   0.00  571.5
2026/09/06 08:54:56.000   46.276072083    9.780210233  2346.9057   1  17   0.0048   0.0035   0.0093  -0.0020  -0.0017   0.0039   0.00  573.6
2026/09/06 08:54:57.000   46.276072089    9.780210241  2346.9032   1  17   0.0048   0.0035   0.0093  -0.0020  -0.0017   0.0039   0.00  575.9
2026/09/06 08:54:58.000   46.276072080    9.780210262  2346.9032   1  17   0.0048   0.0035   0.0093  -0.0020  -0.0017   0.0039   0.00  578.6
2026/09/06 08:54:59.000   46.276072082    9.780210270  2346.9069   1  17   0.0048   0.0035   0.0093  -0.0020  -0.0017   0.0039   0.00  581.3
2026/09/06 08:55:00.000   46.276072061    9.780210253  2346.9032   1  17   0.0048   0.0035   0.0093  -0.0020  -0.0017   0.0039   0.00  583.5
2026/09/06 08:55:01.000   46.276072095    9.780210248  2346.9056   1  17   0.0048   0.0035   0.0093  -0.0020  -0.0017   0.0039   0.00  587.1
2026/09/06 08:55:02.000   46.276072100    9.780210231  2346.9070   1  17   0.0048   0.0035   0.0093  -0.0020  -0.0017   0.0039   0.00  590.8
2026/09/06 08:55:03.000   46.276072100    9.780210211  2346.9029   1  17   0.0048   0.0035   0.0093  -0.0020  -0.0017   0.0039   0.00  594.5
2026/09/06 08:55:04.000   46.276072098    9.780210191  2346.9097   1  17   0.0048   0.0035   0.0093  -0.0020  -0.0017   0.0039   0.00  597.6
2026/09/06 08:55:05.000   46.276072095    9.780210189  2346.9109   1  17   0.0048   0.0035   0.0093  -0.0020  -0.0017   0.0039   0.00  602.6
2026/09/06 08:55:06.000   46.276072085    9.780210192  2346.9088   1  17   0.0048   0.0035   0.0093  -0.0020  -0.0017   0.0039   0.00  608.6
2026/09/06 08:55:07.000   46.276072080    9.780210207  2346.9087   1  17   0.0048   0.0035   0.0093  -0.0020  -0.0017   0.0039   0.00  612.4
2026/09/06 08:55:08.000   46.276072086    9.780210189  2346.9091   1  17   0.0048   0.0035   0.0093  -0.0020  -0.0016   0.0039   0.00  616.3
2026/09/06 08:55:09.000   46.276072066    9.780210211  2346.9054   1  17   0.0048   0.0035   0.0093  -0.0020  -0.0016   0.0039   0.00  618.5
2026/09/06 08:55:10.000   46.276072075    9.780210201  2346.9058   1  17   0.0048   0.0035   0.0093  -0.0020  -0.0016   0.0039   0.00  621.3
2026/09/06 08:55:11.000   46.276072069    9.780210239  2346.9059   1  17   0.0048   0.0035   0.0093  -0.0020  -0.0016   0.0039   0.00  625.2
2026/09/06 08:55:12.000   46.276072051    9.780210261  2346.9045   1  17   0.0048   0.0035   0.0093  -0.0020  -0.0016   0.0039   0.00  630.2
2026/09/06 08:55:13.000   46.276072062    9.780210234  2346.9020   1  17   0.0048   0.0035   0.0093  -0.0020  -0.0016   0.0039   0.00  633.2
2026/09/06 08:55:14.000   46.276072063    9.780210234  2346.9081   1  17   0.0048   0.0035   0.0093  -0.0020  -0.0016   0.0039   0.00  637.8
2026/09/06 08:55:15.000   46.276072050    9.780210248  2346.9027   1  17   0.0048   0.0035   0.0093  -0.0020  -0.0016   0.0039   0.00  640.7
2026/09/06 08:55:16.000   46.276072063    9.780210240  2346.9079   1  17   0.0048   0.0035   0.0093  -0.0020  -0.0016   0.0039   0.00  644.9
2026/09/06 08:55:17.000   46.276072055    9.780210234  2346.9002   1  17   0.0048   0.0035   0.0093  -0.0020  -0.0016   0.0039   0.00  647.9
2026/09/06 08:55:18.000   46.276072069    9.780210242  2346.9028   1  17   0.0048   0.0035   0.0093  -0.0020  -0.0016   0.0039   0.00  651.2
2026/09/06 08:55:19.000   46.276072071    9.780210251  2346.9045   1  17   0.0048   0.0035   0.0093  -0.0020  -0.0016   0.0039   0.00  656.1
2026/09/06 08:55:20.000   46.276072067    9.780210224  2346.9043   1  17   0.0048   0.0035   0.0093  -0.0020  -0.0016   0.0039   0.00  658.8
2026/09/06 08:55:21.000   46.276072055    9.780210246  2346.8996   1  17   0.0048   0.0035   0.0093  -0.0020  -0.0016   0.0039   0.00  664.3
2026/09/06 08:55:22.000   46.276072088    9.780210228  2346.9025   1  18   0.0048   0.0035   0.0093  -0.0020  -0.0016   0.0039   0.00  668.7
2026/09/06 08:55:23.000   46.276072091    9.780210224  2346.9054   1  18   0.0047   0.0035   0.0091  -0.0021  -0.0014   0.0039   0.00  673.4
2026/09/06 08:55:24.000   46.276072089    9.780210227  2346.9085   1  18   0.0047   0.0035   0.0091  -0.0021  -0.0013   0.0039   0.00  677.7
2026/09/06 08:55:25.000   46.276072092    9.780210203  2346.9081   1  18   0.0047   0.0035   0.0091  -0.0021  -0.0013   0.0040   0.00  681.7
2026/09/06 08:55:26.000   46.276072110    9.780210179  2346.9092   1  18   0.0047   0.0034   0.0090  -0.0021  -0.0012   0.0040   0.00    3.4
2026/09/06 08:55:27.000   46.276072096    9.780210162  2346.9121   1  18   0.0047   0.0034   0.0090  -0.0021  -0.0011   0.0040   0.00    7.5
2026/09/06 08:55:28.000   46.276072121    9.780210175  2346.9138   1  18   0.0047   0.0034   0.0090  -0.0021  -0.0011   0.0040   0.00   11.5
2026/09/06 08:55:29.000   46.276072109    9.780210171  2346.9173   1  18   0.0047   0.0034   0.0090  -0.0021  -0.0011   0.0040   0.00   15.6
2026/09/06 08:55:30.000   46.276072127    9.780210148  2346.9148   1  18   0.0047   0.0034   0.0090  -0.0021  -0.0011   0.0040   0.00   19.7
2026/09/06 08:55:31.000   46.276072105    9.780210162  2346.9164   1  18   0.0047   0.0034   0.0090  -0.0021  -0.0011   0.0040   0.00   23.8
2026/09/06 08:55:32.000   46.276072107    9.780210162  2346.9103   1  18   0.0047   0.0034   0.0090  -0.0021  -0.0011   0.0040   0.00   28.0
2026/09/06 08:55:33.000   46.276072106    9.780210161  2346.9168   1  18   0.0047   0.0034   0.0090  -0.0021  -0.0011   0.0040   0.00   32.3
2026/09/06 08:55:34.000   46.276072102    9.780210178  2346.9132   1  18   0.0047   0.0034   0.0090  -0.0021  -0.0011   0.0040   0.00   36.5
2026/09/06 08:55:35.000   46.276072126    9.780210172  2346.9140   1  18   0.0047   0.0034   0.0090  -0.0021  -0.0011   0.0040   0.00   40.7
2026/09/06 08:55:36.000   46.276072104    9.780210168  2346.9139   1  18   0.0047   0.0034   0.0090  -0.0021  -0.0011   0.0040   0.00   45.1
2026/09/06 08:55:37.000   46.276072107    9.780210188  2346.9153   1  18   0.0047   0.0034   0.0090  -0.0021  -0.0011   0.0040   0.00   49.5
2026/09/06 08:55:38.000   46.276072104    9.780210179  2346.9142   1  18   0.0047   0.0034   0.0090  -0.0021  -0.0011   0.0040   0.00   53.9
2026/09/06 08:55:39.000   46.276072101    9.780210213  2346.9104   1  18   0.0047   0.0034   0.0090  -0.0021  -0.0011   0.0040   0.00   58.3
2026/09/06 08:55:40.000   46.276072113    9.780210214  2346.9144   1  18   0.0047   0.0034   0.0090  -0.0021  -0.0011   0.0040   0.00   62.8
2026/09/06 08:55:41.000   46.276072112    9.780210216  2346.9147   1  18   0.0047   0.0034   0.0090  -0.0021  -0.0011   0.0040   0.00   67.0
2026/09/06 08:55:42.000   46.276072100    9.780210221  2346.9073   1  18   0.0047   0.0034   0.0090  -0.0021  -0.0011   0.0040   0.00   71.5
2026/09/06 08:55:43.000   46.276072113    9.780210215  2346.9081   1  18   0.0047   0.0034   0.0090  -0.0021  -0.0011   0.0040   0.00   76.1
2026/09/06 08:55:44.000   46.276072111    9.780210205  2346.9105   1  18   0.0047   0.0034   0.0090  -0.0021  -0.0011   0.0040   0.00   80.8
2026/09/06 08:55:45.000   46.276072101    9.780210207  2346.9079   1  18   0.0047   0.0034   0.0090  -0.0021  -0.0011   0.0040   0.00   85.6
2026/09/06 08:55:46.000   46.276072125    9.780210193  2346.9141   1  18   0.0047   0.0034   0.0090  -0.0021  -0.0011   0.0040   0.00   90.8
2026/09/06 08:55:47.000   46.276072114    9.780210203  2346.9137   1  18   0.0047   0.0034   0.0090  -0.0021  -0.0011   0.0040   0.00   95.7
2026/09/06 08:55:48.000   46.276072119    9.780210166  2346.9137   1  18   0.0047   0.0034   0.0090  -0.0021  -0.0011   0.0040   0.00  100.3
2026/09/06 08:55:49.000   46.276072126    9.780210204  2346.9173   1  18   0.0047   0.0034   0.0090  -0.0021  -0.0011   0.0040   0.00  104.9
2026/09/06 08:55:50.000   46.276072118    9.780210200  2346.9160   1  18   0.0047   0.0034   0.0090  -0.0021  -0.0011   0.0040   0.00  109.3
2026/09/06 08:55:51.000   46.276072133    9.780210194  2346.9153   1  18   0.0047   0.0034   0.0090  -0.0021  -0.0011   0.0040   0.00  114.1
2026/09/06 08:55:52.000   46.276072133    9.780210172  2346.9159   1  18   0.0047   0.0034   0.0090  -0.0021  -0.0011   0.0040   0.00  118.7
2026/09/06 08:55:53.000   46.276072114    9.780210184  2346.9142   1  18   0.0047   0.0034   0.0090  -0.0021  -0.0011   0.0040   0.00  123.2
2026/09/06 08:55:54.000   46.276072121    9.780210168  2346.9152   1  18   0.0047   0.0034   0.0090  -0.0021  -0.0011   0.0040   0.00  127.7
2026/09/06 08:55:55.000   46.276072120    9.780210185  2346.9142   1  18   0.0047   0.0034   0.0090  -0.0021  -0.0011   0.0040   0.00  132.7
2026/09/06 08:55:56.000   46.276072134    9.780210175  2346.9144   1  18   0.0047   0.0034   0.0090  -0.0021  -0.0011   0.0040   0.00  137.6
2026/09/06 08:55:57.000   46.276072133    9.780210188  2346.9139   1  18   0.0047   0.0034   0.0090  -0.0021  -0.0011   0.0040   0.00  142.7
2026/09/06 08:55:58.000   46.276072131    9.780210175  2346.9098   1  18   0.0047   0.0034   0.0090  -0.0021  -0.0011   0.0040   0.00  147.8
2026/09/06 08:55:59.000   46.276072119    9.780210184  2346.9105   1  18   0.0047   0.0034   0.0090  -0.0021  -0.0011   0.0040   0.00  152.4
2026/09/06 08:56:00.000   46.276072101    9.780210199  2346.9088   1  18   0.0047   0.0034   0.0090  -0.0021  -0.0011   0.0040   0.00  157.3
2026/09/06 08:56:01.000   46.276072148    9.780210191  2346.9054   1  17   0.0048   0.0035   0.0093  -0.0020  -0.0015   0.0039   0.00  852.0
2026/09/06 08:56:02.000   46.276072137    9.780210187  2346.9081   1  17   0.0048   0.0035   0.0093  -0.0020  -0.0015   0.0039   0.00  857.4
2026/09/06 08:56:03.000   46.276072150    9.780210201  2346.9068   1  17   0.0048   0.0035   0.0093  -0.0020  -0.0015   0.0039   0.00  862.6
2026/09/06 08:56:04.000   46.276072126    9.780210219  2346.9107   1  17   0.0048   0.0035   0.0093  -0.0020  -0.0015   0.0039   0.00  870.9
2026/09/06 08:56:05.000   46.276072102    9.780210210  2346.9059   1  17   0.0048   0.0035   0.0093  -0.0020  -0.0015   0.0039   0.00  878.2
2026/09/06 08:56:06.000   46.276072095    9.780210214  2346.9006   1  17   0.0048   0.0035   0.0093  -0.0020  -0.0015   0.0039   0.00  887.9
2026/09/06 08:56:07.000   46.276072097    9.780210232  2346.9026   1  17   0.0048   0.0035   0.0093  -0.0020  -0.0015   0.0039   0.00  900.8
2026/09/06 08:56:08.000   46.276072099    9.780210205  2346.9043   1  17   0.0048   0.0035   0.0093  -0.0020  -0.0015   0.0039   0.00  912.1
2026/09/06 08:56:09.000   46.276072090    9.780210213  2346.9062   1  17   0.0048   0.0035   0.0093  -0.0020  -0.0015   0.0039   0.00  922.6
2026/09/06 08:56:10.000   46.276072075    9.780210233  2346.9045   1  17   0.0048   0.0035   0.0093  -0.0020  -0.0015   0.0039   0.00  931.8
2026/09/06 08:56:11.000   46.276072110    9.780210208  2346.9087   1  17   0.0048   0.0035   0.0093  -0.0020  -0.0015   0.0039   0.00  939.5
2026/09/06 08:56:12.000   46.276072105    9.780210238  2346.9092   1  17   0.0048   0.0035   0.0093  -0.0020  -0.0015   0.0039   0.00  946.2
2026/09/06 08:56:13.000   46.276072110    9.780210221  2346.9078   1  17   0.0048   0.0035   0.0093  -0.0020  -0.0015   0.0039   0.00  950.2
2026/09/06 08:56:14.000   46.276072116    9.780210218  2346.9069   1  17   0.0048   0.0035   0.0093  -0.0020  -0.0015   0.0039   0.00  953.3
2026/09/06 08:56:15.000   46.276072115    9.780210208  2346.9055   1  17   0.0048   0.0035   0.0093  -0.0020  -0.0015   0.0039   0.00  955.6
2026/09/06 08:56:16.000   46.276072115    9.780210217  2346.9079   1  17   0.0048   0.0035   0.0093  -0.0020  -0.0015   0.0039   0.00  961.7
2026/09/06 08:56:17.000   46.276072128    9.780210205  2346.9087   1  17   0.0048   0.0035   0.0093  -0.0020  -0.0015   0.0039   0.00  968.2
2026/09/06 08:56:18.000   46.276072124    9.780210195  2346.9048   1  17   0.0048   0.0035   0.0093  -0.0020  -0.0015   0.0039   0.00  974.3
2026/09/06 08:56:19.000   46.276072139    9.780210174  2346.9068   1  17   0.0048   0.0035   0.0093  -0.0020  -0.0015   0.0039   0.00  981.4
2026/09/06 08:56:20.000   46.276072124    9.780210168  2346.9052   1  17   0.0048   0.0035   0.0093  -0.0020  -0.0015   0.0039   0.00  991.1
2026/09/06 08:56:21.000   46.276072125    9.780210167  2346.9043   1  17   0.0048   0.0035   0.0093  -0.0020  -0.0015   0.0039   0.00  999.9
2026/09/06 08:56:22.000   46.276072134    9.780210164  2346.9064   1  17   0.0048   0.0035   0.0093  -0.0020  -0.0015   0.0039   0.00  999.9
2026/09/06 08:56:23.000   46.276072151    9.780210175  2346.9086   1  17   0.0048   0.0035   0.0093  -0.0020  -0.0015   0.0039   0.00  999.9
2026/09/06 08:56:24.000   46.276072129    9.780210187  2346.9043   1  17   0.0048   0.0035   0.0093  -0.0020  -0.0015   0.0039   0.00  999.9
2026/09/06 08:56:25.000   46.276072111    9.780210198  2346.9045   1  17   0.0048   0.0035   0.0093  -0.0020  -0.0015   0.0039   0.00  999.9
2026/09/06 08:56:26.000   46.276072129    9.780210194  2346.9087   1  17   0.0048   0.0035   0.0093  -0.0020  -0.0015   0.0039   0.00  999.9
2026/09/06 08:56:27.000   46.276072127    9.780210212  2346.9085   1  17   0.0048   0.0035   0.0093  -0.0020  -0.0015   0.0039   0.00  999.9
2026/09/06 08:56:28.000   46.276072131    9.780210194  2346.9106   1  17   0.0048   0.0035   0.0093  -0.0020  -0.0015   0.0039   0.00  999.9
2026/09/06 08:56:29.000   46.276072115    9.780210214  2346.9124   1  17   0.0048   0.0035   0.0093  -0.0020  -0.0015   0.0039   0.00  999.9
2026/09/06 08:56:30.000   46.276072115    9.780210223  2346.9090   1  17   0.0048   0.0035   0.0093  -0.0020  -0.0014   0.0039   0.00  999.9
2026/09/06 08:56:31.000   46.276072110    9.780210185  2346.9074   1  17   0.0048   0.0035   0.0093  -0.0020  -0.0014   0.0039   0.00  999.9
2026/09/06 08:56:32.000   46.276072102    9.780210191  2346.9028   1  17   0.0048   0.0035   0.0093  -0.0020  -0.0014   0.0039   0.00  999.9
2026/09/06 08:56:33.000   46.276072100    9.780210195  2346.9043   1  17   0.0048   0.0035   0.0093  -0.0020  -0.0014   0.0039   0.00  999.9
2026/09/06 08:56:34.000   46.276072089    9.780210202  2346.9037   1  17   0.0048   0.0035   0.0093  -0.0020  -0.0014   0.0039   0.00  999.9
2026/09/06 08:56:35.000   46.276072095    9.780210229  2346.9055   1  17   0.0048   0.0035   0.0093  -0.0020  -0.0014   0.0039   0.00  999.9
2026/09/06 08:56:36.000   46.276072091    9.780210218  2346.9090   1  17   0.0048   0.0035   0.0093  -0.0020  -0.0014   0.0039   0.00  999.9
2026/09/06 08:56:37.000   46.276072095    9.780210220  2346.9089   1  17   0.0048   0.0035   0.0093  -0.0020  -0.0014   0.0039   0.00  999.9
2026/09/06 08:56:38.000   46.276072120    9.780210204  2346.9063   1  17   0.0048   0.0035   0.0093  -0.0020  -0.0014   0.0039   0.00  999.9
2026/09/06 08:56:39.000   46.276072109    9.780210217  2346.9043   1  17   0.0048   0.0035   0.0093  -0.0020  -0.0014   0.0039   0.00  999.9
2026/09/06 08:56:40.000   46.276072099    9.780210225  2346.9063   1  17   0.0048   0.0035   0.0093  -0.0020  -0.0014   0.0039   0.00  999.9
2026/09/06 08:56:41.000   46.276072092    9.780210192  2346.9068   1  17   0.0048   0.0035   0.0093  -0.0020  -0.0014   0.0039   0.00  999.9
2026/09/06 08:56:42.000   46.276072100    9.780210201  2346.9083   1  17   0.0048   0.0035   0.0093  -0.0020  -0.0014   0.0039   0.00  999.9
2026/09/06 08:56:43.000   46.276072123    9.780210198  2346.9034   1  17   0.0048   0.0035   0.0093  -0.0020  -0.0014   0.0039   0.00  999.9
2026/09/06 08:56:44.000   46.276072119    9.780210225  2346.9063   1  17   0.0048   0.0035   0.0093  -0.0020  -0.0014   0.0039   0.00  999.9
2026/09/06 08:56:45.000   46.276072115    9.780210226  2346.9061   1  17   0.0048   0.0035   0.0093  -0.0020  -0.0014   0.0039   0.00  999.9
2026/09/06 08:56:46.000   46.276072107    9.780210205  2346.9013   1  17   0.0048   0.0035   0.0093  -0.0020  -0.0014   0.0039   0.00  999.9
2026/09/06 08:56:47.000   46.276072111    9.780210235  2346.9083   1  17   0.0048   0.0035   0.0093  -0.0020  -0.0014   0.0039   0.00  999.9
2026/09/06 08:56:48.000   46.276072093    9.780210217  2346.9019   1  17   0.0048   0.0035   0.0093  -0.0020  -0.0014   0.0039   0.00  999.9
2026/09/06 08:56:49.000   46.276072103    9.780210228  2346.9049   1  17   0.0048   0.0035   0.0093  -0.0020  -0.0014   0.0039   0.00  999.9
2026/09/06 08:56:50.000   46.276072109    9.780210230  2346.9057   1  17   0.0048   0.0035   0.0093  -0.0020  -0.0014   0.0039   0.00  999.9
2026/09/06 08:56:51.000   46.276072105    9.780210216  2346.9069   1  17   0.0048   0.0035   0.0093  -0.0020  -0.0014   0.0039   0.00  999.9
2026/09/06 08:56:52.000   46.276072103    9.780210214  2346.9095   1  17   0.0048   0.0035   0.0093  -0.0020  -0.0014   0.0039   0.00  999.9
2026/09/06 08:56:53.000   46.276072089    9.780210222  2346.9069   1  17   0.0048   0.0035   0.0093  -0.0020  -0.0014   0.0039   0.00  999.9
2026/09/06 08:56:54.000   46.276072092    9.780210215  2346.9058   1  17   0.0048   0.0035   0.0093  -0.0020  -0.0014   0.0039   0.00  999.9
2026/09/06 08:56:55.000   46.276072102    9.780210239  2346.9094   1  17   0.0048   0.0035   0.0093  -0.0020  -0.0014   0.0039   0.00  999.9
2026/09/06 08:56:56.000   46.276072097    9.780210223  2346.9073   1  17   0.0048   0.0035   0.0093  -0.0020  -0.0014   0.0039   0.00  999.9
2026/09/06 08:56:57.000   46.276072110    9.780210231  2346.9124   1  17   0.0048   0.0035   0.0093  -0.0020  -0.0014   0.0039   0.00  999.9
2026/09/06 08:56:58.000   46.276072085    9.780210215  2346.9094   1  17   0.0048   0.0035   0.0093  -0.0020  -0.0014   0.0039   0.00  999.9
2026/09/06 08:56:59.000   46.276072097    9.780210216  2346.9072   1  17   0.0048   0.0035   0.0093  -0.0020  -0.0014   0.0039   0.00  999.9
2026/09/06 08:57:00.000   46.276072118    9.780210194  2346.9099   1  17   0.0048   0.0035   0.0093  -0.0020  -0.0014   0.0039   0.00  999.9
2026/09/06 08:57:01.000   46.276072113    9.780210200  2346.9099   1  17   0.0048   0.0035   0.0093  -0.0020  -0.0014   0.0039   0.00  999.9
2026/09/06 08:57:02.000   46.276072108    9.780210227  2346.9054   1  17   0.0048   0.0035   0.0093  -0.0020  -0.0014   0.0039   0.00  999.9
2026/09/06 08:57:03.000   46.276072082    9.780210208  2346.9021   1  17   0.0048   0.0035   0.0093  -0.0020  -0.0014   0.0039   0.00  999.9
2026/09/06 08:57:04.000   46.276072076    9.780210227  2346.8989   1  17   0.0048   0.0035   0.0093  -0.0020  -0.0014   0.0039   0.00  999.9
2026/09/06 08:57:05.000   46.276072087    9.780210244  2346.9064   1  17   0.0048   0.0035   0.0093  -0.0020  -0.0014   0.0039   0.00  999.9
2026/09/06 08:57:06.000   46.276072096    9.780210227  2346.9046   1  17   0.0048   0.0035   0.0093  -0.0020  -0.0014   0.0039   0.00  999.9
2026/09/06 08:57:07.000   46.276072092    9.780210233  2346.8996   1  17   0.0048   0.0035   0.0093  -0.0020  -0.0013   0.0039   0.00  999.9
2026/09/06 08:57:08.000   46.276072095    9.780210238  2346.9058   1  17   0.0048   0.0035   0.0093  -0.0020  -0.0013   0.0039   0.00  999.9
2026/09/06 08:57:09.000   46.276072089    9.780210254  2346.9026   1  17   0.0048   0.0035   0.0093  -0.0020  -0.0013   0.0039   0.00  999.9
2026/09/06 08:57:10.000   46.276072095    9.780210251  2346.9057   1  17   0.0048   0.0035   0.0093  -0.0020  -0.0013   0.0039   0.00  999.9
2026/09/06 08:57:11.000   46.276072081    9.780210236  2346.9025   1  17   0.0048   0.0035   0.0093  -0.0020  -0.0013   0.0039   0.00  999.9
2026/09/06 08:57:12.000   46.276072111    9.780210225  2346.9078   1  17   0.0048   0.0035   0.0093  -0.0020  -0.0013   0.0039   0.00  999.9
2026/09/06 08:57:13.000   46.276072112    9.780210217  2346.9052   1  17   0.0048   0.0035   0.0094  -0.0020  -0.0013   0.0039   0.00  999.9
2026/09/06 08:57:14.000   46.276072127    9.780210241  2346.9078   1  17   0.0048   0.0035   0.0094  -0.0020  -0.0013   0.0039   0.00  999.9
2026/09/06 08:57:15.000   46.276072123    9.780210243  2346.9078   1  17   0.0048   0.0035   0.0094  -0.0020  -0.0013   0.0039   0.00  999.9
2026/09/06 08:57:16.000   46.276072102    9.780210236  2346.9092   1  17   0.0048   0.0035   0.0094  -0.0020  -0.0013   0.0039   0.00  999.9
2026/09/06 08:57:17.000   46.276072117    9.780210242  2346.9101   1  17   0.0048   0.0035   0.0094  -0.0020  -0.0013   0.0039   0.00  999.9
2026/09/06 08:57:18.000   46.276072115    9.780210224  2346.9111   1  17   0.0048   0.0035   0.0094  -0.0020  -0.0013   0.0039   0.00  999.9
2026/09/06 08:57:19.000   46.276072125    9.780210217  2346.9131   1  17   0.0048   0.0035   0.0094  -0.0020  -0.0013   0.0039   0.00  999.9
2026/09/06 08:57:20.000   46.276072112    9.780210199  2346.9098   1  17   0.0048   0.0035   0.0094  -0.0020  -0.0013   0.0039   0.00  999.9
2026/09/06 08:57:21.000   46.276072100    9.780210210  2346.9050   1  17   0.0048   0.0035   0.0094  -0.0020  -0.0013   0.0039   0.00  999.9
2026/09/06 08:57:22.000   46.276072099    9.780210234  2346.9092   1  17   0.0048   0.0035   0.0094  -0.0020  -0.0013   0.0039   0.00  999.9
2026/09/06 08:57:23.000   46.276072090    9.780210222  2346.9104   1  17   0.0048   0.0035   0.0094  -0.0020  -0.0013   0.0039   0.00  999.9
2026/09/06 08:57:24.000   46.276072101    9.780210230  2346.9095   1  17   0.0048   0.0035   0.0094  -0.0020  -0.0013   0.0039   0.00  999.9
2026/09/06 08:57:25.000   46.276072102    9.780210239  2346.9099   1  17   0.0048   0.0035   0.0094  -0.0020  -0.0013   0.0039   0.00  999.9
2026/09/06 08:57:26.000   46.276072104    9.780210243  2346.9058   1  17   0.0048   0.0035   0.0094  -0.0020  -0.0013   0.0039   0.00  999.9
2026/09/06 08:57:27.000   46.276072088    9.780210227  2346.9072   1  17   0.0048   0.0035   0.0094  -0.0020  -0.0013   0.0039   0.00  999.9
2026/09/06 08:57:28.000   46.276072090    9.780210224  2346.9055   1  17   0.0048   0.0035   0.0094  -0.0020  -0.0013   0.0039   0.00  999.9
2026/09/06 08:57:29.000   46.276072106    9.780210228  2346.9093   1  17   0.0048   0.0035   0.0094  -0.0020  -0.0013   0.0039   0.00  999.9
2026/09/06 08:57:30.000   46.276072106    9.780210231  2346.9065   1  17   0.0048   0.0035   0.0094  -0.0020  -0.0013   0.0039   0.00  999.9
2026/09/06 08:57:31.000   46.276072107    9.780210262  2346.9087   1  17   0.0048   0.0035   0.0094  -0.0020  -0.0013   0.0039   0.00  999.9
2026/09/06 08:57:32.000   46.276072086    9.780210273  2346.9065   1  17   0.0048   0.0035   0.0094  -0.0020  -0.0013   0.0039   0.00  999.9
2026/09/06 08:57:33.000   46.276072107    9.780210233  2346.9052   1  17   0.0048   0.0035   0.0094  -0.0020  -0.0013   0.0039   0.00  999.9
2026/09/06 08:57:34.000   46.276072090    9.780210233  2346.9085   1  17   0.0048   0.0035   0.0094  -0.0020  -0.0013   0.0039   0.00  999.9
2026/09/06 08:57:35.000   46.276072084    9.780210235  2346.9029   1  17   0.0048   0.0035   0.0094  -0.0020  -0.0013   0.0039   0.00  999.9
2026/09/06 08:57:36.000   46.276072113    9.780210230  2346.9047   1  17   0.0048   0.0035   0.0094  -0.0020  -0.0013   0.0039   0.00  999.9
2026/09/06 08:57:37.000   46.276072107    9.780210240  2346.9088   1  17   0.0048   0.0035   0.0094  -0.0020  -0.0013   0.0039   0.00  999.9
2026/09/06 08:57:38.000   46.276072101    9.780210243  2346.9084   1  17   0.0048   0.0035   0.0094  -0.0020  -0.0013   0.0039   0.00  999.9
2026/09/06 08:57:39.000   46.276072108    9.780210241  2346.9095   1  17   0.0048   0.0035   0.0094  -0.0020  -0.0013   0.0039   0.00  999.9
2026/09/06 08:57:40.000   46.276072118    9.780210229  2346.9060   1  17   0.0048   0.0035   0.0094  -0.0020  -0.0013   0.0039   0.00  999.9
2026/09/06 08:57:41.000   46.276072115    9.780210213  2346.9092   1  17   0.0048   0.0035   0.0094  -0.0020  -0.0013   0.0039   0.00  999.9
2026/09/06 08:57:42.000   46.276072109    9.780210244  2346.9101   1  17   0.0048   0.0035   0.0094  -0.0020  -0.0012   0.0039   0.00  999.9
2026/09/06 08:57:43.000   46.276072107    9.780210232  2346.9082   1  17   0.0048   0.0035   0.0094  -0.0020  -0.0012   0.0039   0.00  999.9
2026/09/06 08:57:44.000   46.276072120    9.780210250  2346.9099   1  17   0.0048   0.0035   0.0094  -0.0020  -0.0012   0.0039   0.00  999.9
2026/09/06 08:57:45.000   46.276072113    9.780210246  2346.9055   1  17   0.0048   0.0035   0.0094  -0.0020  -0.0012   0.0039   0.00  999.9
2026/09/06 08:57:46.000   46.276072113    9.780210249  2346.9068   1  17   0.0048   0.0035   0.0094  -0.0020  -0.0012   0.0039   0.00  999.9
2026/09/06 08:57:47.000   46.276072130    9.780210232  2346.9069   1  17   0.0048   0.0035   0.0094  -0.0020  -0.0012   0.0038   0.00  999.9
2026/09/06 08:57:48.000   46.276072110    9.780210241  2346.9084   1  17   0.0048   0.0035   0.0094  -0.0020  -0.0012   0.0038   0.00  999.9
2026/09/06 08:57:49.000   46.276072110    9.780210220  2346.9084   1  17   0.0048   0.0035   0.0094  -0.0020  -0.0012   0.0038   0.00  999.9
2026/09/06 08:57:50.000   46.276072110    9.780210236  2346.9118   1  17   0.0048   0.0035   0.0094  -0.0020  -0.0012   0.0038   0.00  999.9
2026/09/06 08:57:51.000   46.276072138    9.780210212  2346.9111   1  17   0.0048   0.0035   0.0094  -0.0020  -0.0012   0.0038   0.00  999.9
2026/09/06 08:57:52.000   46.276072131    9.780210248  2346.9108   1  17   0.0048   0.0035   0.0094  -0.0020  -0.0012   0.0038   0.00  999.9
2026/09/06 08:57:53.000   46.276072132    9.780210265  2346.9114   1  17   0.0048   0.0035   0.0094  -0.0020  -0.0012   0.0038   0.00  999.9
2026/09/06 08:57:54.000   46.276072121    9.780210273  2346.9122   1  17   0.0048   0.0035   0.0094  -0.0020  -0.0012   0.0038   0.00  999.9
2026/09/06 08:57:55.000   46.276072118    9.780210265  2346.9146   1  17   0.0048   0.0035   0.0094  -0.0020  -0.0012   0.0038   0.00  999.9
2026/09/06 08:57:56.000   46.276072142    9.780210234  2346.9129   1  17   0.0048   0.0035   0.0094  -0.0020  -0.0012   0.0038   0.00  999.9
2026/09/06 08:57:57.000   46.276072120    9.780210240  2346.9085   1  17   0.0048   0.0035   0.0094  -0.0020  -0.0012   0.0038   0.00  999.9
2026/09/06 08:57:58.000   46.276072117    9.780210240  2346.9105   1  17   0.0048   0.0035   0.0094  -0.0020  -0.0012   0.0038   0.00  999.9
2026/09/06 08:57:59.000   46.276072132    9.780210242  2346.9121   1  17   0.0048   0.0035   0.0094  -0.0020  -0.0012   0.0038   0.00  999.9
2026/09/06 08:58:00.000   46.276072113    9.780210240  2346.9110   1  17   0.0048   0.0035   0.0094  -0.0020  -0.0012   0.0038   0.00  999.9
2026/09/06 08:58:01.000   46.276072127    9.780210222  2346.9100   1  17   0.0048   0.0035   0.0094  -0.0020  -0.0012   0.0038   0.00  999.9
2026/09/06 08:58:02.000   46.276072136    9.780210210  2346.9134   1  17   0.0048   0.0035   0.0094  -0.0020  -0.0012   0.0038   0.00  999.9
2026/09/06 08:58:03.000   46.276072109    9.780210209  2346.9092   1  17   0.0048   0.0035   0.0094  -0.0020  -0.0012   0.0038   0.00  999.9
2026/09/06 08:58:04.000   46.276072118    9.780210214  2346.9118   1  17   0.0048   0.0035   0.0094  -0.0020  -0.0012   0.0038   0.00  999.9
2026/09/06 08:58:05.000   46.276072084    9.780210243  2346.9059   1  17   0.0048   0.0035   0.0094  -0.0020  -0.0012   0.0038   0.00  999.9
2026/09/06 08:58:06.000   46.276072088    9.780210243  2346.9108   1  17   0.0048   0.0035   0.0094  -0.0020  -0.0012   0.0038   0.00  999.9
2026/09/06 08:58:07.000   46.276072090    9.780210233  2346.9060   1  17   0.0048   0.0035   0.0094  -0.0020  -0.0012   0.0038   0.00  999.9
2026/09/06 08:58:08.000   46.276072110    9.780210257  2346.9097   1  17   0.0048   0.0035   0.0094  -0.0020  -0.0012   0.0038   0.00  999.9
2026/09/06 08:58:09.000   46.276072102    9.780210230  2346.9093   1  17   0.0048   0.0035   0.0094  -0.0020  -0.0012   0.0038   0.00  999.9
2026/09/06 08:58:10.000   46.276072085    9.780210211  2346.9035   1  17   0.0048   0.0035   0.0094  -0.0020  -0.0012   0.0038   0.00  999.9
2026/09/06 08:58:11.000   46.276072098    9.780210212  2346.9083   1  17   0.0048   0.0035   0.0094  -0.0020  -0.0012   0.0038   0.00  999.9
2026/09/06 08:58:12.000   46.276072103    9.780210210  2346.9092   1  17   0.0048   0.0035   0.0094  -0.0020  -0.0012   0.0038   0.00  999.9
2026/09/06 08:58:13.000   46.276072089    9.780210210  2346.9110   1  17   0.0048   0.0035   0.0094  -0.0020  -0.0011   0.0038   0.00  999.9
2026/09/06 08:58:14.000   46.276072106    9.780210207  2346.9104   1  17   0.0048   0.0035   0.0094  -0.0020  -0.0011   0.0038   0.00  999.9
2026/09/06 08:58:15.000   46.276072110    9.780210215  2346.9119   1  17   0.0048   0.0035   0.0094  -0.0020  -0.0011   0.0038   0.00  999.9
2026/09/06 08:58:16.000   46.276072107    9.780210248  2346.9112   1  17   0.0048   0.0035   0.0094  -0.0020  -0.0011   0.0038   0.00  999.9
2026/09/06 08:58:17.000   46.276072091    9.780210224  2346.9062   1  17   0.0048   0.0035   0.0094  -0.0020  -0.0011   0.0038   0.00  999.9
2026/09/06 08:58:18.000   46.276072109    9.780210225  2346.9069   1  17   0.0048   0.0035   0.0094  -0.0020  -0.0011   0.0038   0.00  999.9
2026/09/06 08:58:19.000   46.276072104    9.780210238  2346.9093   1  17   0.0048   0.0035   0.0094  -0.0020  -0.0011   0.0038   0.00  999.9
2026/09/06 08:58:20.000   46.276072099    9.780210246  2346.9052   1  17   0.0048   0.0035   0.0094  -0.0020  -0.0011   0.0038   0.00  999.9
2026/09/06 08:58:21.000   46.276072101    9.780210240  2346.9087   1  17   0.0048   0.0035   0.0094  -0.0020  -0.0011   0.0038   0.00  999.9
2026/09/06 08:58:22.000   46.276072098    9.780210231  2346.9071   1  17   0.0048   0.0035   0.0094  -0.0020  -0.0011   0.0038   0.00  999.9
2026/09/06 08:58:23.000   46.276072076    9.780210233  2346.9045   1  17   0.0048   0.0035   0.0094  -0.0020  -0.0011   0.0038   0.00  999.9
2026/09/06 08:58:24.000   46.276072100    9.780210244  2346.9075   1  17   0.0048   0.0035   0.0094  -0.0020  -0.0011   0.0038   0.00  999.9
2026/09/06 08:58:25.000   46.276072087    9.780210243  2346.9046   1  17   0.0048   0.0035   0.0094  -0.0020  -0.0011   0.0038   0.00  999.9
2026/09/06 08:58:26.000   46.276072100    9.780210240  2346.9061   1  17   0.0048   0.0035   0.0094  -0.0020  -0.0011   0.0038   0.00  999.9
2026/09/06 08:58:27.000   46.276072099    9.780210232  2346.9061   1  17   0.0048   0.0035   0.0094  -0.0020  -0.0011   0.0038   0.00  999.9
2026/09/06 08:58:28.000   46.276072077    9.780210232  2346.9027   1  17   0.0048   0.0035   0.0094  -0.0020  -0.0011   0.0038   0.00  999.9
2026/09/06 08:58:29.000   46.276072102    9.780210253  2346.9076   1  17   0.0048   0.0035   0.0094  -0.0020  -0.0011   0.0038   0.00  999.9
2026/09/06 08:58:30.000   46.276072111    9.780210232  2346.9109   1  17   0.0048   0.0035   0.0094  -0.0019  -0.0011   0.0038   0.00  999.9
2026/09/06 08:58:31.000   46.276072082    9.780210232  2346.9049   1  17   0.0048   0.0035   0.0094  -0.0019  -0.0011   0.0038   0.00  999.9
2026/09/06 08:58:32.000   46.276072080    9.780210232  2346.9079   1  17   0.0048   0.0035   0.0094  -0.0019  -0.0011   0.0038   0.00  999.9
2026/09/06 08:58:33.000   46.276072077    9.780210219  2346.9041   1  17   0.0048   0.0035   0.0094  -0.0019  -0.0011   0.0038   0.00  999.9
2026/09/06 08:58:34.000   46.276072094    9.780210219  2346.9046   1  17   0.0048   0.0035   0.0094  -0.0019  -0.0011   0.0038   0.00  999.9
2026/09/06 08:58:35.000   46.276072102    9.780210207  2346.9089   1  17   0.0048   0.0035   0.0094  -0.0019  -0.0011   0.0038   0.00  999.9
2026/09/06 08:58:36.000   46.276072093    9.780210226  2346.9074   1  17   0.0048   0.0035   0.0094  -0.0019  -0.0011   0.0038   0.00  999.9
2026/09/06 08:58:37.000   46.276072095    9.780210207  2346.9067   1  17   0.0048   0.0035   0.0094  -0.0019  -0.0011   0.0038   0.00  999.9
2026/09/06 08:58:38.000   46.276072119    9.780210218  2346.9041   1  17   0.0048   0.0035   0.0094  -0.0019  -0.0011   0.0038   0.00  999.9
2026/09/06 08:58:39.000   46.276072128    9.780210231  2346.9091   1  17   0.0048   0.0035   0.0094  -0.0019  -0.0011   0.0038   0.00  999.9
2026/09/06 08:58:40.000   46.276072115    9.780210233  2346.9098   1  17   0.0048   0.0035   0.0094  -0.0019  -0.0011   0.0038   0.00  999.9
2026/09/06 08:58:41.000   46.276072108    9.780210272  2346.9078   1  17   0.0048   0.0035   0.0094  -0.0019  -0.0011   0.0038   0.00  999.9
2026/09/06 08:58:42.000   46.276072097    9.780210231  2346.9083   1  17   0.0048   0.0035   0.0094  -0.0019  -0.0010   0.0038   0.00  999.9
2026/09/06 08:58:43.000   46.276072109    9.780210222  2346.9107   1  17   0.0048   0.0035   0.0094  -0.0019  -0.0010   0.0038   0.00  999.9
2026/09/06 08:58:44.000   46.276072108    9.780210203  2346.9085   1  17   0.0048   0.0035   0.0094  -0.0019  -0.0010   0.0038   0.00  999.9
2026/09/06 08:58:45.000   46.276072099    9.780210211  2346.9068   1  17   0.0048   0.0035   0.0094  -0.0019  -0.0010   0.0038   0.00  999.9
2026/09/06 08:58:46.000   46.276072099    9.780210219  2346.9098   1  17   0.0048   0.0035   0.0094  -0.0019  -0.0010   0.0038   0.00  999.9
2026/09/06 08:58:47.000   46.276072127    9.780210212  2346.9101   1  17   0.0048   0.0035   0.0094  -0.0019  -0.0010   0.0038   0.00  999.9
2026/09/06 08:58:48.000   46.276072113    9.780210251  2346.9078   1  17   0.0048   0.0035   0.0094  -0.0019  -0.0010   0.0038   0.00  999.9
2026/09/06 08:58:49.000   46.276072131    9.780210246  2346.9077   1  17   0.0048   0.0035   0.0094  -0.0019  -0.0010   0.0038   0.00  999.9
2026/09/06 08:58:50.000   46.276072106    9.780210258  2346.9107   1  17   0.0048   0.0035   0.0094  -0.0019  -0.0010   0.0038   0.00  999.9
2026/09/06 08:58:51.000   46.276072101    9.780210236  2346.9090   1  17   0.0048   0.0035   0.0094  -0.0019  -0.0010   0.0038   0.00  999.9
2026/09/06 08:58:52.000   46.276072096    9.780210246  2346.9093   1  17   0.0048   0.0035   0.0094  -0.0019  -0.0010   0.0038   0.00  999.9
2026/09/06 08:58:53.000   46.276072086    9.780210244  2346.9111   1  17   0.0048   0.0035   0.0094  -0.0019  -0.0010   0.0038   0.00  999.9
2026/09/06 08:58:54.000   46.276072119    9.780210244  2346.9034   1  17   0.0048   0.0035   0.0094  -0.0019  -0.0010   0.0038   0.00  999.9
2026/09/06 08:58:55.000   46.276072091    9.780210252  2346.9007   1  17   0.0048   0.0035   0.0094  -0.0019  -0.0010   0.0038   0.00  999.9
2026/09/06 08:58:56.000   46.276072107    9.780210229  2346.9012   1  17   0.0048   0.0035   0.0094  -0.0019  -0.0010   0.0038   0.00  999.9
2026/09/06 08:58:57.000   46.276072075    9.780210244  2346.9008   1  17   0.0048   0.0035   0.0094  -0.0019  -0.0010   0.0038   0.00  999.9
2026/09/06 08:58:58.000   46.276072080    9.780210236  2346.8970   1  17   0.0048   0.0035   0.0094  -0.0019  -0.0010   0.0038   0.00  999.9
2026/09/06 08:58:59.000   46.276072056    9.780210253  2346.8982   1  17   0.0048   0.0035   0.0094  -0.0019  -0.0010   0.0038   0.00  999.9
2026/09/06 08:59:00.000   46.276072056    9.780210260  2346.8992   1  17   0.0048   0.0035   0.0094  -0.0019  -0.0010   0.0038   0.00  999.9
2026/09/06 08:59:01.000   46.276072064    9.780210249  2346.8977   1  17   0.0048   0.0035   0.0094  -0.0019  -0.0010   0.0038   0.00  999.9
2026/09/06 08:59:02.000   46.276072069    9.780210254  2346.9011   1  17   0.0048   0.0035   0.0094  -0.0019  -0.0010   0.0038   0.00  999.9
2026/09/06 08:59:03.000   46.276072091    9.780210265  2346.8999   1  17   0.0048   0.0035   0.0094  -0.0019  -0.0010   0.0038   0.00  999.9
2026/09/06 08:59:04.000   46.276072055    9.780210245  2346.8990   1  17   0.0048   0.0035   0.0094  -0.0019  -0.0010   0.0038   0.00  999.9
2026/09/06 08:59:05.000   46.276072056    9.780210262  2346.9036   1  17   0.0048   0.0035   0.0094  -0.0019  -0.0010   0.0038   0.00  999.9
2026/09/06 08:59:06.000   46.276072053    9.780210268  2346.8999   1  17   0.0048   0.0035   0.0094  -0.0019  -0.0010   0.0038   0.00  999.9
2026/09/06 08:59:07.000   46.276072085    9.780210260  2346.9043   1  17   0.0048   0.0035   0.0094  -0.0019  -0.0010   0.0038   0.00  999.9
2026/09/06 08:59:08.000   46.276072098    9.780210242  2346.9039   1  17   0.0048   0.0035   0.0094  -0.0019  -0.0009   0.0038   0.00  999.9
2026/09/06 08:59:09.000   46.276072082    9.780210247  2346.9018   1  17   0.0048   0.0035   0.0094  -0.0019  -0.0009   0.0038   0.00  999.9
2026/09/06 08:59:10.000   46.276072096    9.780210242  2346.9033   1  17   0.0048   0.0035   0.0094  -0.0019  -0.0009   0.0038   0.00  999.9
2026/09/06 08:59:11.000   46.276072085    9.780210239  2346.9034   1  17   0.0048   0.0035   0.0094  -0.0019  -0.0009   0.0038   0.00  999.9
2026/09/06 08:59:12.000   46.276072085    9.780210265  2346.9020   1  17   0.0048   0.0035   0.0094  -0.0019  -0.0009   0.0038   0.00  999.9
2026/09/06 08:59:13.000   46.276072089    9.780210252  2346.9016   1  17   0.0048   0.0035   0.0094  -0.0019  -0.0009   0.0038   0.00  999.9
2026/09/06 08:59:14.000   46.276072085    9.780210256  2346.9035   1  17   0.0048   0.0035   0.0094  -0.0019  -0.0009   0.0038   0.00  999.9
2026/09/06 08:59:15.000   46.276072076    9.780210278  2346.9039   1  17   0.0048   0.0035   0.0094  -0.0019  -0.0009   0.0038   0.00  999.9
2026/09/06 08:59:16.000   46.276072085    9.780210254  2346.9066   1  17   0.0048   0.0035   0.0094  -0.0019  -0.0009   0.0038   0.00  999.9
2026/09/06 08:59:17.000   46.276072104    9.780210263  2346.9065   1  17   0.0048   0.0035   0.0094  -0.0019  -0.0009   0.0038   0.00  999.9
2026/09/06 08:59:18.000   46.276072101    9.780210256  2346.9077   1  17   0.0048   0.0035   0.0094  -0.0019  -0.0009   0.0038   0.00  999.9
2026/09/06 08:59:19.000   46.276072106    9.780210261  2346.9070   1  17   0.0048   0.0035   0.0094  -0.0019  -0.0009   0.0038   0.00  999.9
2026/09/06 08:59:20.000   46.276072102    9.780210231  2346.9082   1  17   0.0048   0.0035   0.0094  -0.0019  -0.0009   0.0038   0.00  999.9
2026/09/06 08:59:21.000   46.276072097    9.780210230  2346.9050   1  17   0.0048   0.0035   0.0094  -0.0019  -0.0009   0.0038   0.00  999.9
2026/09/06 08:59:22.000   46.276072084    9.780210236  2346.9072   1  17   0.0048   0.0035   0.0094  -0.0019  -0.0009   0.0038   0.00  999.9
2026/09/06 08:59:23.000   46.276072067    9.780210246  2346.9001   1  17   0.0048   0.0035   0.0094  -0.0019  -0.0009   0.0038   0.00  999.9
2026/09/06 08:59:24.000   46.276072078    9.780210239  2346.8980   1  17   0.0048   0.0035   0.0094  -0.0019  -0.0009   0.0038   0.00  999.9
2026/09/06 08:59:25.000   46.276072111    9.780210245  2346.9021   1  17   0.0048   0.0035   0.0094  -0.0019  -0.0009   0.0038   0.00  999.9
2026/09/06 08:59:26.000   46.276072095    9.780210247  2346.9022   1  17   0.0048   0.0035   0.0094  -0.0019  -0.0009   0.0038   0.00  999.9
2026/09/06 08:59:27.000   46.276072110    9.780210264  2346.9065   1  17   0.0048   0.0035   0.0094  -0.0019  -0.0009   0.0038   0.00  999.9
2026/09/06 08:59:28.000   46.276072100    9.780210275  2346.9076   1  17   0.0048   0.0035   0.0094  -0.0019  -0.0009   0.0038   0.00  999.9
2026/09/06 08:59:29.000   46.276072108    9.780210281  2346.9095   1  17   0.0048   0.0035   0.0094  -0.0019  -0.0009   0.0038   0.00  999.9
2026/09/06 08:59:30.000   46.276072114    9.780210299  2346.9063   1  17   0.0048   0.0035   0.0094  -0.0019  -0.0009   0.0038   0.00  999.9
2026/09/06 08:59:31.000   46.276072087    9.780210305  2346.9020   1  17   0.0048   0.0035   0.0094  -0.0019  -0.0008   0.0038   0.00  999.9
2026/09/06 08:59:32.000   46.276072101    9.780210277  2346.9058   1  17   0.0048   0.0035   0.0094  -0.0019  -0.0008   0.0038   0.00  999.9
2026/09/06 08:59:33.000   46.276072097    9.780210282  2346.9080   1  17   0.0048   0.0035   0.0094  -0.0019  -0.0008   0.0038   0.00  999.9
2026/09/06 08:59:34.000   46.276072108    9.780210269  2346.9068   1  17   0.0048   0.0035   0.0094  -0.0019  -0.0008   0.0038   0.00  999.9
2026/09/06 08:59:35.000   46.276072099    9.780210283  2346.9091   1  17   0.0048   0.0035   0.0094  -0.0019  -0.0008   0.0038   0.00  999.9
2026/09/06 08:59:36.000   46.276072089    9.780210308  2346.9080   1  17   0.0048   0.0035   0.0094  -0.0019  -0.0008   0.0038   0.00  999.9
2026/09/06 08:59:37.000   46.276072095    9.780210303  2346.9073   1  17   0.0048   0.0035   0.0094  -0.0019  -0.0008   0.0038   0.00  999.9
2026/09/06 08:59:38.000   46.276072090    9.780210296  2346.9104   1  17   0.0048   0.0035   0.0094  -0.0019  -0.0008   0.0038   0.00  999.9
2026/09/06 08:59:39.000   46.276072113    9.780210296  2346.9174   1  17   0.0048   0.0035   0.0094  -0.0019  -0.0008   0.0038   0.00  999.9
2026/09/06 08:59:40.000   46.276072120    9.780210294  2346.9143   1  17   0.0048   0.0035   0.0094  -0.0019  -0.0008   0.0038   0.00  999.9
2026/09/06 08:59:41.000   46.276072127    9.780210252  2346.9174   1  17   0.0048   0.0035   0.0094  -0.0019  -0.0008   0.0038   0.00  999.9
2026/09/06 08:59:42.000   46.276072123    9.780210275  2346.9134   1  17   0.0048   0.0035   0.0094  -0.0019  -0.0008   0.0038   0.00  999.9
2026/09/06 08:59:43.000   46.276072090    9.780210261  2346.9071   1  17   0.0048   0.0035   0.0094  -0.0019  -0.0008   0.0038   0.00  999.9
2026/09/06 08:59:44.000   46.276072112    9.780210256  2346.9180   1  17   0.0048   0.0035   0.0094  -0.0019  -0.0008   0.0038   0.00  999.9
2026/09/06 08:59:45.000   46.276072115    9.780210253  2346.9170   1  17   0.0048   0.0035   0.0094  -0.0019  -0.0008   0.0038   0.00  999.9
2026/09/06 08:59:46.000   46.276072093    9.780210238  2346.9126   1  17   0.0048   0.0035   0.0094  -0.0019  -0.0008   0.0038   0.00  999.9
2026/09/06 08:59:47.000   46.276072116    9.780210236  2346.9136   1  17   0.0048   0.0035   0.0094  -0.0019  -0.0008   0.0038   0.00  999.9
2026/09/06 08:59:48.000   46.276072095    9.780210251  2346.9110   1  17   0.0048   0.0035   0.0094  -0.0019  -0.0008   0.0038   0.00  999.9
2026/09/06 08:59:49.000   46.276072096    9.780210249  2346.9167   1  17   0.0048   0.0035   0.0094  -0.0019  -0.0008   0.0038   0.00  999.9
2026/09/06 08:59:50.000   46.276072103    9.780210239  2346.9106   1  17   0.0048   0.0035   0.0094  -0.0019  -0.0008   0.0038   0.00  999.9
2026/09/06 08:59:51.000   46.276072115    9.780210240  2346.9112   1  17   0.0048   0.0035   0.0094  -0.0019  -0.0008   0.0038   0.00  999.9
2026/09/06 08:59:52.000   46.276072104    9.780210250  2346.9099   1  17   0.0048   0.0035   0.0094  -0.0019  -0.0007   0.0038   0.00  999.9
2026/09/06 08:59:53.000   46.276072111    9.780210239  2346.9116   1  17   0.0048   0.0035   0.0094  -0.0019  -0.0007   0.0038   0.00  999.9
2026/09/06 08:59:54.000   46.276072117    9.780210237  2346.9117   1  17   0.0048   0.0035   0.0094  -0.0019  -0.0007   0.0038   0.00  999.9
2026/09/06 08:59:55.000   46.276072085    9.780210229  2346.9117   1  17   0.0048   0.0035   0.0094  -0.0019  -0.0007   0.0038   0.00  999.9
2026/09/06 08:59:56.000   46.276072060    9.780210342  2346.9077   1  17   0.0048   0.0035   0.0094  -0.0019  -0.0007   0.0038   0.00  999.9
2026/09/06 08:59:57.000   46.276072039    9.780210378  2346.9071   1  17   0.0048   0.0035   0.0094  -0.0019  -0.0007   0.0038   0.00  999.9
2026/09/06 08:59:58.000   46.276071993    9.780210422  2346.9063   1  17   0.0048   0.0035   0.0094  -0.0019  -0.0007   0.0038   0.00  999.9
2026/09/06 08:59:59.000   46.276071972    9.780210442  2346.9050   1  17   0.0048   0.0035   0.0094  -0.0019  -0.0007   0.0038   0.00  999.9
2026/09/06 09:00:00.000   46.276071900    9.780210157  2346.9076   1  17   0.0048   0.0035   0.0094  -0.0019  -0.0007   0.0038   0.00  999.9
2026/09/06 09:00:01.000   46.276071913    9.780210142  2346.9080   1  17   0.0048   0.0035   0.0094  -0.0019  -0.0007   0.0038   0.00  999.9
2026/09/06 09:00:02.000   46.276071898    9.780210091  2346.9056   1  17   0.0048   0.0035   0.0094  -0.0019  -0.0007   0.0038   0.00  999.9
2026/09/06 09:00:03.000   46.276071907    9.780210034  2346.9062   1  17   0.0048   0.0035   0.0094  -0.0019  -0.0007   0.0038   0.00  999.9
2026/09/06 09:00:04.000   46.276072592    9.780214253  2346.9031   1  17   0.0048   0.0035   0.0094  -0.0019  -0.0007   0.0038   0.00  999.9
2026/09/06 09:00:05.000   46.276073330    9.780213425  2346.9069   1  17   0.0048   0.0035   0.0094  -0.0019  -0.0007   0.0038   0.00  999.9
2026/09/06 09:00:06.000   46.276071967    9.780209788  2346.9222   1  17   0.0048   0.0035   0.0094  -0.0019  -0.0007   0.0038   0.00  999.9
2026/09/06 09:00:07.000   46.276068291    9.780212861  2346.8783   1  17   0.0048   0.0035   0.0094  -0.0019  -0.0007   0.0038   0.00  999.9
2026/09/06 09:00:08.000   46.276069759    9.780212413  2346.8938   1  17   0.0048   0.0035   0.0094  -0.0019  -0.0007   0.0038   0.00  999.9
2026/09/06 09:00:09.000   46.276070407    9.780209712  2346.9661   1  17   0.0048   0.0035   0.0094  -0.0019  -0.0007   0.0038   0.00  999.9
2026/09/06 09:00:10.000   46.276070501    9.780210213  2347.0619   1  17   0.0048   0.0035   0.0094  -0.0019  -0.0006   0.0038   0.00  999.9
2026/09/06 09:00:11.000   46.276070833    9.780212488  2347.1042   1  17   0.0048   0.0035   0.0094  -0.0019  -0.0006   0.0038   0.00  999.9
2026/09/06 09:00:12.000   46.276068328    9.780211187  2346.9692   1  17   0.0048   0.0035   0.0094  -0.0019  -0.0006   0.0038   0.00  999.9
2026/09/06 09:00:13.000   46.276071054    9.780211491  2346.8804   1  17   0.0048   0.0035   0.0094  -0.0019  -0.0006   0.0038   0.00  999.9
2026/09/06 09:00:14.000   46.276072153    9.780211192  2346.8968   1  17   0.0048   0.0035   0.0094  -0.0019  -0.0006   0.0038   0.00  999.9
2026/09/06 09:00:15.000   46.276072205    9.780210771  2346.8947   1  17   0.0048   0.0035   0.0094  -0.0019  -0.0006   0.0038   0.00  999.9
2026/09/06 09:00:16.000   46.276071430    9.780209859  2346.8985   1  17   0.0048   0.0035   0.0094  -0.0019  -0.0006   0.0038   0.00  999.9
2026/09/06 09:00:17.000   46.276071503    9.780210603  2346.8933   1  17   0.0048   0.0035   0.0094  -0.0019  -0.0006   0.0038   0.00  999.9
2026/09/06 09:00:18.000   46.276071558    9.780212965  2346.8876   1  17   0.0048   0.0035   0.0094  -0.0019  -0.0006   0.0038   0.00  999.9
2026/09/06 09:00:19.000   46.276071661    9.780212037  2346.8935   1  17   0.0048   0.0035   0.0094  -0.0019  -0.0006   0.0038   0.00  999.9
2026/09/06 09:00:20.000   46.276071297    9.780212011  2346.8899   1  17   0.0048   0.0035   0.0094  -0.0019  -0.0006   0.0038   0.00  999.9
2026/09/06 09:00:21.000   46.276071304    9.780212770  2346.8861   1  17   0.0048   0.0035   0.0094  -0.0019  -0.0006   0.0038   0.00  999.9
2026/09/06 09:00:22.000   46.276072391    9.780213943  2346.8762   1  17   0.0048   0.0035   0.0094  -0.0019  -0.0006   0.0038   0.00  999.9
2026/09/06 09:00:23.000   46.276072034    9.780213574  2346.8846   1  17   0.0048   0.0035   0.0094  -0.0019  -0.0006   0.0038   0.00  999.9
2026/09/06 09:00:24.000   46.276071893    9.780214256  2346.8808   1  17   0.0048   0.0035   0.0094  -0.0019  -0.0006   0.0038   0.00  999.9
2026/09/06 09:00:25.000   46.276070778    9.780213910  2346.8746   1  17   0.0048   0.0035   0.0094  -0.0019  -0.0005   0.0038   0.00  999.9
2026/09/06 09:00:26.000   46.276070309    9.780213133  2346.8803   1  17   0.0048   0.0035   0.0094  -0.0019  -0.0005   0.0038   0.00  999.9
2026/09/06 09:00:27.000   46.276072042    9.780210620  2346.9753   1  17   0.0048   0.0035   0.0094  -0.0019  -0.0005   0.0038   0.00  999.9
2026/09/06 09:00:28.000   46.276067942    9.780210369  2346.8972   1  17   0.0048   0.0035   0.0094  -0.0019  -0.0005   0.0038   0.00  999.9
2026/09/06 09:00:29.000   46.276066500    9.780210046  2346.8995   1  17   0.0048   0.0035   0.0094  -0.0019  -0.0005   0.0038   0.00  999.9
2026/09/06 09:00:30.000   46.276066714    9.780211047  2346.8721   1  17   0.0048   0.0035   0.0094  -0.0019  -0.0005   0.0038   0.00  999.9
2026/09/06 09:00:31.000   46.276067312    9.780210068  2346.8571   1  17   0.0048   0.0035   0.0094  -0.0019  -0.0005   0.0038   0.00  999.9
2026/09/06 09:00:32.000   46.276067806    9.780209944  2346.8568   1  17   0.0048   0.0035   0.0094  -0.0019  -0.0005   0.0038   0.00  999.9
2026/09/06 09:00:33.000   46.276068297    9.780210024  2346.8628   1  17   0.0048   0.0035   0.0094  -0.0019  -0.0005   0.0038   0.00  999.9
2026/09/06 09:00:34.000   46.276065880    9.780212890  2346.8901   1  17   0.0048   0.0035   0.0094  -0.0019  -0.0005   0.0038   0.00  999.9
2026/09/06 09:00:35.000   46.276060270    9.780212593  2346.7682   1  17   0.0048   0.0035   0.0094  -0.0019  -0.0005   0.0038   0.00  999.9
2026/09/06 09:00:36.000   46.276053907    9.780209697  2346.7893   1  17   0.0048   0.0035   0.0094  -0.0019  -0.0005   0.0038   0.00  999.9
2026/09/06 09:00:37.000   46.276049987    9.780204595  2346.7186   1  17   0.0048   0.0035   0.0094  -0.0019  -0.0005   0.0038   0.00  999.9
2026/09/06 09:00:38.000   46.276048445    9.780204813  2346.6748   1  17   0.0048   0.0035   0.0094  -0.0019  -0.0004   0.0038   0.00  999.9
2026/09/06 09:00:39.000   46.276047621    9.780205017  2346.7807   1  17   0.0048   0.0035   0.0094  -0.0019  -0.0004   0.0038   0.00  999.9
2026/09/06 09:00:40.000   46.276048649    9.780203662  2346.7921   1  17   0.0051   0.0040   0.0099  -0.0023  -0.0010   0.0040   0.00  999.9
2026/09/06 09:00:41.000   46.276046442    9.780203072  2346.5431   1  17   0.0054   0.0041   0.0101  -0.0020   0.0012   0.0044   0.00    7.5
2026/09/06 09:00:42.000   46.276047391    9.780204162  2346.5865   1  17   0.0052   0.0040   0.0100  -0.0022   0.0005   0.0042   0.00   30.0
2026/09/06 09:00:43.000   46.276047101    9.780204478  2346.5022   1  17   0.0052   0.0040   0.0100  -0.0022  -0.0004   0.0042   0.00    7.6
2026/09/06 09:00:44.000   46.276046019    9.780201433  2346.3977   1  17   0.0052   0.0040   0.0099  -0.0023  -0.0006   0.0041   0.00    8.1
2026/09/06 09:00:45.000   46.276045539    9.780199906  2346.4604   1  17   0.0051   0.0040   0.0099  -0.0023  -0.0007   0.0041   0.00    5.4
2026/09/06 09:00:46.000   46.276047153    9.780199788  2346.6170   1  17   0.0050   0.0035   0.0095  -0.0016   0.0007   0.0039   0.00   14.8
2026/09/06 09:00:47.000   46.276047325    9.780203080  2346.0805   1  17   0.0048   0.0035   0.0095  -0.0019   0.0003   0.0039   0.00   14.7
2026/09/06 09:00:48.000   46.276046589    9.780201469  2345.5317   1  15   0.0048   0.0035   0.0103  -0.0018  -0.0016   0.0037   0.00    4.1
2026/09/06 09:00:49.000   46.276046488    9.780204030  2345.7183   1  14   0.0063   0.0047   0.0108  -0.0039   0.0026   0.0010   0.00    6.0
2026/09/06 09:00:50.000   46.276048354    9.780200556  2345.8991   1  15   0.0048   0.0035   0.0103  -0.0018  -0.0016   0.0037   0.00    7.0
2026/09/06 09:00:51.000   46.276046807    9.780198005  2345.6511   1  15   0.0048   0.0035   0.0103  -0.0018  -0.0016   0.0037   0.00   47.4
2026/09/06 09:00:52.000   46.276045639    9.780198279  2345.7967   1  15   0.0048   0.0035   0.0103  -0.0018  -0.0016   0.0037   0.00    7.7
2026/09/06 09:00:53.000   46.276045703    9.780199738  2345.8121   1  15   0.0048   0.0035   0.0103  -0.0018  -0.0016   0.0037   0.00   39.6
2026/09/06 09:00:54.000   46.276045699    9.780200972  2345.8528   1  15   0.0048   0.0035   0.0103  -0.0018  -0.0016   0.0037   0.00   78.0
2026/09/06 09:00:55.000   46.276045646    9.780198360  2346.0130   1  15   0.0048   0.0035   0.0103  -0.0018  -0.0016   0.0037   0.00  120.6
2026/09/06 09:00:56.000   46.276045173    9.780199450  2345.9784   1  15   0.0048   0.0035   0.0103  -0.0018  -0.0016   0.0037   0.00  170.4
2026/09/06 09:00:57.000   46.276044972    9.780200458  2345.8698   1  17   0.0048   0.0035   0.0094  -0.0019   0.0002   0.0038   0.00    7.4
2026/09/06 09:00:58.000   46.276045314    9.780201733  2345.7788   1  17   0.0048   0.0035   0.0094  -0.0019   0.0002   0.0038   0.00   50.3
2026/09/06 09:00:59.000   46.276045184    9.780201203  2345.7711   1  17   0.0048   0.0035   0.0094  -0.0019   0.0002   0.0038   0.00   90.4
2026/09/06 09:01:00.000   46.276043706    9.780201495  2345.7280   1  17   0.0048   0.0035   0.0094  -0.0019   0.0002   0.0038   0.00  135.7
2026/09/06 09:01:01.000   46.276043129    9.780200728  2345.7044   1  17   0.0048   0.0035   0.0094  -0.0019   0.0002   0.0038   0.00  180.0
2026/09/06 09:01:02.000   46.276043779    9.780200848  2345.7140   1  17   0.0048   0.0035   0.0094  -0.0019   0.0002   0.0038   0.00  217.8
2026/09/06 09:01:03.000   46.276044151    9.780201176  2345.7529   1  17   0.0048   0.0035   0.0094  -0.0019   0.0003   0.0038   0.00  257.2
2026/09/06 09:01:04.000   46.276043738    9.780201743  2345.7705   1  17   0.0048   0.0035   0.0094  -0.0019   0.0003   0.0038   0.00  294.5
2026/09/06 09:01:05.000   46.276044386    9.780203714  2345.8228   1  17   0.0048   0.0035   0.0094  -0.0019   0.0003   0.0038   0.00  338.7
2026/09/06 09:01:06.000   46.276044586    9.780209869  2345.6819   1  17   0.0048   0.0035   0.0094  -0.0019   0.0003   0.0038   0.00  376.7
2026/09/06 09:01:07.000   46.276043312    9.780210222  2345.6709   1  17   0.0049   0.0037   0.0102  -0.0014  -0.0023   0.0031   0.00  440.9
2026/09/06 09:01:08.000   46.276040820    9.780206655  2345.3370   1  16   0.0048   0.0035   0.0098  -0.0019  -0.0011   0.0038   0.00    6.7
2026/09/06 09:01:09.000   46.276041327    9.780206208  2345.4096   1  16   0.0048   0.0035   0.0098  -0.0019  -0.0011   0.0038   0.00    6.4
2026/09/06 09:01:10.000   46.276042858    9.780208668  2345.4780   1  15   0.0053   0.0039   0.0110  -0.0019  -0.0027   0.0025   0.00  999.9
2026/09/06 09:01:11.000   46.276044110    9.780208997  2345.1013   1  16   0.0053   0.0040   0.0099  -0.0028   0.0006   0.0036   0.00    7.0
2026/09/06 09:01:12.000   46.276044240    9.780208791  2345.0604   1  16   0.0050   0.0036   0.0098  -0.0022  -0.0008   0.0037   0.00    9.3
2026/09/06 09:01:13.000   46.276043665    9.780208138  2345.0420   1  14   0.0052   0.0039   0.0099  -0.0026   0.0002   0.0034   0.00   46.0
2026/09/06 09:01:14.000   46.276043611    9.780208705  2345.0619   1  15   0.0052   0.0038   0.0099  -0.0025   0.0009   0.0034   0.00    5.1
2026/09/06 09:01:15.000   46.276043216    9.780208650  2345.2270   1  16   0.0058   0.0039   0.0108  -0.0007  -0.0011   0.0044   0.00  166.2
2026/09/06 09:01:16.000   46.276043758    9.780209334  2345.0168   1  16   0.0052   0.0036   0.0103  -0.0019   0.0007   0.0044   0.00   16.1
2026/09/06 09:01:17.000   46.276043653    9.780209514  2345.0119   1  16   0.0052   0.0036   0.0102  -0.0019   0.0006   0.0043   0.00   85.7
2026/09/06 09:01:18.000   46.276043687    9.780209518  2345.0132   1  16   0.0051   0.0036   0.0102  -0.0019   0.0005   0.0043   0.00  134.7
2026/09/06 09:01:19.000   46.276043642    9.780209531  2345.0185   1  16   0.0051   0.0036   0.0101  -0.0019   0.0004   0.0042   0.00  169.6
2026/09/06 09:01:20.000   46.276043681    9.780209444  2345.0243   1  16   0.0051   0.0036   0.0101  -0.0019   0.0003   0.0042   0.00  173.5
2026/09/06 09:01:21.000   46.276043706    9.780209447  2345.0177   1  14   0.0054   0.0038   0.0108  -0.0022  -0.0005   0.0033   0.00  227.4
2026/09/06 09:01:22.000   46.276043711    9.780209431  2345.0086   1  16   0.0051   0.0037   0.0105  -0.0017  -0.0016   0.0039   0.00  207.2
2026/09/06 09:01:23.000   46.276043668    9.780209404  2344.9990   1  15   0.0051   0.0036   0.0108  -0.0016  -0.0019   0.0038   0.00   64.2
2026/09/06 09:01:24.000   46.276043608    9.780209389  2345.0226   1  17   0.0050   0.0035   0.0098  -0.0018   0.0006   0.0041   0.00   68.7
2026/09/06 09:01:25.000   46.276043594    9.780209357  2345.0214   1  17   0.0050   0.0035   0.0098  -0.0018   0.0007   0.0041   0.00   70.7
2026/09/06 09:01:26.000   46.276043649    9.780209388  2345.0113   1  16   0.0053   0.0037   0.0099  -0.0024   0.0015   0.0038   0.00   75.1
2026/09/06 09:01:27.000   46.276043569    9.780209362  2345.0133   1  17   0.0050   0.0035   0.0097  -0.0018   0.0007   0.0041   0.00   59.2
2026/09/06 09:01:28.000   46.276043575    9.780209379  2345.0150   1  17   0.0049   0.0035   0.0097  -0.0018   0.0006   0.0041   0.00   43.1
2026/09/06 09:01:29.000   46.276043538    9.780209434  2345.0166   1  17   0.0049   0.0035   0.0097  -0.0018   0.0006   0.0041   0.00   42.9
2026/09/06 09:01:30.000   46.276043566    9.780209414  2345.0245   1  17   0.0049   0.0035   0.0097  -0.0018   0.0007   0.0041   0.00   43.8
2026/09/06 09:01:31.000   46.276043581    9.780209372  2345.0147   1  16   0.0051   0.0037   0.0096  -0.0024   0.0013   0.0036   0.00   17.5
2026/09/06 09:01:32.000   46.276043585    9.780209428  2345.0299   1  17   0.0048   0.0035   0.0095  -0.0019   0.0005   0.0039   0.00   19.6
2026/09/06 09:01:33.000   46.276043645    9.780209424  2345.0306   1  16   0.0051   0.0037   0.0096  -0.0024   0.0013   0.0035   0.00   20.6
2026/09/06 09:01:34.000   46.276043616    9.780209509  2345.0193   1  16   0.0051   0.0037   0.0096  -0.0024   0.0013   0.0035   0.00   22.0
2026/09/06 09:01:35.000   46.276043570    9.780209510  2345.0338   1  16   0.0051   0.0037   0.0096  -0.0024   0.0013   0.0035   0.00   23.3
2026/09/06 09:01:36.000   46.276043608    9.780209525  2345.0248   1  15   0.0051   0.0037   0.0099  -0.0024   0.0009   0.0035   0.00   24.4
2026/09/06 09:01:37.000   46.276043590    9.780209533  2345.0273   1  15   0.0051   0.0037   0.0099  -0.0024   0.0009   0.0035   0.00   24.9
2026/09/06 09:01:38.000   46.276043608    9.780209566  2345.0328   1  15   0.0051   0.0037   0.0099  -0.0024   0.0009   0.0035   0.00   25.4
2026/09/06 09:01:39.000   46.276043700    9.780209436  2345.0368   1  16   0.0048   0.0035   0.0098  -0.0019  -0.0010   0.0038   0.00   25.1
2026/09/06 09:01:40.000   46.276043615    9.780209537  2345.0328   1  15   0.0051   0.0037   0.0099  -0.0024   0.0009   0.0035   0.00   26.0
2026/09/06 09:01:41.000   46.276043618    9.780209547  2345.0280   1  15   0.0051   0.0037   0.0099  -0.0024   0.0009   0.0034   0.00   26.4
2026/09/06 09:01:42.000   46.276043686    9.780208471  2345.1288   1  16   0.0063   0.0042   0.0103  -0.0031   0.0020   0.0038   0.00   28.9
2026/09/06 09:01:43.000   46.276040189    9.780210190  2345.9069   1  17   0.0254   0.0162   0.0161  -0.0196   0.0110  -0.0150   0.00   46.7
2026/09/06 09:01:44.000   46.276041923    9.780205928  2345.7171   1  15   0.0184   0.0118   0.0135  -0.0140   0.0079  -0.0105   0.00   46.9
2026/09/06 09:01:45.000   46.276059575    9.780238676  2354.3952   2  12   0.0179   0.0115   0.0352   0.0070   0.0167   0.0212   0.00    0.0
2026/09/06 09:01:46.000   46.276045373    9.780176407  2355.5380   2   6   0.0157   0.0501   0.0939   0.0185  -0.0372   0.0210   0.00    0.0
2026/09/06 09:01:47.000   46.276079760    9.780249222  2357.1489   5   3   0.4522   0.4939   1.3783  -0.1347  -0.2463   0.2631   0.00    0.0
2026/09/06 09:01:48.000   46.276323699    9.779619235  2343.6719   5   2   0.9196   1.2530   1.8589  -0.9590  -0.6340  -0.6673   0.00    0.0
2026/09/06 09:01:49.000   46.276376885    9.779668121  2344.6791   5   2   0.4754   0.5060   0.5350  -0.2357  -0.1309  -0.1246   0.00    0.0
2026/09/06 09:01:50.000   46.276170431    9.780064359  2344.0928   2  11   0.0297   0.0292   0.0218  -0.0274  -0.0170   0.0187   0.00    0.0
2026/09/06 09:01:51.000   46.276047913    9.780243912  2341.5203   2   6   0.0133   0.0122   0.0204  -0.0063  -0.0079   0.0110   0.00    0.0
2026/09/06 09:01:52.000   46.276050378    9.780182295  2346.1638   2  11   0.0129   0.0077   0.0183  -0.0049   0.0011   0.0104   0.00    1.0
2026/09/06 09:01:53.000   46.276046607    9.780175708  2347.1243   2  15   0.0124   0.0065   0.0176  -0.0041   0.0024   0.0104   0.00    1.0
2026/09/06 09:01:54.000   46.276046302    9.780168560  2347.7803   2  16   0.0123   0.0060   0.0174  -0.0039   0.0033   0.0105   0.00    1.0
2026/09/06 09:01:55.000   46.276046964    9.780164353  2348.1892   2  15   0.0123   0.0057   0.0175  -0.0039   0.0036   0.0105   0.00    1.3
2026/09/06 09:01:56.000   46.276046692    9.780161300  2348.3460   2  15   0.0123   0.0055   0.0174  -0.0039   0.0038   0.0105   0.00    1.0
2026/09/06 09:01:57.000   46.276046876    9.780159447  2348.4761   2  15   0.0124   0.0054   0.0174  -0.0039   0.0040   0.0105   0.00    1.0
2026/09/06 09:01:58.000   46.276046979    9.780158219  2348.5768   2  15   0.0124   0.0053   0.0174  -0.0039   0.0041   0.0105   0.00    1.0
2026/09/06 09:01:59.000   46.276047042    9.780157220  2348.6663   2  15   0.0124   0.0052   0.0174  -0.0039   0.0042   0.0106   0.00    1.0
2026/09/06 09:02:00.000   46.276047160    9.780156605  2348.7278   2  15   0.0125   0.0052   0.0174  -0.0039   0.0043   0.0106   0.00    1.1
2026/09/06 09:02:01.000   46.276047275    9.780155884  2348.7903   2  15   0.0125   0.0051   0.0174  -0.0039   0.0043   0.0106   0.00    1.1
2026/09/06 09:02:02.000   46.276047578    9.780156509  2348.8896   2  15   0.0125   0.0051   0.0174  -0.0039   0.0044   0.0107   0.00    1.1
2026/09/06 09:02:03.000   46.276048493    9.780158274  2349.0083   2  16   0.0126   0.0050   0.0174  -0.0039   0.0045   0.0107   0.00    1.2
2026/09/06 09:02:04.000   46.276047176    9.780151904  2348.9342   2  18   0.0126   0.0049   0.0172  -0.0039   0.0044   0.0108   0.00    1.0
2026/09/06 09:02:05.000   46.276046956    9.780153411  2349.1512   2  18   0.0126   0.0049   0.0173  -0.0039   0.0046   0.0108   0.00    1.1
2026/09/06 09:02:06.000   46.276048217    9.780152877  2349.0983   2  16   0.0127   0.0050   0.0175  -0.0039   0.0044   0.0108   0.00    1.1
2026/09/06 09:02:07.000   46.276046892    9.780153790  2349.2392   2  16   0.0127   0.0050   0.0177  -0.0039   0.0046   0.0107   0.00    1.1
2026/09/06 09:02:08.000   46.276048077    9.780156742  2348.9984   2  14   0.0128   0.0053   0.0180  -0.0039   0.0041   0.0107   0.00    1.1
2026/09/06 09:02:09.000   46.276047671    9.780157349  2349.0754   2  14   0.0128   0.0053   0.0180  -0.0039   0.0041   0.0108   0.00    1.0
2026/09/06 09:02:10.000   46.276047321    9.780157783  2349.1128   2  14   0.0128   0.0053   0.0180  -0.0039   0.0041   0.0108   0.00    1.0
2026/09/06 09:02:11.000   46.276049027    9.780157177  2348.8247   2  15   0.0128   0.0053   0.0178  -0.0039   0.0040   0.0110   0.00    1.0
2026/09/06 09:02:12.000   46.276048219    9.780156046  2349.1320   2  15   0.0128   0.0051   0.0176  -0.0039   0.0040   0.0110   0.00    1.0
2026/09/06 09:02:13.000   46.276046855    9.780156186  2349.1564   2  16   0.0129   0.0050   0.0175  -0.0039   0.0042   0.0111   0.00    1.1
2026/09/06 09:02:14.000   46.276047708    9.780155528  2349.2521   2  16   0.0129   0.0049   0.0175  -0.0039   0.0043   0.0111   0.00    1.1
2026/09/06 09:02:15.000   46.276047664    9.780154861  2349.2787   2  18   0.0129   0.0049   0.0175  -0.0039   0.0044   0.0111   0.00    1.0
2026/09/06 09:02:16.000   46.276046939    9.780154475  2349.5559   2  18   0.0130   0.0048   0.0176  -0.0039   0.0046   0.0111   0.00    1.0
2026/09/06 09:02:17.000   46.276048219    9.780156730  2349.0544   2  17   0.0130   0.0052   0.0177  -0.0038   0.0038   0.0112   0.00    1.0
2026/09/06 09:02:18.000   46.276047095    9.780154281  2349.1063   2  15   0.0130   0.0050   0.0178  -0.0039   0.0044   0.0112   0.00    1.0
2026/09/06 09:02:19.000   46.276046713    9.780153540  2349.2142   2  15   0.0131   0.0050   0.0179  -0.0039   0.0046   0.0112   0.00    1.0
2026/09/06 09:02:20.000   46.276046127    9.780154578  2349.2702   2  14   0.0131   0.0050   0.0180  -0.0039   0.0045   0.0112   0.00    1.0
2026/09/06 09:02:21.000   46.276046512    9.780154038  2349.5386   2  15   0.0132   0.0049   0.0180  -0.0040   0.0047   0.0112   0.00    1.1
2026/09/06 09:02:22.000   46.276048416    9.780157012  2349.0064   2  14   0.0132   0.0052   0.0181  -0.0039   0.0041   0.0113   0.00    1.0
2026/09/06 09:02:23.000   46.276048375    9.780155389  2348.9813   2  18   0.0132   0.0050   0.0176  -0.0039   0.0040   0.0114   0.00    1.0
2026/09/06 09:02:24.000   46.276048598    9.780153561  2349.1365   2  18   0.0132   0.0048   0.0175  -0.0039   0.0043   0.0115   0.00    1.0
2026/09/06 09:02:25.000   46.276048526    9.780152761  2349.2044   2  18   0.0132   0.0048   0.0175  -0.0039   0.0044   0.0115   0.00    1.0
2026/09/06 09:02:26.000   46.276048651    9.780152258  2349.2484   2  18   0.0132   0.0047   0.0175  -0.0039   0.0045   0.0115   0.00    1.0
2026/09/06 09:02:27.000   46.276048673    9.780152245  2349.2468   2  18   0.0133   0.0047   0.0175  -0.0039   0.0045   0.0116   0.00    1.0
2026/09/06 09:02:28.000   46.276049107    9.780152181  2349.2658   2  18   0.0133   0.0047   0.0175  -0.0039   0.0046   0.0116   0.00    1.0
2026/09/06 09:02:29.000   46.276049255    9.780151759  2349.2681   2  18   0.0133   0.0047   0.0175  -0.0039   0.0046   0.0116   0.00    1.0
2026/09/06 09:02:30.000   46.276049066    9.780152923  2349.2992   2  18   0.0134   0.0046   0.0176  -0.0039   0.0046   0.0117   0.00    1.0
2026/09/06 09:02:31.000   46.276049272    9.780152329  2349.3149   2  18   0.0134   0.0046   0.0176  -0.0039   0.0046   0.0117   0.00    1.0
2026/09/06 09:02:32.000   46.276049347    9.780151775  2349.3144   2  18   0.0134   0.0046   0.0176  -0.0039   0.0046   0.0117   0.00    1.0
2026/09/06 09:02:33.000   46.276049342    9.780152996  2349.3338   2  18   0.0135   0.0046   0.0176  -0.0039   0.0047   0.0118   0.00    1.0
2026/09/06 09:02:34.000   46.276049401    9.780153009  2349.3347   2  18   0.0135   0.0046   0.0177  -0.0039   0.0047   0.0118   0.00    1.0
2026/09/06 09:02:35.000   46.276049644    9.780152475  2349.3456   2  18   0.0135   0.0046   0.0177  -0.0039   0.0047   0.0118   0.00    1.0
2026/09/06 09:02:36.000   46.276049690    9.780152274  2349.2923   2  18   0.0135   0.0046   0.0178  -0.0039   0.0048   0.0118   0.00    1.0
2026/09/06 09:02:37.000   46.276049563    9.780152420  2349.2945   2  17   0.0136   0.0046   0.0178  -0.0039   0.0048   0.0119   0.00    1.0
2026/09/06 09:02:38.000   46.276049836    9.780152686  2349.3108   2  17   0.0136   0.0046   0.0178  -0.0039   0.0048   0.0119   0.00    1.0
2026/09/06 09:02:39.000   46.276048018    9.780157409  2349.2884   2  17   0.0136   0.0046   0.0178  -0.0039   0.0048   0.0119   0.00    1.0
2026/09/06 09:02:40.000   46.276049175    9.780154025  2349.4289   2  18   0.0137   0.0046   0.0178  -0.0039   0.0047   0.0120   0.00    1.0
2026/09/06 09:02:41.000   46.276048310    9.780151302  2349.3791   2  18   0.0137   0.0046   0.0178  -0.0039   0.0047   0.0120   0.00    1.0
2026/09/06 09:02:42.000   46.276048878    9.780151801  2349.4038   2  18   0.0137   0.0046   0.0178  -0.0039   0.0047   0.0120   0.00    1.0
2026/09/06 09:02:43.000   46.276048981    9.780151811  2349.4115   2  18   0.0137   0.0046   0.0178  -0.0039   0.0047   0.0121   0.00    1.0
2026/09/06 09:02:44.000   46.276049163    9.780151882  2349.4124   2  18   0.0138   0.0046   0.0178  -0.0039   0.0047   0.0121   0.00    1.0
2026/09/06 09:02:45.000   46.276049330    9.780151816  2349.4034   2  18   0.0138   0.0046   0.0179  -0.0040   0.0048   0.0121   0.00    1.0
2026/09/06 09:02:46.000   46.276048080    9.780153804  2349.3078   2  18   0.0139   0.0046   0.0179  -0.0041   0.0048   0.0121   0.00    1.0
2026/09/06 09:02:47.000   46.276045530    9.780155782  2349.2587   2  18   0.0139   0.0046   0.0179  -0.0040   0.0048   0.0122   0.00    1.0
2026/09/06 09:02:48.000   46.276044819    9.780156906  2349.2914   2  18   0.0138   0.0046   0.0179  -0.0039   0.0047   0.0122   0.00    1.0
2026/09/06 09:02:49.000   46.276044432    9.780156230  2349.3019   2  18   0.0139   0.0046   0.0179  -0.0039   0.0047   0.0122   0.00    1.0
2026/09/06 09:02:50.000   46.276044123    9.780156054  2349.2882   2  18   0.0139   0.0046   0.0180  -0.0039   0.0047   0.0123   0.00    1.0
2026/09/06 09:02:51.000   46.276044023    9.780155996  2349.3191   2  18   0.0139   0.0046   0.0180  -0.0039   0.0048   0.0123   0.00    1.0
2026/09/06 09:02:52.000   46.276043765    9.780155910  2349.3881   2  18   0.0140   0.0046   0.0180  -0.0039   0.0048   0.0123   0.00    1.0
2026/09/06 09:02:53.000   46.276043694    9.780156569  2349.3117   2  18   0.0140   0.0047   0.0181  -0.0039   0.0046   0.0123   0.00    1.0
2026/09/06 09:02:54.000   46.276043278    9.780156363  2349.3070   2  18   0.0140   0.0047   0.0181  -0.0039   0.0047   0.0123   0.00    1.0
2026/09/06 09:02:55.000   46.276043043    9.780156340  2349.3756   2  18   0.0141   0.0047   0.0182  -0.0039   0.0047   0.0123   0.00    1.1
2026/09/06 09:02:56.000   46.276043618    9.780157374  2349.1654   2  18   0.0141   0.0048   0.0182  -0.0039   0.0044   0.0124   0.00    1.0
2026/09/06 09:02:57.000   46.276043637    9.780156600  2349.2835   2  18   0.0141   0.0048   0.0182  -0.0039   0.0046   0.0124   0.00    1.0
2026/09/06 09:02:58.000   46.276043170    9.780157391  2349.3124   2  17   0.0141   0.0049   0.0183  -0.0039   0.0045   0.0124   0.00    1.0
2026/09/06 09:02:59.000   46.276043250    9.780157306  2349.3122   2  17   0.0142   0.0049   0.0183  -0.0039   0.0045   0.0124   0.00    1.0
2026/09/06 09:03:00.000   46.276043177    9.780157291  2349.3143   2  17   0.0142   0.0048   0.0183  -0.0039   0.0045   0.0125   0.00    1.0
2026/09/06 09:03:01.000   46.276043638    9.780156134  2349.3153   2  18   0.0142   0.0047   0.0182  -0.0039   0.0046   0.0125   0.00    1.0
2026/09/06 09:03:02.000   46.276043226    9.780157270  2349.3220   2  17   0.0142   0.0048   0.0184  -0.0039   0.0045   0.0125   0.00    1.0
2026/09/06 09:03:03.000   46.276043439    9.780157055  2349.2485   2  16   0.0143   0.0049   0.0185  -0.0039   0.0046   0.0125   0.00    1.1
2026/09/06 09:03:04.000   46.276043284    9.780157229  2349.3279   2  17   0.0143   0.0048   0.0184  -0.0039   0.0045   0.0126   0.00    1.0
2026/09/06 09:03:05.000   46.276043744    9.780155961  2349.3435   2  18   0.0143   0.0047   0.0183  -0.0039   0.0046   0.0126   0.00    1.0
2026/09/06 09:03:06.000   46.276043752    9.780155821  2349.3606   2  18   0.0143   0.0047   0.0183  -0.0039   0.0047   0.0126   0.00    1.0
2026/09/06 09:03:07.000   46.276043774    9.780155732  2349.3767   2  18   0.0143   0.0047   0.0183  -0.0039   0.0047   0.0127   0.00    1.0
2026/09/06 09:03:08.000   46.276043748    9.780155686  2349.3993   2  18   0.0143   0.0047   0.0184  -0.0039   0.0047   0.0127   0.00    1.0
2026/09/06 09:03:09.000   46.276043764    9.780155595  2349.4264   2  18   0.0144   0.0047   0.0184  -0.0039   0.0047   0.0127   0.00    1.0
2026/09/06 09:03:10.000   46.276043617    9.780155540  2349.4952   2  18   0.0144   0.0047   0.0185  -0.0039   0.0048   0.0127   0.00    1.0
2026/09/06 09:03:11.000   46.276043900    9.780156361  2349.3976   2  17   0.0145   0.0049   0.0186  -0.0039   0.0046   0.0127   0.00    1.1
2026/09/06 09:03:12.000   46.276046728    9.780153459  2349.6350   2  18   0.0146   0.0049   0.0188  -0.0040   0.0047   0.0128   0.00    1.0
2026/09/06 09:03:13.000   46.276047408    9.780151823  2349.1278   2  17   0.0145   0.0054   0.0189  -0.0040   0.0039   0.0129   0.00    1.0
2026/09/06 09:03:14.000   46.276057932    9.780151929  2349.0826   2  17   0.0146   0.0057   0.0191  -0.0041   0.0034   0.0130   0.00    1.1
2026/09/06 09:03:15.000   46.276056113    9.780162170  2349.6832   2  18   0.0145   0.0054   0.0188  -0.0040   0.0038   0.0129   0.00    1.1
2026/09/06 09:03:16.000   46.276052913    9.780165566  2349.6477   2  18   0.0145   0.0054   0.0187  -0.0040   0.0037   0.0129   0.00    1.0
2026/09/06 09:03:17.000   46.276051760    9.780162608  2350.0774   2  18   0.0145   0.0051   0.0186  -0.0040   0.0042   0.0129   0.00    1.1
2026/09/06 09:03:18.000   46.276054804    9.780158369  2350.1108   2  18   0.0145   0.0050   0.0186  -0.0040   0.0044   0.0130   0.00    1.2
2026/09/06 09:03:19.000   46.276055816    9.780159245  2350.1071   2  18   0.0146   0.0049   0.0186  -0.0040   0.0045   0.0130   0.00    1.2
2026/09/06 09:03:20.000   46.276055432    9.780158928  2350.2145   2  18   0.0147   0.0049   0.0188  -0.0041   0.0047   0.0130   0.00    1.2
2026/09/06 09:03:21.000   46.276051229    9.780166424  2350.1817   2  18   0.0146   0.0050   0.0187  -0.0040   0.0044   0.0130   0.00    1.1
2026/09/06 09:03:22.000   46.276049173    9.780165486  2350.1195   2  18   0.0145   0.0051   0.0186  -0.0040   0.0041   0.0130   0.00    1.1
2026/09/06 09:03:23.000   46.276048527    9.780165112  2350.2904   2  18   0.0145   0.0049   0.0186  -0.0039   0.0044   0.0130   0.00    1.1
2026/09/06 09:03:24.000   46.276047764    9.780163559  2350.6674   2  18   0.0145   0.0048   0.0186  -0.0039   0.0045   0.0130   0.00    1.2
2026/09/06 09:03:25.000   46.276048604    9.780163487  2350.7311   2  18   0.0146   0.0048   0.0186  -0.0039   0.0045   0.0131   0.00    1.2
2026/09/06 09:03:26.000   46.276049182    9.780162392  2350.7706   2  18   0.0146   0.0047   0.0186  -0.0039   0.0046   0.0131   0.00    1.2
2026/09/06 09:03:27.000   46.276048665    9.780163278  2350.7419   2  18   0.0146   0.0047   0.0186  -0.0039   0.0046   0.0131   0.00    1.3
2026/09/06 09:03:28.000   46.276048969    9.780163092  2350.7792   2  18   0.0146   0.0047   0.0186  -0.0039   0.0046   0.0131   0.00    1.3
2026/09/06 09:03:29.000   46.276048746    9.780162166  2350.7966   2  18   0.0146   0.0047   0.0186  -0.0039   0.0046   0.0131   0.00    1.3
2026/09/06 09:03:30.000   46.276049183    9.780161866  2350.8376   2  18   0.0146   0.0047   0.0186  -0.0039   0.0047   0.0131   0.00    1.4
2026/09/06 09:03:31.000   46.276049372    9.780164492  2350.7960   2  18   0.0146   0.0046   0.0186  -0.0039   0.0047   0.0132   0.00    1.4
2026/09/06 09:03:32.000   46.276048488    9.780162109  2350.8306   2  18   0.0147   0.0046   0.0186  -0.0039   0.0047   0.0132   0.00    1.4
2026/09/06 09:03:33.000   46.276048563    9.780163032  2350.8401   2  18   0.0147   0.0046   0.0186  -0.0039   0.0047   0.0132   0.00    1.5
2026/09/06 09:03:34.000   46.276048460    9.780162624  2350.8462   2  18   0.0147   0.0046   0.0186  -0.0039   0.0047   0.0132   0.00    1.5
2026/09/06 09:03:35.000   46.276050244    9.780161376  2350.8382   2  18   0.0147   0.0046   0.0186  -0.0039   0.0047   0.0132   0.00    1.5
2026/09/06 09:03:36.000   46.276050147    9.780162372  2350.8383   2  18   0.0147   0.0046   0.0186  -0.0039   0.0047   0.0132   0.00    1.5
2026/09/06 09:03:37.000   46.276049758    9.780162994  2350.8445   2  18   0.0147   0.0046   0.0186  -0.0039   0.0047   0.0132   0.00    1.5
2026/09/06 09:03:38.000   46.276049678    9.780163899  2350.8252   2  18   0.0147   0.0046   0.0186  -0.0039   0.0048   0.0132   0.00    1.6
2026/09/06 09:03:39.000   46.276050032    9.780162777  2350.8356   2  18   0.0147   0.0046   0.0186  -0.0039   0.0048   0.0132   0.00    1.6
2026/09/06 09:03:40.000   46.276050283    9.780162643  2350.8414   2  18   0.0147   0.0046   0.0186  -0.0039   0.0048   0.0133   0.00    1.6
2026/09/06 09:03:41.000   46.276049768    9.780163324  2350.8407   2  18   0.0148   0.0046   0.0186  -0.0039   0.0048   0.0133   0.00    1.7
2026/09/06 09:03:42.000   46.276049585    9.780163228  2350.8466   2  18   0.0148   0.0046   0.0186  -0.0039   0.0048   0.0133   0.00    1.7
2026/09/06 09:03:43.000   46.276049874    9.780162801  2350.8578   2  18   0.0148   0.0046   0.0186  -0.0039   0.0048   0.0133   0.00    1.7
2026/09/06 09:03:44.000   46.276049942    9.780163065  2350.8585   2  18   0.0148   0.0046   0.0186  -0.0039   0.0048   0.0133   0.00    1.7
2026/09/06 09:03:45.000   46.276050408    9.780163004  2350.8620   2  18   0.0148   0.0046   0.0186  -0.0039   0.0048   0.0133   0.00    1.7
2026/09/06 09:03:46.000   46.276049742    9.780163015  2350.8727   2  18   0.0148   0.0046   0.0186  -0.0039   0.0048   0.0133   0.00    1.7
2026/09/06 09:03:47.000   46.276050155    9.780162864  2350.8722   2  18   0.0148   0.0046   0.0186  -0.0039   0.0048   0.0133   0.00    1.7
2026/09/06 09:03:48.000   46.276049982    9.780163808  2350.8609   2  18   0.0148   0.0046   0.0186  -0.0039   0.0048   0.0133   0.00    1.7
2026/09/06 09:03:49.000   46.276050165    9.780163509  2350.8738   2  18   0.0148   0.0046   0.0186  -0.0039   0.0048   0.0133   0.00    1.7
2026/09/06 09:03:50.000   46.276050049    9.780162682  2350.8831   2  18   0.0148   0.0046   0.0186  -0.0039   0.0048   0.0133   0.00    1.7
2026/09/06 09:03:51.000   46.276049168    9.780161492  2350.8977   2  18   0.0148   0.0046   0.0186  -0.0039   0.0048   0.0133   0.00    1.7
2026/09/06 09:03:52.000   46.276048801    9.780161743  2350.9135   2  18   0.0148   0.0046   0.0186  -0.0039   0.0048   0.0133   0.00    1.7
2026/09/06 09:03:53.000   46.276049101    9.780161875  2350.9028   2  18   0.0148   0.0046   0.0186  -0.0039   0.0048   0.0133   0.00    1.7
2026/09/06 09:03:54.000   46.276050418    9.780162161  2350.8986   2  18   0.0148   0.0046   0.0186  -0.0039   0.0049   0.0133   0.00    1.7
2026/09/06 09:03:55.000   46.276050911    9.780162279  2350.8894   2  18   0.0148   0.0046   0.0186  -0.0039   0.0049   0.0133   0.00    1.7
2026/09/06 09:03:56.000   46.276050454    9.780163134  2350.8886   2  18   0.0148   0.0046   0.0186  -0.0039   0.0049   0.0133   0.00    1.7
2026/09/06 09:03:57.000   46.276050446    9.780163272  2350.8884   2  18   0.0148   0.0046   0.0186  -0.0039   0.0049   0.0133   0.00    1.7
2026/09/06 09:03:58.000   46.276050467    9.780162957  2350.8979   2  18   0.0148   0.0046   0.0186  -0.0039   0.0049   0.0133   0.00    1.7
2026/09/06 09:03:59.000   46.276050852    9.780162314  2350.8990   2  18   0.0148   0.0046   0.0186  -0.0038   0.0049   0.0133   0.00    1.7
2026/09/06 09:04:00.000   46.276050591    9.780161054  2350.8932   2  18   0.0148   0.0046   0.0186  -0.0038   0.0049   0.0132   0.00    1.7
2026/09/06 09:04:01.000   46.276049284    9.780163108  2350.8942   2  18   0.0147   0.0046   0.0186  -0.0038   0.0049   0.0132   0.00    1.7
2026/09/06 09:04:02.000   46.276049386    9.780162923  2350.8916   2  18   0.0147   0.0046   0.0186  -0.0038   0.0049   0.0132   0.00    1.7
2026/09/06 09:04:03.000   46.276049564    9.780161960  2350.9063   2  18   0.0147   0.0046   0.0186  -0.0038   0.0049   0.0132   0.00    1.6
2026/09/06 09:04:04.000   46.276050093    9.780161435  2350.9018   2  18   0.0147   0.0046   0.0186  -0.0038   0.0049   0.0132   0.00    1.6
2026/09/06 09:04:05.000   46.276049719    9.780161751  2350.8957   2  18   0.0147   0.0046   0.0186  -0.0038   0.0049   0.0132   0.00    1.6
2026/09/06 09:04:06.000   46.276049581    9.780162061  2350.9050   2  18   0.0147   0.0046   0.0186  -0.0038   0.0049   0.0132   0.00    1.6
2026/09/06 09:04:07.000   46.276049273    9.780162443  2350.9039   2  18   0.0147   0.0046   0.0186  -0.0038   0.0049   0.0132   0.00    1.6
2026/09/06 09:04:08.000   46.276049419    9.780162305  2350.9001   2  18   0.0147   0.0046   0.0185  -0.0038   0.0049   0.0132   0.00    1.5
2026/09/06 09:04:09.000   46.276049488    9.780162570  2350.9018   2  18   0.0147   0.0046   0.0185  -0.0038   0.0049   0.0131   0.00    1.5
2026/09/06 09:04:10.000   46.276049468    9.780162502  2350.9090   2  18   0.0147   0.0046   0.0185  -0.0038   0.0049   0.0131   0.00    1.5
2026/09/06 09:04:11.000   46.276050063    9.780162906  2350.8964   2  18   0.0146   0.0046   0.0185  -0.0038   0.0049   0.0131   0.00    1.5
2026/09/06 09:04:12.000   46.276049969    9.780163459  2350.8890   2  18   0.0146   0.0046   0.0185  -0.0038   0.0050   0.0131   0.00    1.5
2026/09/06 09:04:13.000   46.276049923    9.780163188  2350.8871   2  18   0.0146   0.0046   0.0185  -0.0038   0.0050   0.0131   0.00    1.4
2026/09/06 09:04:14.000   46.276049985    9.780163087  2350.8769   2  18   0.0146   0.0046   0.0185  -0.0038   0.0050   0.0131   0.00    1.4
2026/09/06 09:04:15.000   46.276050190    9.780163293  2350.8765   2  18   0.0146   0.0046   0.0185  -0.0038   0.0050   0.0130   0.00    1.4
2026/09/06 09:04:16.000   46.276050081    9.780163452  2350.8789   2  18   0.0146   0.0046   0.0185  -0.0038   0.0050   0.0130   0.00    1.4
2026/09/06 09:04:17.000   46.276050232    9.780163029  2350.8838   2  18   0.0145   0.0046   0.0184  -0.0038   0.0050   0.0130   0.00    1.4
2026/09/06 09:04:18.000   46.276050300    9.780163293  2350.8809   2  18   0.0145   0.0046   0.0184  -0.0038   0.0050   0.0130   0.00    1.4
2026/09/06 09:04:19.000   46.276049960    9.780163142  2350.8890   2  18   0.0145   0.0046   0.0184  -0.0038   0.0050   0.0130   0.00    1.3
2026/09/06 09:04:20.000   46.276049422    9.780162537  2350.9028   2  18   0.0145   0.0046   0.0184  -0.0038   0.0050   0.0129   0.00    1.3
2026/09/06 09:04:21.000   46.276048831    9.780161863  2350.9299   2  18   0.0145   0.0046   0.0184  -0.0038   0.0050   0.0129   0.00    1.3
2026/09/06 09:04:22.000   46.276049361    9.780161894  2350.9065   2  18   0.0144   0.0046   0.0184  -0.0038   0.0050   0.0129   0.00    1.3
2026/09/06 09:04:23.000   46.276050056    9.780162686  2350.8939   2  18   0.0144   0.0046   0.0183  -0.0038   0.0050   0.0129   0.00    1.3
2026/09/06 09:04:24.000   46.276050302    9.780162765  2350.8896   2  18   0.0144   0.0046   0.0183  -0.0038   0.0050   0.0129   0.00    1.3
2026/09/06 09:04:25.000   46.276050414    9.780162779  2350.8816   2  18   0.0144   0.0046   0.0183  -0.0037   0.0050   0.0128   0.00    1.3
2026/09/06 09:04:26.000   46.276049962    9.780162257  2350.8939   2  18   0.0144   0.0046   0.0183  -0.0037   0.0050   0.0128   0.00    1.2
2026/09/06 09:04:27.000   46.276048909    9.780160949  2350.9109   2  18   0.0143   0.0046   0.0183  -0.0037   0.0050   0.0128   0.00    1.2
2026/09/06 09:04:28.000   46.276047940    9.780163715  2350.8926   2  18   0.0143   0.0046   0.0183  -0.0037   0.0050   0.0128   0.00    1.2
2026/09/06 09:04:29.000   46.276048617    9.780164049  2350.8707   2  18   0.0143   0.0046   0.0182  -0.0037   0.0051   0.0127   0.00    1.2
2026/09/06 09:04:30.000   46.276048598    9.780163474  2350.8854   2  18   0.0143   0.0046   0.0182  -0.0037   0.0051   0.0127   0.00    1.2
2026/09/06 09:04:31.000   46.276048300    9.780162606  2350.8973   2  18   0.0142   0.0046   0.0182  -0.0037   0.0051   0.0127   0.00    1.2
2026/09/06 09:04:32.000   46.276043970    9.780158973  2350.9247   2  18   0.0142   0.0046   0.0182  -0.0037   0.0051   0.0126   0.00    1.2
2026/09/06 09:04:33.000   46.276037043    9.780161335  2350.9685   2  18   0.0142   0.0046   0.0182  -0.0037   0.0051   0.0126   0.00    1.2
2026/09/06 09:04:34.000   46.276030875    9.780157141  2351.1583   2  18   0.0142   0.0046   0.0182  -0.0037   0.0051   0.0126   0.00    1.2
2026/09/06 09:04:35.000   46.276023350    9.780157792  2351.3288   2  18   0.0141   0.0046   0.0181  -0.0037   0.0051   0.0126   0.00    1.2
2026/09/06 09:04:36.000   46.276018281    9.780161277  2351.4966   2  18   0.0141   0.0046   0.0181  -0.0037   0.0051   0.0125   0.00    1.1
2026/09/06 09:04:37.000   46.276010273    9.780162242  2351.6116   2  18   0.0141   0.0046   0.0181  -0.0037   0.0051   0.0125   0.00    1.1
2026/09/06 09:04:38.000   46.276001741    9.780162301  2351.6859   2  18   0.0141   0.0046   0.0181  -0.0037   0.0051   0.0125   0.00    1.1
2026/09/06 09:04:39.000   46.275992852    9.780163683  2351.7772   2  18   0.0140   0.0046   0.0181  -0.0037   0.0051   0.0124   0.00    1.1
2026/09/06 09:04:40.000   46.275984375    9.780162577  2351.8157   2  18   0.0140   0.0046   0.0180  -0.0037   0.0051   0.0124   0.00    1.1
2026/09/06 09:04:41.000   46.275981105    9.780164446  2351.9174   2  18   0.0140   0.0046   0.0180  -0.0037   0.0051   0.0124   0.00    1.1
2026/09/06 09:04:42.000   46.275981168    9.780161109  2351.8841   2  18   0.0139   0.0046   0.0180  -0.0037   0.0051   0.0123   0.00    1.0
2026/09/06 09:04:43.000   46.275981639    9.780161405  2351.9073   2  18   0.0139   0.0046   0.0180  -0.0037   0.0051   0.0123   0.00    1.0
2026/09/06 09:04:44.000   46.275981077    9.780158928  2351.8721   2  18   0.0139   0.0046   0.0180  -0.0037   0.0051   0.0123   0.00    1.0
2026/09/06 09:04:45.000   46.275976054    9.780158225  2351.8206   2  17   0.0139   0.0047   0.0180  -0.0037   0.0051   0.0122   0.00    1.0
2026/09/06 09:04:46.000   46.275972358    9.780154052  2351.8007   2  18   0.0138   0.0046   0.0179  -0.0037   0.0052   0.0122   0.00    1.0
2026/09/06 09:04:47.000   46.275970311    9.780155761  2351.6007   2  18   0.0138   0.0047   0.0180  -0.0037   0.0052   0.0121   0.00    1.0
2026/09/06 09:04:48.000   46.275966650    9.780154580  2351.5065   2  18   0.0138   0.0047   0.0180  -0.0038   0.0053   0.0121   0.00    1.0
2026/09/06 09:04:49.000   46.275954375    9.780150697  2351.6547   2  18   0.0138   0.0047   0.0179  -0.0037   0.0052   0.0121   0.00    1.0
2026/09/06 09:04:50.000   46.275949271    9.780152971  2351.8144   2  18   0.0138   0.0047   0.0180  -0.0037   0.0052   0.0121   0.00    1.0
2026/09/06 09:04:51.000   46.275947743    9.780152562  2351.8466   2  18   0.0138   0.0048   0.0179  -0.0037   0.0052   0.0120   0.00    1.0
2026/09/06 09:04:52.000   46.275942635    9.780154175  2352.2139   2  18   0.0137   0.0048   0.0179  -0.0038   0.0052   0.0120   0.00    1.0
2026/09/06 09:04:53.000   46.275937644    9.780159524  2352.9160   2  18   0.0137   0.0047   0.0179  -0.0036   0.0052   0.0120   0.00    1.0
2026/09/06 09:04:54.000   46.275938998    9.780159061  2353.3578   2  18   0.0136   0.0046   0.0178  -0.0036   0.0052   0.0120   0.00    1.0
2026/09/06 09:04:55.000   46.275938038    9.780156021  2353.4078   2  18   0.0136   0.0046   0.0177  -0.0036   0.0052   0.0119   0.00    1.0
2026/09/06 09:04:56.000   46.275937386    9.780152762  2353.4579   2  18   0.0135   0.0046   0.0177  -0.0036   0.0052   0.0119   0.00    1.0
2026/09/06 09:04:57.000   46.275937244    9.780154188  2353.4613   2  18   0.0135   0.0046   0.0177  -0.0035   0.0052   0.0119   0.00    1.0
2026/09/06 09:04:58.000   46.275937128    9.780155814  2353.4710   2  18   0.0135   0.0046   0.0177  -0.0035   0.0052   0.0118   0.00    1.0
2026/09/06 09:04:59.000   46.275936761    9.780155845  2353.4833   2  18   0.0135   0.0046   0.0177  -0.0035   0.0053   0.0118   0.00    1.0
2026/09/06 09:05:00.000   46.275937305    9.780155015  2353.4771   2  18   0.0134   0.0046   0.0176  -0.0035   0.0053   0.0117   0.00    1.0
2026/09/06 09:05:01.000   46.275936743    9.780156171  2353.4741   2  18   0.0134   0.0046   0.0176  -0.0035   0.0053   0.0117   0.00    1.0
2026/09/06 09:05:02.000   46.275934392    9.780161369  2353.4715   2  18   0.0134   0.0046   0.0176  -0.0036   0.0053   0.0117   0.00    1.0
2026/09/06 09:05:03.000   46.275923592    9.780162214  2353.6363   2  18   0.0134   0.0046   0.0176  -0.0036   0.0053   0.0117   0.00    1.0
2026/09/06 09:05:04.000   46.275918447    9.780154068  2353.9183   2  18   0.0134   0.0046   0.0176  -0.0036   0.0053   0.0116   0.00    1.0
2026/09/06 09:05:05.000   46.275914289    9.780147566  2354.1044   2  18   0.0134   0.0046   0.0177  -0.0036   0.0053   0.0116   0.00    1.0
2026/09/06 09:05:06.000   46.275911928    9.780142181  2354.3016   2  18   0.0134   0.0048   0.0178  -0.0037   0.0051   0.0116   0.00    1.0
2026/09/06 09:05:07.000   46.275906907    9.780142727  2354.3040   2  18   0.0134   0.0051   0.0182  -0.0039   0.0049   0.0117   0.00    1.0
2026/09/06 09:05:08.000   46.275901875    9.780141826  2353.9645   2  18   0.0134   0.0054   0.0183  -0.0039   0.0045   0.0116   0.00    1.0
2026/09/06 09:05:09.000   46.275899059    9.780148581  2352.9799   2  17   0.0134   0.0062   0.0187  -0.0039   0.0030   0.0116   0.00    1.0
2026/09/06 09:05:10.000   46.275904363    9.780137294  2353.5274   2  17   0.0134   0.0057   0.0182  -0.0039   0.0038   0.0116   0.00    1.0
2026/09/06 09:05:11.000   46.275906400    9.780125096  2354.1942   2  17   0.0133   0.0053   0.0180  -0.0037   0.0043   0.0116   0.00    1.0
2026/09/06 09:05:12.000   46.275905911    9.780121662  2354.6798   2  17   0.0133   0.0053   0.0179  -0.0037   0.0042   0.0117   0.00    1.0
2026/09/06 09:05:13.000   46.275902887    9.780119924  2355.1377   2  17   0.0132   0.0051   0.0178  -0.0036   0.0046   0.0116   0.00    1.0
2026/09/06 09:05:14.000   46.275904220    9.780118806  2355.2534   2  17   0.0132   0.0050   0.0177  -0.0036   0.0048   0.0116   0.00    1.1
2026/09/06 09:05:15.000   46.275904164    9.780118477  2355.3203   2  18   0.0132   0.0049   0.0177  -0.0036   0.0048   0.0115   0.00    1.0
2026/09/06 09:05:16.000   46.275904195    9.780119029  2355.4534   2  18   0.0132   0.0049   0.0177  -0.0036   0.0049   0.0115   0.00    1.0
2026/09/06 09:05:17.000   46.275902131    9.780116614  2355.5905   2  18   0.0132   0.0048   0.0177  -0.0036   0.0050   0.0115   0.00    1.0
2026/09/06 09:05:18.000   46.275900480    9.780106976  2356.0743   2  18   0.0132   0.0049   0.0178  -0.0036   0.0050   0.0114   0.00    1.0
2026/09/06 09:05:19.000   46.275897311    9.780118358  2353.9847   2  17   0.0132   0.0064   0.0186  -0.0038  -0.0004   0.0116   0.00    1.0
2026/09/06 09:05:20.000   46.275894304    9.780103864  2355.1930   2  18   0.0131   0.0055   0.0179  -0.0036   0.0040   0.0115   0.00    1.0
2026/09/06 09:05:21.000   46.275888069    9.780101114  2355.6041   2  18   0.0131   0.0052   0.0177  -0.0036   0.0045   0.0115   0.00    1.0
2026/09/06 09:05:22.000   46.275879881    9.780102131  2356.0459   2  18   0.0131   0.0050   0.0176  -0.0036   0.0047   0.0114   0.00    1.0
2026/09/06 09:05:23.000   46.275872475    9.780098703  2356.1784   2  17   0.0131   0.0051   0.0177  -0.0037   0.0050   0.0113   0.00    1.1
2026/09/06 09:05:24.000   46.275865171    9.780097292  2356.7189   2  17   0.0131   0.0049   0.0176  -0.0036   0.0050   0.0114   0.00    1.0
2026/09/06 09:05:25.000   46.275860123    9.780097887  2357.0669   2  18   0.0130   0.0049   0.0175  -0.0035   0.0050   0.0114   0.00    1.1
2026/09/06 09:05:26.000   46.275853485    9.780093066  2357.1979   2  17   0.0130   0.0049   0.0176  -0.0036   0.0051   0.0113   0.00    1.1
2026/09/06 09:05:27.000   46.275848013    9.780093440  2357.4175   2  17   0.0130   0.0048   0.0176  -0.0036   0.0052   0.0113   0.00    1.1
2026/09/06 09:05:28.000   46.275843168    9.780087931  2357.7465   2  17   0.0130   0.0048   0.0175  -0.0035   0.0052   0.0113   0.00    1.1
2026/09/06 09:05:29.000   46.275837211    9.780088772  2358.0121   2  17   0.0130   0.0048   0.0175  -0.0035   0.0052   0.0113   0.00    1.1
2026/09/06 09:05:30.000   46.275831916    9.780090061  2358.5517   2  18   0.0130   0.0047   0.0174  -0.0035   0.0051   0.0113   0.00    1.1
2026/09/06 09:05:31.000   46.275828580    9.780088265  2358.7923   2  18   0.0129   0.0047   0.0174  -0.0035   0.0052   0.0113   0.00    1.1
2026/09/06 09:05:32.000   46.275823572    9.780088156  2358.9089   2  17   0.0129   0.0048   0.0175  -0.0035   0.0053   0.0112   0.00    1.1
2026/09/06 09:05:33.000   46.275817612    9.780088049  2359.1955   2  18   0.0129   0.0047   0.0173  -0.0035   0.0052   0.0112   0.00    1.1
2026/09/06 09:05:34.000   46.275812200    9.780088765  2359.3191   2  17   0.0129   0.0048   0.0175  -0.0035   0.0053   0.0111   0.00    1.1
2026/09/06 09:05:35.000   46.275806317    9.780085251  2359.4484   2  17   0.0129   0.0048   0.0174  -0.0035   0.0054   0.0111   0.00    1.1
2026/09/06 09:05:36.000   46.275798175    9.780083700  2359.6861   2  17   0.0129   0.0048   0.0174  -0.0035   0.0054   0.0111   0.00    1.1
2026/09/06 09:05:37.000   46.275792067    9.780088170  2359.8719   2  17   0.0129   0.0047   0.0174  -0.0035   0.0054   0.0111   0.00    1.1
2026/09/06 09:05:38.000   46.275785842    9.780088480  2360.1513   2  17   0.0128   0.0048   0.0175  -0.0035   0.0054   0.0110   0.00    1.0
2026/09/06 09:05:39.000   46.275779600    9.780083914  2360.5013   2  18   0.0129   0.0048   0.0174  -0.0036   0.0054   0.0110   0.00    1.2
2026/09/06 09:05:40.000   46.275778269    9.780077063  2360.5820   2  18   0.0128   0.0048   0.0173  -0.0034   0.0052   0.0110   0.00    1.1
2026/09/06 09:05:41.000   46.275776785    9.780070611  2360.5425   2  18   0.0128   0.0049   0.0173  -0.0033   0.0050   0.0110   0.00    1.0
2026/09/06 09:05:42.000   46.275774472    9.780071482  2360.7728   2  18   0.0128   0.0048   0.0173  -0.0034   0.0052   0.0110   0.00    1.0
2026/09/06 09:05:43.000   46.275771369    9.780064958  2360.7302   2  18   0.0127   0.0048   0.0173  -0.0034   0.0052   0.0110   0.00    1.0
2026/09/06 09:05:44.000   46.275767690    9.780067638  2361.1867   2  16   0.0128   0.0049   0.0174  -0.0033   0.0051   0.0110   0.00    1.0
2026/09/06 09:05:45.000   46.275765209    9.780069666  2361.5259   2  17   0.0127   0.0048   0.0173  -0.0034   0.0053   0.0109   0.00    1.0
2026/09/06 09:05:46.000   46.275758905    9.780071470  2361.7833   2  17   0.0127   0.0048   0.0173  -0.0034   0.0054   0.0109   0.00    1.0
2026/09/06 09:05:47.000   46.275751854    9.780073748  2361.9190   2  17   0.0127   0.0048   0.0173  -0.0034   0.0054   0.0109   0.00    1.0
2026/09/06 09:05:48.000   46.275749372    9.780078219  2362.0898   2  17   0.0126   0.0048   0.0172  -0.0034   0.0054   0.0108   0.00    1.0
2026/09/06 09:05:49.000   46.275744009    9.780083223  2362.2889   2  17   0.0126   0.0048   0.0172  -0.0034   0.0055   0.0108   0.00    1.1
2026/09/06 09:05:50.000   46.275740519    9.780088896  2362.4441   2  17   0.0126   0.0048   0.0172  -0.0034   0.0055   0.0108   0.00    1.1
2026/09/06 09:05:51.000   46.275735105    9.780091760  2362.6036   2  17   0.0126   0.0047   0.0172  -0.0034   0.0055   0.0108   0.00    1.1
2026/09/06 09:05:52.000   46.275730310    9.780094567  2362.8711   2  18   0.0126   0.0047   0.0171  -0.0034   0.0054   0.0108   0.00    1.1
2026/09/06 09:05:53.000   46.275727389    9.780095802  2363.0611   2  18   0.0125   0.0047   0.0171  -0.0034   0.0054   0.0108   0.00    1.1
2026/09/06 09:05:54.000   46.275723877    9.780096637  2363.2003   2  17   0.0125   0.0047   0.0172  -0.0034   0.0055   0.0107   0.00    1.1
2026/09/06 09:05:55.000   46.275720576    9.780099466  2363.3444   2  17   0.0125   0.0047   0.0172  -0.0034   0.0055   0.0107   0.00    1.1
2026/09/06 09:05:56.000   46.275718360    9.780100789  2363.5176   2  17   0.0125   0.0047   0.0171  -0.0034   0.0055   0.0107   0.00    1.1
2026/09/06 09:05:57.000   46.275714784    9.780104210  2363.6427   2  17   0.0125   0.0047   0.0171  -0.0034   0.0056   0.0106   0.00    1.1
2026/09/06 09:05:58.000   46.275711773    9.780104234  2363.8080   2  17   0.0124   0.0047   0.0171  -0.0034   0.0056   0.0106   0.00    1.1
2026/09/06 09:05:59.000   46.275707276    9.780104083  2363.9494   2  17   0.0124   0.0047   0.0171  -0.0034   0.0056   0.0106   0.00    1.1
2026/09/06 09:06:00.000   46.275706832    9.780102305  2364.1510   2  17   0.0124   0.0047   0.0171  -0.0034   0.0056   0.0106   0.00    1.1
2026/09/06 09:06:01.000   46.275706643    9.780102036  2364.2168   2  18   0.0124   0.0047   0.0170  -0.0033   0.0055   0.0106   0.00    1.1
2026/09/06 09:06:02.000   46.275702970    9.780101382  2364.1623   2  18   0.0124   0.0047   0.0170  -0.0033   0.0055   0.0105   0.00    1.1
2026/09/06 09:06:03.000   46.275700690    9.780103612  2364.3487   2  18   0.0123   0.0047   0.0170  -0.0033   0.0055   0.0105   0.00    1.1
2026/09/06 09:06:04.000   46.275698730    9.780098182  2364.3076   2  17   0.0123   0.0047   0.0171  -0.0033   0.0057   0.0105   0.00    1.1
2026/09/06 09:06:05.000   46.275700371    9.780096927  2364.5420   2  18   0.0123   0.0047   0.0170  -0.0033   0.0056   0.0105   0.00    1.1
2026/09/06 09:06:06.000   46.275694433    9.780097354  2364.4182   2  18   0.0123   0.0047   0.0170  -0.0033   0.0056   0.0104   0.00    1.2
2026/09/06 09:06:07.000   46.275693255    9.780099259  2364.8522   2  18   0.0123   0.0047   0.0170  -0.0033   0.0056   0.0104   0.00    1.2
2026/09/06 09:06:08.000   46.275690652    9.780098799  2364.8559   2  18   0.0122   0.0047   0.0171  -0.0033   0.0057   0.0104   0.00    1.2
2026/09/06 09:06:09.000   46.275689152    9.780096754  2365.1407   2  18   0.0122   0.0047   0.0172  -0.0033   0.0058   0.0103   0.00    1.2
2026/09/06 09:06:10.000   46.275683521    9.780099612  2364.8726   2  18   0.0122   0.0049   0.0174  -0.0034   0.0059   0.0103   0.00    1.0
2026/09/06 09:06:11.000   46.275680241    9.780099285  2365.8142   2  16   0.0123   0.0049   0.0178  -0.0035   0.0060   0.0102   0.00    1.0
2026/09/06 09:06:12.000   46.275678752    9.780098606  2365.8225   2  15   0.0123   0.0054   0.0184  -0.0033   0.0056   0.0100   0.00    1.0
2026/09/06 09:06:13.000   46.275675140    9.780115869  2364.4428   2  12   0.0123   0.0081   0.0208  -0.0035  -0.0055   0.0103   0.00    1.0
2026/09/06 09:06:14.000   46.275678801    9.780160021  2359.3490   2  13   0.0124   0.0101   0.0217  -0.0020  -0.0085   0.0097   0.00    1.0
2026/09/06 09:06:15.000   46.275674178    9.780114146  2363.9795   2  18   0.0122   0.0063   0.0175  -0.0030   0.0034   0.0103   0.00    1.0
2026/09/06 09:06:16.000   46.275672954    9.780106535  2364.8314   2  18   0.0121   0.0057   0.0173  -0.0031   0.0045   0.0103   0.00    1.0
2026/09/06 09:06:17.000   46.275667528    9.780106822  2365.2847   2  18   0.0121   0.0054   0.0173  -0.0032   0.0050   0.0102   0.00    1.0
2026/09/06 09:06:18.000   46.275663798    9.780102055  2365.7773   2  18   0.0121   0.0053   0.0174  -0.0032   0.0053   0.0102   0.00    1.0
2026/09/06 09:06:19.000   46.275660930    9.780098934  2365.3015   2  18   0.0121   0.0055   0.0177  -0.0030   0.0052   0.0104   0.00    1.0
2026/09/06 09:06:20.000   46.275660912    9.780091065  2365.7689   2  18   0.0121   0.0053   0.0175  -0.0032   0.0054   0.0101   0.00    1.0
2026/09/06 09:06:21.000   46.275665199    9.780093202  2367.1416   2  17   0.0127   0.0054   0.0179  -0.0032   0.0054   0.0104   0.00    1.1
2026/09/06 09:06:22.000   46.275657608    9.780098113  2368.7800   2  15   0.0125   0.0057   0.0180  -0.0033   0.0035   0.0103   0.00    1.3
2026/09/06 09:06:23.000   46.275665593    9.780107259  2366.2310   2  15   0.0124   0.0061   0.0180  -0.0033   0.0035   0.0103   0.00    1.1
2026/09/06 09:06:24.000   46.275660420    9.780105284  2366.8981   2  16   0.0123   0.0060   0.0175  -0.0035   0.0032   0.0104   0.00    1.1
2026/09/06 09:06:25.000   46.275656918    9.780110808  2366.9655   2  15   0.0122   0.0060   0.0177  -0.0034   0.0037   0.0102   0.00    1.0
2026/09/06 09:06:26.000   46.275652856    9.780103054  2368.1634   2  15   0.0122   0.0057   0.0175  -0.0034   0.0043   0.0102   0.00    1.0
2026/09/06 09:06:27.000   46.275648020    9.780113552  2367.0004   2  15   0.0122   0.0060   0.0176  -0.0035   0.0037   0.0102   0.00    1.1
2026/09/06 09:06:28.000   46.275643201    9.780124078  2366.4118   2  16   0.0122   0.0063   0.0175  -0.0034   0.0030   0.0103   0.00    1.1
2026/09/06 09:06:29.000   46.275644226    9.780123710  2367.0641   2  17   0.0121   0.0060   0.0171  -0.0033   0.0031   0.0102   0.00    1.0
2026/09/06 09:06:30.000   46.275640158    9.780124294  2367.2827   2  17   0.0121   0.0059   0.0170  -0.0032   0.0033   0.0101   0.00    1.0
2026/09/06 09:06:31.000   46.275640384    9.780124458  2367.3398   2  16   0.0120   0.0060   0.0171  -0.0032   0.0038   0.0100   0.00    1.0
2026/09/06 09:06:32.000   46.275639047    9.780123978  2367.4819   2  16   0.0120   0.0059   0.0171  -0.0032   0.0038   0.0099   0.00    1.1
2026/09/06 09:06:33.000   46.275639029    9.780123725  2367.5677   2  16   0.0120   0.0059   0.0169  -0.0031   0.0035   0.0100   0.00    1.0
2026/09/06 09:06:34.000   46.275639373    9.780119798  2367.9095   2  18   0.0120   0.0057   0.0167  -0.0031   0.0040   0.0100   0.00    1.0
2026/09/06 09:06:35.000   46.275639960    9.780119345  2367.9815   2  18   0.0120   0.0057   0.0166  -0.0031   0.0040   0.0100   0.00    1.1
2026/09/06 09:06:36.000   46.275639998    9.780119127  2368.0144   2  18   0.0120   0.0056   0.0166  -0.0031   0.0041   0.0100   0.00    1.1
2026/09/06 09:06:37.000   46.275638823    9.780114873  2368.0495   2  18   0.0120   0.0056   0.0166  -0.0031   0.0041   0.0100   0.00    1.0
2026/09/06 09:06:38.000   46.275638310    9.780116511  2368.0591   2  18   0.0120   0.0056   0.0166  -0.0030   0.0042   0.0100   0.00    1.0
2026/09/06 09:06:39.000   46.275638113    9.780116809  2368.0650   2  18   0.0120   0.0056   0.0166  -0.0030   0.0042   0.0100   0.00    1.0
2026/09/06 09:06:40.000   46.275637759    9.780115707  2368.0811   2  18   0.0120   0.0056   0.0166  -0.0030   0.0042   0.0099   0.00    1.0
2026/09/06 09:06:41.000   46.275637864    9.780107380  2368.0310   2  18   0.0120   0.0056   0.0166  -0.0030   0.0043   0.0100   0.00    1.0
2026/09/06 09:06:42.000   46.275640507    9.780096419  2368.1734   2  18   0.0120   0.0056   0.0166  -0.0030   0.0043   0.0100   0.00    1.0
2026/09/06 09:06:43.000   46.275642310    9.780092352  2368.4779   2  18   0.0120   0.0056   0.0165  -0.0029   0.0043   0.0100   0.00    1.0
2026/09/06 09:06:44.000   46.275640430    9.780084060  2368.6969   2  18   0.0120   0.0056   0.0165  -0.0030   0.0043   0.0099   0.00    1.1
2026/09/06 09:06:45.000   46.275640398    9.780075388  2368.7526   2  18   0.0120   0.0056   0.0165  -0.0030   0.0043   0.0099   0.00    1.1
2026/09/06 09:06:46.000   46.275636424    9.780065931  2369.1489   2  18   0.0120   0.0056   0.0165  -0.0030   0.0043   0.0099   0.00    1.1
2026/09/06 09:06:47.000   46.275628243    9.780068095  2368.5688   2  18   0.0120   0.0058   0.0167  -0.0032   0.0039   0.0101   0.00    1.0
2026/09/06 09:06:48.000   46.275623436    9.780059514  2368.9400   2  18   0.0120   0.0057   0.0166  -0.0031   0.0042   0.0100   0.00    1.0
2026/09/06 09:06:49.000   46.275616211    9.780056154  2369.1438   2  18   0.0120   0.0057   0.0166  -0.0031   0.0043   0.0099   0.00    1.0
2026/09/06 09:06:50.000   46.275609261    9.780055836  2369.2603   2  18   0.0120   0.0057   0.0166  -0.0031   0.0045   0.0099   0.00    1.0
2026/09/06 09:06:51.000   46.275601784    9.780058116  2369.5569   2  18   0.0120   0.0056   0.0165  -0.0030   0.0043   0.0100   0.00    1.0
2026/09/06 09:06:52.000   46.275594737    9.780058065  2369.8260   2  18   0.0120   0.0056   0.0165  -0.0030   0.0043   0.0100   0.00    1.0
2026/09/06 09:06:53.000   46.275586043    9.780056582  2369.9101   2  18   0.0120   0.0056   0.0165  -0.0029   0.0044   0.0099   0.00    1.0
2026/09/06 09:06:54.000   46.275580741    9.780056044  2370.0923   2  18   0.0120   0.0056   0.0165  -0.0029   0.0044   0.0099   0.00    1.1
2026/09/06 09:06:55.000   46.275578119    9.780057466  2370.1405   2  18   0.0120   0.0056   0.0165  -0.0029   0.0044   0.0099   0.00    1.1
2026/09/06 09:06:56.000   46.275571920    9.780060803  2370.1699   2  18   0.0120   0.0056   0.0165  -0.0029   0.0044   0.0099   0.00    1.2
2026/09/06 09:06:57.000   46.275568911    9.780063596  2370.3619   2  18   0.0120   0.0056   0.0165  -0.0029   0.0045   0.0099   0.00    1.2
2026/09/06 09:06:58.000   46.275561637    9.780069024  2370.3476   2  18   0.0120   0.0056   0.0165  -0.0029   0.0045   0.0099   0.00    1.2
2026/09/06 09:06:59.000   46.275554972    9.780071473  2370.4795   2  18   0.0121   0.0056   0.0165  -0.0029   0.0045   0.0099   0.00    1.3
2026/09/06 09:07:00.000   46.275548756    9.780076446  2370.6819   2  18   0.0121   0.0055   0.0165  -0.0028   0.0045   0.0099   0.00    1.3
2026/09/06 09:07:01.000   46.275541988    9.780070407  2370.8826   2  18   0.0121   0.0055   0.0165  -0.0028   0.0045   0.0099   0.00    1.3
2026/09/06 09:07:02.000   46.275537193    9.780068366  2371.1487   2  18   0.0121   0.0056   0.0165  -0.0028   0.0045   0.0099   0.00    1.0
2026/09/06 09:07:03.000   46.275533572    9.780066754  2371.3708   2  18   0.0121   0.0056   0.0165  -0.0028   0.0045   0.0099   0.00    1.0
2026/09/06 09:07:04.000   46.275527180    9.780069243  2371.5688   2  18   0.0121   0.0055   0.0165  -0.0028   0.0045   0.0099   0.00    1.0
2026/09/06 09:07:05.000   46.275521830    9.780071706  2371.8984   2  18   0.0121   0.0055   0.0165  -0.0028   0.0046   0.0099   0.00    1.1
2026/09/06 09:07:06.000   46.275516556    9.780073987  2372.1430   2  18   0.0121   0.0055   0.0165  -0.0028   0.0046   0.0099   0.00    1.1
2026/09/06 09:07:07.000   46.275510873    9.780080325  2372.2125   2  18   0.0121   0.0055   0.0165  -0.0028   0.0046   0.0099   0.00    1.1
2026/09/06 09:07:08.000   46.275508406    9.780082186  2372.4726   2  18   0.0121   0.0055   0.0166  -0.0028   0.0046   0.0098   0.00    1.1
2026/09/06 09:07:09.000   46.275506347    9.780091735  2371.8086   2  18   0.0121   0.0057   0.0165  -0.0027   0.0044   0.0099   0.00    1.0
2026/09/06 09:07:10.000   46.275503625    9.780090625  2372.1098   2  18   0.0121   0.0056   0.0165  -0.0027   0.0045   0.0099   0.00    1.0
2026/09/06 09:07:11.000   46.275505212    9.780092214  2372.1850   2  18   0.0121   0.0056   0.0165  -0.0027   0.0046   0.0099   0.00    1.0
2026/09/06 09:07:12.000   46.275505084    9.780091910  2372.1967   2  18   0.0121   0.0056   0.0165  -0.0027   0.0046   0.0099   0.00    1.1
2026/09/06 09:07:13.000   46.275506591    9.780091300  2372.2628   2  18   0.0121   0.0056   0.0165  -0.0027   0.0046   0.0099   0.00    1.1
2026/09/06 09:07:14.000   46.275507466    9.780093266  2372.2610   2  18   0.0121   0.0056   0.0165  -0.0027   0.0047   0.0099   0.00    1.1
2026/09/06 09:07:15.000   46.275502279    9.780099091  2372.2838   2  17   0.0122   0.0056   0.0166  -0.0027   0.0046   0.0098   0.00    1.1
2026/09/06 09:07:16.000   46.275498026    9.780107193  2372.3052   2  18   0.0121   0.0056   0.0165  -0.0027   0.0047   0.0099   0.00    1.0
2026/09/06 09:07:17.000   46.275491240    9.780107730  2372.7480   2  18   0.0121   0.0056   0.0165  -0.0027   0.0047   0.0099   0.00    1.0
2026/09/06 09:07:18.000   46.275486750    9.780109439  2372.8559   2  18   0.0122   0.0056   0.0165  -0.0028   0.0047   0.0099   0.00    1.0
2026/09/06 09:07:19.000   46.275486395    9.780107841  2373.2128   2  18   0.0122   0.0056   0.0165  -0.0027   0.0047   0.0099   0.00    1.0
2026/09/06 09:07:20.000   46.275486538    9.780109231  2373.2099   2  18   0.0122   0.0056   0.0165  -0.0027   0.0048   0.0099   0.00    1.0
2026/09/06 09:07:21.000   46.275481010    9.780106754  2373.3764   2  18   0.0122   0.0056   0.0165  -0.0027   0.0048   0.0099   0.00    1.0
2026/09/06 09:07:22.000   46.275477563    9.780108273  2373.6331   2  18   0.0122   0.0056   0.0165  -0.0027   0.0048   0.0099   0.00    1.0
2026/09/06 09:07:23.000   46.275477459    9.780107800  2373.7625   2  18   0.0122   0.0056   0.0165  -0.0027   0.0048   0.0099   0.00    1.0
2026/09/06 09:07:24.000   46.275475401    9.780108046  2374.0429   2  18   0.0122   0.0056   0.0165  -0.0027   0.0049   0.0099   0.00    1.0
2026/09/06 09:07:25.000   46.275473641    9.780116253  2373.9933   2  18   0.0122   0.0056   0.0165  -0.0027   0.0049   0.0099   0.00    1.0
2026/09/06 09:07:26.000   46.275471365    9.780116368  2374.2878   2  18   0.0122   0.0056   0.0165  -0.0027   0.0049   0.0099   0.00    1.0
2026/09/06 09:07:27.000   46.275469968    9.780114914  2374.4950   2  18   0.0122   0.0056   0.0166  -0.0027   0.0049   0.0099   0.00    1.0
2026/09/06 09:07:28.000   46.275468165    9.780115105  2374.5003   2  18   0.0123   0.0056   0.0166  -0.0027   0.0050   0.0099   0.00    1.0
2026/09/06 09:07:29.000   46.275467522    9.780116297  2374.5200   2  18   0.0123   0.0056   0.0166  -0.0027   0.0050   0.0099   0.00    1.0
2026/09/06 09:07:30.000   46.275466551    9.780115324  2374.5088   2  18   0.0123   0.0056   0.0166  -0.0027   0.0050   0.0098   0.00    1.0
2026/09/06 09:07:31.000   46.275463417    9.780115894  2374.6910   2  18   0.0123   0.0057   0.0167  -0.0027   0.0051   0.0098   0.00    1.1
2026/09/06 09:07:32.000   46.275463236    9.780115433  2374.8075   2  18   0.0124   0.0057   0.0168  -0.0027   0.0051   0.0098   0.00    1.1
2026/09/06 09:07:33.000   46.275463048    9.780112381  2374.9516   2  18   0.0124   0.0057   0.0168  -0.0028   0.0052   0.0097   0.00    1.1
2026/09/06 09:07:34.000   46.275462496    9.780110656  2375.1257   2  18   0.0125   0.0058   0.0170  -0.0027   0.0053   0.0097   0.00    1.0
2026/09/06 09:07:35.000   46.275462101    9.780110610  2374.4443   2  17   0.0125   0.0059   0.0172  -0.0028   0.0053   0.0096   0.00    1.0
2026/09/06 09:07:36.000   46.275458600    9.780108798  2375.0393   2  15   0.0127   0.0061   0.0179  -0.0029   0.0050   0.0093   0.00    1.0
2026/09/06 09:07:37.000   46.275461064    9.780107552  2375.4736   2  15   0.0127   0.0063   0.0182  -0.0031   0.0053   0.0092   0.00    1.0
2026/09/06 09:07:38.000   46.275467722    9.780098760  2375.4460   2  16   0.0129   0.0067   0.0189  -0.0034   0.0057   0.0092   0.00    1.0
2026/09/06 09:07:39.000   46.275483676    9.780065212  2377.9034   2  15   0.0134   0.0076   0.0198  -0.0052   0.0055   0.0082   0.00    1.1
2026/09/06 09:07:40.000   46.275454982    9.780105506  2373.8274   2  14   0.0078   0.0072   0.0158  -0.0037  -0.0031   0.0048   0.00    1.1
2026/09/06 09:07:41.000   46.275449838    9.780098396  2374.6773   2  15   0.0075   0.0069   0.0157  -0.0038  -0.0029   0.0044   0.00    1.1
2026/09/06 09:07:42.000   46.275450779    9.780109599  2374.1945   2  15   0.0075   0.0068   0.0152  -0.0040  -0.0019   0.0048   0.00    1.2
2026/09/06 09:07:43.000   46.275447427    9.780099307  2374.9046   2  15   0.0075   0.0065   0.0149  -0.0038   0.0014   0.0048   0.00    1.1
2026/09/06 09:07:44.000   46.275446199    9.780097623  2375.4538   2  15   0.0075   0.0064   0.0148  -0.0037   0.0022   0.0049   0.00    1.2
2026/09/06 09:07:45.000   46.275448199    9.780095560  2375.8744   2  17   0.0075   0.0061   0.0145  -0.0036   0.0031   0.0046   0.00    1.1
2026/09/06 09:07:46.000   46.275445982    9.780104413  2375.8322   2  18   0.0074   0.0060   0.0143  -0.0035   0.0032   0.0045   0.00    1.0
2026/09/06 09:07:47.000   46.275443697    9.780107234  2375.7973   2  18   0.0072   0.0059   0.0141  -0.0035   0.0033   0.0041   0.00    1.2
2026/09/06 09:07:48.000   46.275445350    9.780106885  2376.1126   2  18   0.0072   0.0057   0.0140  -0.0035   0.0036   0.0041   0.00    1.2
2026/09/06 09:07:49.000   46.275450707    9.780109689  2376.1882   2  18   0.0072   0.0057   0.0140  -0.0034   0.0037   0.0040   0.00    1.3
2026/09/06 09:07:50.000   46.275448928    9.780111011  2376.3321   2  18   0.0072   0.0056   0.0139  -0.0034   0.0037   0.0040   0.00    1.1
2026/09/06 09:07:51.000   46.275447341    9.780109178  2376.4322   2  18   0.0072   0.0056   0.0139  -0.0034   0.0038   0.0040   0.00    1.1
2026/09/06 09:07:52.000   46.275450579    9.780109497  2376.3911   2  18   0.0072   0.0056   0.0139  -0.0034   0.0038   0.0040   0.00    1.1
2026/09/06 09:07:53.000   46.275449862    9.780107406  2376.4404   2  18   0.0072   0.0056   0.0139  -0.0034   0.0039   0.0040   0.00    1.1
2026/09/06 09:07:54.000   46.275448129    9.780101154  2376.5411   2  18   0.0072   0.0056   0.0139  -0.0034   0.0039   0.0040   0.00    1.0
2026/09/06 09:07:55.000   46.275449053    9.780099631  2376.5655   2  18   0.0072   0.0056   0.0139  -0.0034   0.0039   0.0040   0.00    1.0
2026/09/06 09:07:56.000   46.275447713    9.780098224  2376.6119   2  18   0.0072   0.0056   0.0139  -0.0034   0.0039   0.0040   0.00    1.0
2026/09/06 09:07:57.000   46.275445897    9.780098538  2376.6440   2  18   0.0073   0.0056   0.0139  -0.0034   0.0040   0.0040   0.00    1.0
2026/09/06 09:07:58.000   46.275439299    9.780091657  2376.7152   2  18   0.0073   0.0056   0.0139  -0.0034   0.0040   0.0041   0.00    1.0
2026/09/06 09:07:59.000   46.275436313    9.780088935  2376.7471   2  18   0.0073   0.0056   0.0139  -0.0034   0.0040   0.0041   0.00    1.0
2026/09/06 09:08:00.000   46.275436784    9.780086432  2376.7936   2  18   0.0074   0.0056   0.0140  -0.0033   0.0041   0.0043   0.00    1.0
2026/09/06 09:08:01.000   46.275440022    9.780088886  2376.7412   2  18   0.0072   0.0056   0.0139  -0.0034   0.0039   0.0039   0.00    1.0
2026/09/06 09:08:02.000   46.275440039    9.780085114  2376.8136   2  18   0.0072   0.0056   0.0138  -0.0034   0.0040   0.0039   0.00    1.0
2026/09/06 09:08:03.000   46.275447372    9.780082534  2376.5822   2  17   0.0072   0.0056   0.0140  -0.0034   0.0042   0.0038   0.00    1.0
2026/09/06 09:08:04.000   46.275450945    9.780078419  2376.6733   2  18   0.0072   0.0055   0.0138  -0.0034   0.0040   0.0039   0.00    1.0
2026/09/06 09:08:05.000   46.275450288    9.780076811  2376.7258   2  18   0.0072   0.0055   0.0138  -0.0034   0.0040   0.0039   0.00    1.0
2026/09/06 09:08:06.000   46.275451596    9.780077863  2376.6922   2  18   0.0072   0.0055   0.0138  -0.0034   0.0040   0.0039   0.00    1.0
2026/09/06 09:08:07.000   46.275453917    9.780080547  2376.6453   2  18   0.0072   0.0055   0.0138  -0.0034   0.0040   0.0039   0.00    1.0
2026/09/06 09:08:08.000   46.275454955    9.780082511  2376.6417   2  18   0.0072   0.0055   0.0138  -0.0034   0.0040   0.0039   0.00    1.0
2026/09/06 09:08:09.000   46.275454159    9.780082182  2376.6824   2  18   0.0072   0.0055   0.0138  -0.0034   0.0040   0.0039   0.00    1.0
2026/09/06 09:08:10.000   46.275453924    9.780080907  2376.6964   2  18   0.0072   0.0055   0.0138  -0.0034   0.0040   0.0039   0.00    1.0
2026/09/06 09:08:11.000   46.275450251    9.780084658  2376.6826   2  18   0.0072   0.0055   0.0138  -0.0034   0.0040   0.0039   0.00    1.1
2026/09/06 09:08:12.000   46.275445488    9.780087054  2376.7744   2  18   0.0072   0.0055   0.0138  -0.0034   0.0040   0.0039   0.00    1.1
2026/09/06 09:08:13.000   46.275442375    9.780087705  2376.8459   2  18   0.0072   0.0055   0.0138  -0.0034   0.0040   0.0039   0.00    1.1
2026/09/06 09:08:14.000   46.275445658    9.780090214  2376.7791   2  18   0.0073   0.0055   0.0138  -0.0034   0.0040   0.0039   0.00    1.0
2026/09/06 09:08:15.000   46.275447629    9.780096512  2376.7743   2  18   0.0073   0.0055   0.0138  -0.0034   0.0040   0.0039   0.00    1.0
2026/09/06 09:08:16.000   46.275449440    9.780100257  2376.7261   2  18   0.0073   0.0055   0.0138  -0.0034   0.0041   0.0039   0.00    1.0
2026/09/06 09:08:17.000   46.275448348    9.780098497  2376.7852   2  18   0.0073   0.0055   0.0138  -0.0034   0.0041   0.0039   0.00    1.0
2026/09/06 09:08:18.000   46.275448573    9.780097901  2376.7861   2  18   0.0073   0.0055   0.0138  -0.0034   0.0041   0.0039   0.00    1.0
2026/09/06 09:08:19.000   46.275448732    9.780097743  2376.7885   2  18   0.0073   0.0055   0.0138  -0.0034   0.0041   0.0039   0.00    1.0
2026/09/06 09:08:20.000   46.275448035    9.780093883  2376.8269   2  18   0.0073   0.0055   0.0138  -0.0034   0.0041   0.0039   0.00    1.0
2026/09/06 09:08:21.000   46.275448208    9.780094527  2376.8263   2  18   0.0073   0.0055   0.0138  -0.0034   0.0041   0.0039   0.00    1.0
2026/09/06 09:08:22.000   46.275447826    9.780093536  2376.8215   2  18   0.0073   0.0055   0.0138  -0.0034   0.0041   0.0039   0.00    1.0
2026/09/06 09:08:23.000   46.275442660    9.780090282  2376.7377   2  18   0.0073   0.0055   0.0138  -0.0034   0.0041   0.0039   0.00    1.0
2026/09/06 09:08:24.000   46.275436632    9.780083675  2376.8315   2  18   0.0073   0.0055   0.0138  -0.0034   0.0041   0.0039   0.00    1.1
2026/09/06 09:08:25.000   46.275433306    9.780077391  2376.9579   2  18   0.0073   0.0055   0.0138  -0.0034   0.0041   0.0039   0.00    1.1
2026/09/06 09:08:26.000   46.275428705    9.780077071  2377.0884   2  18   0.0073   0.0055   0.0138  -0.0034   0.0041   0.0039   0.00    1.1
2026/09/06 09:08:27.000   46.275427085    9.780082325  2377.1922   2  18   0.0073   0.0055   0.0138  -0.0035   0.0041   0.0039   0.00    1.1
2026/09/06 09:08:28.000   46.275425511    9.780085569  2377.3229   2  18   0.0073   0.0055   0.0138  -0.0035   0.0041   0.0039   0.00    1.1
2026/09/06 09:08:29.000   46.275422014    9.780087677  2377.4704   2  18   0.0073   0.0055   0.0138  -0.0035   0.0041   0.0039   0.00    1.1
2026/09/06 09:08:30.000   46.275418946    9.780090827  2377.6522   2  18   0.0073   0.0055   0.0138  -0.0035   0.0041   0.0039   0.00    1.1
2026/09/06 09:08:31.000   46.275416816    9.780091217  2378.0591   2  18   0.0073   0.0055   0.0138  -0.0035   0.0041   0.0039   0.00    1.1
2026/09/06 09:08:32.000   46.275414047    9.780084822  2378.0339   2  18   0.0074   0.0056   0.0139  -0.0035   0.0042   0.0038   0.00    1.1
2026/09/06 09:08:33.000   46.275411324    9.780075501  2378.0636   2  18   0.0074   0.0056   0.0139  -0.0036   0.0042   0.0037   0.00    1.1
2026/09/06 09:08:34.000   46.275405447    9.780073929  2378.2683   2  18   0.0073   0.0056   0.0138  -0.0035   0.0041   0.0040   0.00    1.0
2026/09/06 09:08:35.000   46.275402416    9.780073310  2378.4863   2  18   0.0073   0.0055   0.0138  -0.0034   0.0041   0.0039   0.00    1.1
2026/09/06 09:08:36.000   46.275399815    9.780078515  2378.6246   2  18   0.0073   0.0055   0.0138  -0.0034   0.0041   0.0039   0.00    1.1
2026/09/06 09:08:37.000   46.275394823    9.780081861  2378.9918   2  18   0.0073   0.0055   0.0138  -0.0034   0.0041   0.0039   0.00    1.1
2026/09/06 09:08:38.000   46.275389988    9.780081943  2379.0818   2  18   0.0073   0.0055   0.0138  -0.0034   0.0041   0.0039   0.00    1.1
2026/09/06 09:08:39.000   46.275384641    9.780085077  2379.1565   2  18   0.0073   0.0055   0.0138  -0.0034   0.0041   0.0039   0.00    1.1
2026/09/06 09:08:40.000   46.275381740    9.780080115  2379.3847   2  18   0.0073   0.0055   0.0138  -0.0034   0.0041   0.0039   0.00    1.1
2026/09/06 09:08:41.000   46.275378228    9.780077994  2379.6837   2  18   0.0073   0.0055   0.0138  -0.0034   0.0041   0.0039   0.00    1.1
2026/09/06 09:08:42.000   46.275374903    9.780070661  2379.8567   2  18   0.0073   0.0055   0.0139  -0.0034   0.0041   0.0039   0.00    1.1
2026/09/06 09:08:43.000   46.275368951    9.780064060  2380.0432   2  18   0.0073   0.0055   0.0139  -0.0034   0.0041   0.0039   0.00    1.1
2026/09/06 09:08:44.000   46.275365125    9.780060536  2380.1750   2  18   0.0073   0.0055   0.0139  -0.0034   0.0041   0.0040   0.00    1.0
2026/09/06 09:08:45.000   46.275360557    9.780061650  2380.4808   2  18   0.0073   0.0055   0.0138  -0.0034   0.0041   0.0040   0.00    1.0
2026/09/06 09:08:46.000   46.275353915    9.780062747  2380.6864   2  18   0.0073   0.0055   0.0138  -0.0034   0.0041   0.0040   0.00    1.1
2026/09/06 09:08:47.000   46.275349974    9.780060372  2380.8844   2  18   0.0073   0.0055   0.0138  -0.0034   0.0041   0.0040   0.00    1.1
2026/09/06 09:08:48.000   46.275345284    9.780055385  2381.0064   2  18   0.0073   0.0055   0.0138  -0.0034   0.0041   0.0040   0.00    1.1
2026/09/06 09:08:49.000   46.275343382    9.780051651  2381.2730   2  18   0.0073   0.0055   0.0138  -0.0034   0.0041   0.0040   0.00    1.1
2026/09/06 09:08:50.000   46.275343879    9.780051847  2381.3089   2  18   0.0073   0.0055   0.0138  -0.0034   0.0041   0.0040   0.00    1.1
2026/09/06 09:08:51.000   46.275344626    9.780051419  2381.3076   2  18   0.0073   0.0055   0.0139  -0.0034   0.0041   0.0040   0.00    1.1
2026/09/06 09:08:52.000   46.275345311    9.780051458  2381.3034   2  18   0.0073   0.0055   0.0139  -0.0034   0.0041   0.0040   0.00    1.1
2026/09/06 09:08:53.000   46.275345756    9.780051633  2381.2753   2  18   0.0073   0.0055   0.0139  -0.0034   0.0041   0.0040   0.00    1.1
2026/09/06 09:08:54.000   46.275346334    9.780051878  2381.2666   2  18   0.0073   0.0055   0.0139  -0.0034   0.0041   0.0040   0.00    1.1
2026/09/06 09:08:55.000   46.275345856    9.780050939  2381.2786   2  18   0.0073   0.0055   0.0139  -0.0034   0.0041   0.0040   0.00    1.2
2026/09/06 09:08:56.000   46.275345889    9.780049963  2381.2802   2  18   0.0074   0.0055   0.0139  -0.0034   0.0042   0.0040   0.00    1.2
2026/09/06 09:08:57.000   46.275345885    9.780050218  2381.2821   2  18   0.0074   0.0055   0.0139  -0.0034   0.0042   0.0040   0.00    1.2
2026/09/06 09:08:58.000   46.275345779    9.780049867  2381.3024   2  17   0.0074   0.0055   0.0139  -0.0034   0.0041   0.0040   0.00    1.2
2026/09/06 09:08:59.000   46.275345097    9.780049246  2381.2932   2  18   0.0074   0.0055   0.0139  -0.0034   0.0042   0.0041   0.00    1.2
2026/09/06 09:09:00.000   46.275344667    9.780049037  2381.2857   2  18   0.0074   0.0055   0.0139  -0.0034   0.0042   0.0041   0.00    1.2
2026/09/06 09:09:01.000   46.275344933    9.780049080  2381.2868   2  18   0.0074   0.0055   0.0139  -0.0034   0.0042   0.0041   0.00    1.2
2026/09/06 09:09:02.000   46.275345472    9.780049563  2381.2822   2  18   0.0074   0.0055   0.0139  -0.0034   0.0042   0.0042   0.00    1.2
2026/09/06 09:09:03.000   46.275346047    9.780049406  2381.2745   2  18   0.0074   0.0055   0.0140  -0.0034   0.0042   0.0042   0.00    1.2
2026/09/06 09:09:04.000   46.275344488    9.780050157  2381.2610   2  18   0.0075   0.0055   0.0140  -0.0034   0.0042   0.0043   0.00    1.2
2026/09/06 09:09:05.000   46.275339633    9.780052871  2381.2413   2  18   0.0075   0.0055   0.0140  -0.0034   0.0043   0.0044   0.00    1.2
2026/09/06 09:09:06.000   46.275332370    9.780051136  2381.3689   2  18   0.0075   0.0055   0.0141  -0.0033   0.0043   0.0045   0.00    1.2
2026/09/06 09:09:07.000   46.275327734    9.780051552  2381.4727   2  18   0.0077   0.0056   0.0143  -0.0033   0.0044   0.0048   0.00    1.2
2026/09/06 09:09:08.000   46.275321462    9.780045607  2381.5583   2  18   0.0080   0.0056   0.0147  -0.0031   0.0046   0.0055   0.00    1.2
2026/09/06 09:09:09.000   46.275320338    9.780046714  2382.1848   2  18   0.0073   0.0055   0.0138  -0.0035   0.0041   0.0039   0.00    1.0
2026/09/06 09:09:10.000   46.275316534    9.780041641  2382.4039   2  18   0.0073   0.0055   0.0138  -0.0035   0.0041   0.0039   0.00    1.0
2026/09/06 09:09:11.000   46.275312567    9.780045203  2382.6489   2  18   0.0073   0.0055   0.0138  -0.0035   0.0041   0.0039   0.00    1.0
2026/09/06 09:09:12.000   46.275308838    9.780046300  2382.9148   2  18   0.0073   0.0055   0.0138  -0.0035   0.0041   0.0039   0.00    1.0
2026/09/06 09:09:13.000   46.275306753    9.780052878  2383.1625   2  18   0.0073   0.0055   0.0138  -0.0035   0.0041   0.0039   0.00    1.0
2026/09/06 09:09:14.000   46.275305780    9.780051818  2383.2680   2  18   0.0073   0.0055   0.0138  -0.0035   0.0041   0.0039   0.00    1.0
2026/09/06 09:09:15.000   46.275305741    9.780055995  2383.2703   2  18   0.0073   0.0055   0.0138  -0.0035   0.0041   0.0039   0.00    1.0
2026/09/06 09:09:16.000   46.275305709    9.780055075  2383.2961   2  18   0.0073   0.0055   0.0138  -0.0035   0.0041   0.0038   0.00    1.0
2026/09/06 09:09:17.000   46.275305065    9.780051942  2383.2670   2  18   0.0073   0.0055   0.0138  -0.0035   0.0041   0.0038   0.00    1.0
2026/09/06 09:09:18.000   46.275306392    9.780052516  2383.2730   2  18   0.0073   0.0055   0.0138  -0.0035   0.0042   0.0038   0.00    1.0
2026/09/06 09:09:19.000   46.275306277    9.780054329  2383.2604   2  18   0.0073   0.0055   0.0138  -0.0035   0.0042   0.0038   0.00    1.0
2026/09/06 09:09:20.000   46.275308418    9.780051518  2383.2403   2  18   0.0073   0.0055   0.0138  -0.0035   0.0042   0.0038   0.00    1.0
2026/09/06 09:09:21.000   46.275308714    9.780047163  2383.2063   2  18   0.0073   0.0055   0.0138  -0.0035   0.0042   0.0038   0.00    1.0
2026/09/06 09:09:22.000   46.275309545    9.780047659  2383.0396   2  18   0.0073   0.0055   0.0138  -0.0035   0.0042   0.0038   0.00    1.0
2026/09/06 09:09:23.000   46.275311508    9.780042564  2382.8539   2  18   0.0073   0.0055   0.0138  -0.0035   0.0042   0.0038   0.00    1.0
2026/09/06 09:09:24.000   46.275316221    9.780043173  2382.5472   2  18   0.0073   0.0055   0.0138  -0.0035   0.0042   0.0038   0.00    1.0
2026/09/06 09:09:25.000   46.275319004    9.780040900  2382.3317   2  18   0.0073   0.0055   0.0138  -0.0035   0.0042   0.0038   0.00    1.0
2026/09/06 09:09:26.000   46.275322567    9.780042057  2382.1380   2  18   0.0073   0.0055   0.0138  -0.0035   0.0042   0.0038   0.00    1.1
2026/09/06 09:09:27.000   46.275322565    9.780038138  2382.1527   2  18   0.0073   0.0055   0.0138  -0.0035   0.0042   0.0038   0.00    1.1
2026/09/06 09:09:28.000   46.275320138    9.780029602  2382.1549   2  18   0.0073   0.0055   0.0138  -0.0035   0.0042   0.0038   0.00    1.0
2026/09/06 09:09:29.000   46.275320295    9.780023384  2382.4021   2  18   0.0073   0.0055   0.0138  -0.0035   0.0042   0.0038   0.00    1.0
2026/09/06 09:09:30.000   46.275318379    9.780014084  2382.4536   2  18   0.0073   0.0055   0.0138  -0.0035   0.0042   0.0039   0.00    1.0
2026/09/06 09:09:31.000   46.275319897    9.780005594  2382.2074   2  18   0.0073   0.0055   0.0138  -0.0035   0.0042   0.0039   0.00    1.0
2026/09/06 09:09:32.000   46.275322664    9.779996471  2382.2914   2  18   0.0073   0.0055   0.0138  -0.0035   0.0041   0.0039   0.00    1.0
2026/09/06 09:09:33.000   46.275322153    9.779993701  2382.3193   2  18   0.0073   0.0055   0.0138  -0.0035   0.0041   0.0039   0.00    1.0
2026/09/06 09:09:34.000   46.275324448    9.779988223  2382.3737   2  18   0.0074   0.0056   0.0138  -0.0035   0.0041   0.0039   0.00    1.0
2026/09/06 09:09:35.000   46.275327131    9.779985262  2382.5031   2  18   0.0074   0.0056   0.0139  -0.0036   0.0041   0.0040   0.00    1.0
2026/09/06 09:09:36.000   46.275327836    9.779980271  2381.7096   2  18   0.0074   0.0057   0.0140  -0.0036   0.0037   0.0040   0.00    1.0
2026/09/06 09:09:37.000   46.275326636    9.779969955  2381.9792   2  18   0.0074   0.0056   0.0139  -0.0036   0.0040   0.0039   0.00    1.0
2026/09/06 09:09:38.000   46.275326416    9.779958333  2382.1375   2  18   0.0074   0.0056   0.0139  -0.0036   0.0040   0.0039   0.00    1.0
2026/09/06 09:09:39.000   46.275323694    9.779949228  2382.5291   2  18   0.0074   0.0056   0.0138  -0.0036   0.0041   0.0039   0.00    1.0
2026/09/06 09:09:40.000   46.275319992    9.779939864  2382.7015   2  18   0.0074   0.0056   0.0138  -0.0035   0.0041   0.0039   0.00    1.0
2026/09/06 09:09:41.000   46.275317417    9.779931514  2382.8413   2  18   0.0074   0.0056   0.0138  -0.0035   0.0041   0.0039   0.00    1.0
2026/09/06 09:09:42.000   46.275311053    9.779929785  2383.0441   2  18   0.0074   0.0056   0.0138  -0.0035   0.0041   0.0039   0.00    1.0
2026/09/06 09:09:43.000   46.275305592    9.779930862  2383.4210   2  18   0.0074   0.0056   0.0138  -0.0035   0.0041   0.0039   0.00    1.0
2026/09/06 09:09:44.000   46.275300684    9.779934924  2383.7086   2  18   0.0074   0.0056   0.0138  -0.0035   0.0041   0.0039   0.00    1.0
2026/09/06 09:09:45.000   46.275296588    9.779933680  2383.8455   2  18   0.0074   0.0056   0.0138  -0.0035   0.0042   0.0039   0.00    1.1
2026/09/06 09:09:46.000   46.275292199    9.779931225  2384.0131   2  18   0.0074   0.0056   0.0138  -0.0035   0.0042   0.0039   0.00    1.0
2026/09/06 09:09:47.000   46.275290312    9.779928172  2384.3310   2  18   0.0074   0.0056   0.0138  -0.0035   0.0042   0.0039   0.00    1.1
2026/09/06 09:09:48.000   46.275286081    9.779928713  2384.4887   2  18   0.0074   0.0056   0.0138  -0.0035   0.0042   0.0039   0.00    1.1
2026/09/06 09:09:49.000   46.275280256    9.779926118  2384.7529   2  18   0.0074   0.0056   0.0138  -0.0035   0.0042   0.0039   0.00    1.1
2026/09/06 09:09:50.000   46.275274493    9.779919785  2384.8837   2  18   0.0074   0.0056   0.0138  -0.0035   0.0042   0.0039   0.00    1.1
2026/09/06 09:09:51.000   46.275267326    9.779918264  2385.0344   2  18   0.0074   0.0056   0.0138  -0.0035   0.0042   0.0039   0.00    1.1
2026/09/06 09:09:52.000   46.275262529    9.779916932  2385.2990   2  18   0.0074   0.0056   0.0138  -0.0035   0.0042   0.0039   0.00    1.1
2026/09/06 09:09:53.000   46.275257847    9.779918714  2385.4826   2  18   0.0074   0.0056   0.0138  -0.0035   0.0042   0.0039   0.00    1.1
2026/09/06 09:09:54.000   46.275255312    9.779924398  2385.7375   2  18   0.0074   0.0056   0.0139  -0.0035   0.0042   0.0040   0.00    1.1
2026/09/06 09:09:55.000   46.275250097    9.779924577  2385.9970   2  18   0.0074   0.0056   0.0139  -0.0035   0.0042   0.0040   0.00    1.1
2026/09/06 09:09:56.000   46.275247987    9.779930799  2386.2069   2  18   0.0074   0.0056   0.0139  -0.0035   0.0042   0.0040   0.00    1.1
2026/09/06 09:09:57.000   46.275243270    9.779931011  2386.2568   2  18   0.0074   0.0056   0.0139  -0.0035   0.0043   0.0041   0.00    1.1
2026/09/06 09:09:58.000   46.275239950    9.779931590  2386.3984   2  18   0.0075   0.0056   0.0140  -0.0035   0.0043   0.0042   0.00    1.1
2026/09/06 09:09:59.000   46.275237283    9.779929682  2386.5940   2  18   0.0075   0.0056   0.0140  -0.0034   0.0043   0.0043   0.00    1.1
2026/09/06 09:10:00.000   46.275236217    9.779930712  2386.5157   2  18   0.0076   0.0056   0.0142  -0.0034   0.0044   0.0046   0.00    1.1
2026/09/06 09:10:01.000   46.275232669    9.779932026  2386.4633   2  18   0.0079   0.0056   0.0145  -0.0032   0.0046   0.0053   0.00    1.1
2026/09/06 09:10:02.000   46.275226252    9.779934879  2386.4001   2  18   0.0080   0.0057   0.0146  -0.0033   0.0047   0.0053   0.00    1.0
2026/09/06 09:10:03.000   46.275229790    9.779940424  2387.1208   2  18   0.0074   0.0056   0.0138  -0.0037   0.0042   0.0036   0.00    1.0
2026/09/06 09:10:04.000   46.275228142    9.779946465  2387.4539   2  18   0.0073   0.0056   0.0137  -0.0036   0.0042   0.0036   0.00    1.0
2026/09/06 09:10:05.000   46.275227240    9.779953257  2387.6150   2  18   0.0073   0.0056   0.0137  -0.0036   0.0042   0.0036   0.00    1.1
2026/09/06 09:10:06.000   46.275228602    9.779958891  2387.9056   2  18   0.0073   0.0056   0.0137  -0.0036   0.0042   0.0036   0.00    1.1
2026/09/06 09:10:07.000   46.275225038    9.779963459  2388.0988   2  18   0.0073   0.0056   0.0137  -0.0036   0.0042   0.0036   0.00    1.1
2026/09/06 09:10:08.000   46.275222752    9.779968505  2388.2424   2  18   0.0073   0.0056   0.0137  -0.0036   0.0042   0.0036   0.00    1.1
2026/09/06 09:10:09.000   46.275218970    9.779973988  2388.4823   2  18   0.0073   0.0056   0.0137  -0.0036   0.0042   0.0036   0.00    1.1
2026/09/06 09:10:10.000   46.275216285    9.779981601  2388.6858   2  18   0.0073   0.0056   0.0137  -0.0036   0.0042   0.0036   0.00    1.1
2026/09/06 09:10:11.000   46.275212671    9.779986431  2388.8912   2  18   0.0073   0.0056   0.0137  -0.0036   0.0042   0.0036   0.00    1.2
2026/09/06 09:10:12.000   46.275210841    9.779993178  2389.0738   2  18   0.0073   0.0056   0.0137  -0.0036   0.0042   0.0036   0.00    1.2
2026/09/06 09:10:13.000   46.275209238    9.779999449  2389.3128   2  18   0.0073   0.0056   0.0137  -0.0036   0.0042   0.0035   0.00    1.2
2026/09/06 09:10:14.000   46.275204149    9.780005558  2389.4165   2  18   0.0073   0.0056   0.0137  -0.0036   0.0042   0.0035   0.00    1.2
2026/09/06 09:10:15.000   46.275201682    9.780010554  2389.6305   2  18   0.0073   0.0056   0.0137  -0.0036   0.0042   0.0035   0.00    1.2
2026/09/06 09:10:16.000   46.275200776    9.780010103  2389.6754   2  18   0.0073   0.0056   0.0137  -0.0036   0.0042   0.0035   0.00    1.2
2026/09/06 09:10:17.000   46.275201709    9.780009988  2389.6721   2  18   0.0073   0.0056   0.0137  -0.0036   0.0042   0.0035   0.00    1.2
2026/09/06 09:10:18.000   46.275201926    9.780010523  2389.6633   2  18   0.0073   0.0056   0.0137  -0.0036   0.0042   0.0035   0.00    1.2
2026/09/06 09:10:19.000   46.275202428    9.780010558  2389.6740   2  18   0.0073   0.0056   0.0137  -0.0036   0.0042   0.0035   0.00    1.2
2026/09/06 09:10:20.000   46.275202063    9.780010150  2389.6774   2  18   0.0073   0.0056   0.0137  -0.0036   0.0042   0.0035   0.00    1.2
2026/09/06 09:10:21.000   46.275202888    9.780009946  2389.6685   2  18   0.0073   0.0056   0.0137  -0.0036   0.0042   0.0035   0.00    1.2
2026/09/06 09:10:22.000   46.275203338    9.780010292  2389.6690   2  18   0.0073   0.0056   0.0137  -0.0036   0.0042   0.0035   0.00    1.2
2026/09/06 09:10:23.000   46.275203271    9.780009576  2389.6665   2  18   0.0073   0.0056   0.0137  -0.0036   0.0042   0.0035   0.00    1.2
2026/09/06 09:10:24.000   46.275203295    9.780007970  2389.6650   2  18   0.0073   0.0056   0.0137  -0.0036   0.0042   0.0035   0.00    1.2
2026/09/06 09:10:25.000   46.275202249    9.780007002  2389.6343   2  18   0.0073   0.0056   0.0137  -0.0036   0.0042   0.0035   0.00    1.2
2026/09/06 09:10:26.000   46.275202982    9.780005246  2389.6199   2  18   0.0073   0.0056   0.0137  -0.0036   0.0042   0.0035   0.00    1.2
2026/09/06 09:10:27.000   46.275203980    9.780005768  2389.6113   2  18   0.0073   0.0056   0.0137  -0.0036   0.0042   0.0035   0.00    1.2
2026/09/06 09:10:28.000   46.275203924    9.780005586  2389.6192   2  18   0.0073   0.0056   0.0137  -0.0036   0.0042   0.0035   0.00    1.2
2026/09/06 09:10:29.000   46.275204131    9.780005629  2389.6104   2  18   0.0073   0.0056   0.0137  -0.0036   0.0042   0.0035   0.00    1.2
2026/09/06 09:10:30.000   46.275203941    9.780005876  2389.6084   2  18   0.0073   0.0056   0.0137  -0.0036   0.0042   0.0035   0.00    1.2
2026/09/06 09:10:31.000   46.275203074    9.780009040  2389.6463   2  18   0.0073   0.0056   0.0137  -0.0036   0.0042   0.0034   0.00    1.2
2026/09/06 09:10:32.000   46.275201562    9.780010597  2389.6453   2  18   0.0073   0.0056   0.0137  -0.0036   0.0042   0.0034   0.00    1.2
2026/09/06 09:10:33.000   46.275197051    9.780008476  2389.7692   2  18   0.0073   0.0056   0.0137  -0.0036   0.0042   0.0034   0.00    1.2
2026/09/06 09:10:34.000   46.275193552    9.780011502  2389.9925   2  18   0.0073   0.0056   0.0137  -0.0036   0.0042   0.0034   0.00    1.2
2026/09/06 09:10:35.000   46.275188883    9.780006393  2390.2502   2  18   0.0073   0.0056   0.0137  -0.0036   0.0042   0.0034   0.00    1.2
2026/09/06 09:10:36.000   46.275181095    9.780002705  2390.4891   2  18   0.0073   0.0056   0.0137  -0.0036   0.0042   0.0034   0.00    1.2
2026/09/06 09:10:37.000   46.275176292    9.780009300  2390.6722   2  18   0.0073   0.0056   0.0137  -0.0036   0.0041   0.0034   0.00    1.0
2026/09/06 09:10:38.000   46.275170094    9.780013295  2390.9539   2  18   0.0073   0.0056   0.0137  -0.0036   0.0042   0.0034   0.00    1.0
2026/09/06 09:10:39.000   46.275164853    9.780017707  2391.2027   2  17   0.0073   0.0056   0.0137  -0.0036   0.0042   0.0034   0.00    1.2
2026/09/06 09:10:40.000   46.275160474    9.780022686  2391.4529   2  18   0.0073   0.0056   0.0137  -0.0036   0.0042   0.0034   0.00    1.0
2026/09/06 09:10:41.000   46.275156196    9.780021982  2391.6602   2  18   0.0073   0.0056   0.0137  -0.0036   0.0042   0.0034   0.00    1.0
2026/09/06 09:10:42.000   46.275150299    9.780020074  2391.9016   2  18   0.0073   0.0056   0.0137  -0.0036   0.0042   0.0034   0.00    1.0
2026/09/06 09:10:43.000   46.275147838    9.780013471  2392.1515   2  18   0.0073   0.0056   0.0137  -0.0036   0.0042   0.0034   0.00    1.0
2026/09/06 09:10:44.000   46.275143934    9.780006199  2392.5234   2  18   0.0073   0.0056   0.0137  -0.0036   0.0042   0.0034   0.00    1.0
2026/09/06 09:10:45.000   46.275138365    9.780004796  2392.7992   2  18   0.0073   0.0056   0.0137  -0.0036   0.0042   0.0034   0.00    1.1
2026/09/06 09:10:46.000   46.275133867    9.780002847  2393.1268   2  18   0.0073   0.0056   0.0137  -0.0036   0.0042   0.0034   0.00    1.1
2026/09/06 09:10:47.000   46.275128607    9.780000748  2393.3621   2  18   0.0073   0.0056   0.0137  -0.0036   0.0042   0.0034   0.00    1.1
2026/09/06 09:10:48.000   46.275123440    9.780002094  2393.6517   2  18   0.0073   0.0056   0.0137  -0.0036   0.0042   0.0034   0.00    1.1
2026/09/06 09:10:49.000   46.275119524    9.780000134  2394.1159   2  18   0.0073   0.0056   0.0137  -0.0037   0.0041   0.0035   0.00    1.1
2026/09/06 09:10:50.000   46.275112360    9.780003513  2394.0702   2  18   0.0073   0.0057   0.0138  -0.0037   0.0040   0.0035   0.00    1.1
2026/09/06 09:10:51.000   46.275105925    9.780005263  2393.8369   2  18   0.0073   0.0058   0.0139  -0.0038   0.0038   0.0036   0.00    1.0
2026/09/06 09:10:52.000   46.275099729    9.780001721  2394.3609   2  18   0.0073   0.0057   0.0138  -0.0037   0.0040   0.0035   0.00    1.0
2026/09/06 09:10:53.000   46.275096182    9.780002035  2394.8386   2  18   0.0073   0.0057   0.0138  -0.0037   0.0041   0.0034   0.00    1.0
2026/09/06 09:10:54.000   46.275092811    9.779999035  2395.1416   2  18   0.0073   0.0056   0.0137  -0.0037   0.0041   0.0034   0.00    1.0
2026/09/06 09:10:55.000   46.275087654    9.780004125  2395.3075   2  18   0.0073   0.0056   0.0137  -0.0037   0.0042   0.0034   0.00    1.0
2026/09/06 09:10:56.000   46.275083188    9.780010257  2395.5853   2  18   0.0073   0.0056   0.0137  -0.0037   0.0042   0.0034   0.00    1.0
2026/09/06 09:10:57.000   46.275077031    9.780016187  2395.8557   2  18   0.0073   0.0056   0.0138  -0.0037   0.0042   0.0033   0.00    1.0
2026/09/06 09:10:58.000   46.275073394    9.780021634  2395.7763   2  18   0.0073   0.0056   0.0138  -0.0037   0.0042   0.0034   0.00    1.0
2026/09/06 09:10:59.000   46.275071727    9.780021719  2395.9354   2  18   0.0073   0.0056   0.0137  -0.0037   0.0042   0.0034   0.00    1.0
2026/09/06 09:11:00.000   46.275069157    9.780023075  2395.9787   2  18   0.0073   0.0056   0.0138  -0.0037   0.0042   0.0033   0.00    1.0
2026/09/06 09:11:01.000   46.275065499    9.780025238  2396.0936   2  18   0.0073   0.0056   0.0138  -0.0036   0.0043   0.0033   0.00    1.0
2026/09/06 09:11:02.000   46.275058658    9.780025086  2396.4521   2  18   0.0073   0.0056   0.0138  -0.0036   0.0043   0.0033   0.00    1.0
2026/09/06 09:11:03.000   46.275052120    9.780028862  2396.7472   2  18   0.0073   0.0057   0.0140  -0.0036   0.0044   0.0034   0.00    1.0
2026/09/06 09:11:04.000   46.275046932    9.780033890  2397.0078   2  18   0.0073   0.0056   0.0138  -0.0036   0.0042   0.0033   0.00    1.0
2026/09/06 09:11:05.000   46.275039454    9.780034787  2397.3148   2  18   0.0073   0.0056   0.0138  -0.0037   0.0042   0.0032   0.00    1.0
2026/09/06 09:11:06.000   46.275030674    9.780036971  2397.7853   2  18   0.0074   0.0056   0.0138  -0.0036   0.0042   0.0030   0.00    1.1
2026/09/06 09:11:07.000   46.275027391    9.780042296  2397.3301   2  18   0.0073   0.0057   0.0139  -0.0037   0.0039   0.0032   0.00    1.0
2026/09/06 09:11:08.000   46.275020451    9.780038690  2397.7489   2  18   0.0073   0.0057   0.0139  -0.0037   0.0040   0.0032   0.00    1.0
2026/09/06 09:11:09.000   46.275013116    9.780035046  2398.2209   2  18   0.0073   0.0057   0.0139  -0.0037   0.0041   0.0030   0.00    1.0
2026/09/06 09:11:10.000   46.275009658    9.780032159  2397.9729   2  18   0.0073   0.0057   0.0139  -0.0036   0.0039   0.0031   0.00    1.0
2026/09/06 09:11:11.000   46.275007862    9.780022908  2398.5796   2  18   0.0074   0.0057   0.0139  -0.0036   0.0041   0.0029   0.00    1.0
2026/09/06 09:11:12.000   46.275005016    9.780014773  2398.6575   2  18   0.0074   0.0057   0.0140  -0.0036   0.0039   0.0029   0.00    1.0
2026/09/06 09:11:13.000   46.275002860    9.780014875  2398.3546   2  17   0.0073   0.0058   0.0141  -0.0036   0.0037   0.0032   0.00    1.0
2026/09/06 09:11:14.000   46.274997441    9.780008751  2398.9879   2  17   0.0073   0.0057   0.0140  -0.0036   0.0040   0.0032   0.00    1.0
2026/09/06 09:11:15.000   46.274994456    9.780004585  2399.1523   2  18   0.0073   0.0057   0.0139  -0.0036   0.0041   0.0032   0.00    1.0
2026/09/06 09:11:16.000   46.274995458    9.779996072  2399.3171   2  18   0.0073   0.0057   0.0139  -0.0036   0.0042   0.0033   0.00    1.0
2026/09/06 09:11:17.000   46.274989927    9.779993069  2399.5254   2  18   0.0073   0.0057   0.0141  -0.0036   0.0043   0.0034   0.00    1.0
2026/09/06 09:11:18.000   46.274988327    9.779983560  2399.8204   2  18   0.0073   0.0057   0.0138  -0.0036   0.0041   0.0033   0.00    1.0
2026/09/06 09:11:19.000   46.274988945    9.779973770  2400.1602   2  18   0.0072   0.0057   0.0138  -0.0037   0.0041   0.0031   0.00    1.0
2026/09/06 09:11:20.000   46.274985718    9.779966359  2400.6861   2  18   0.0073   0.0057   0.0139  -0.0037   0.0041   0.0028   0.00    1.0
2026/09/06 09:11:21.000   46.274985833    9.779962865  2400.3464   2  18   0.0072   0.0058   0.0139  -0.0037   0.0037   0.0033   0.00    1.0
2026/09/06 09:11:22.000   46.274984303    9.779962307  2400.8940   2  18   0.0072   0.0057   0.0138  -0.0037   0.0040   0.0033   0.00    1.0
2026/09/06 09:11:23.000   46.274984680    9.779960623  2401.0254   2  18   0.0072   0.0057   0.0137  -0.0037   0.0040   0.0033   0.00    1.0
2026/09/06 09:11:24.000   46.274979860    9.779956346  2400.9908   2  18   0.0072   0.0057   0.0137  -0.0037   0.0041   0.0033   0.00    1.0
2026/09/06 09:11:25.000   46.274974301    9.779955614  2401.3607   2  18   0.0072   0.0057   0.0137  -0.0037   0.0041   0.0033   0.00    1.0
2026/09/06 09:11:26.000   46.274969258    9.779960429  2401.6045   2  18   0.0072   0.0056   0.0137  -0.0037   0.0041   0.0033   0.00    1.1
2026/09/06 09:11:27.000   46.274963319    9.779969493  2401.6834   2  18   0.0072   0.0057   0.0137  -0.0037   0.0041   0.0033   0.00    1.0
2026/09/06 09:11:28.000   46.274956245    9.779973875  2401.8932   2  18   0.0072   0.0057   0.0137  -0.0037   0.0042   0.0033   0.00    1.0
2026/09/06 09:11:29.000   46.274953963    9.779983308  2402.0797   2  18   0.0072   0.0056   0.0137  -0.0037   0.0041   0.0033   0.00    1.1
2026/09/06 09:11:30.000   46.274952501    9.779988369  2402.4638   2  18   0.0072   0.0056   0.0137  -0.0037   0.0042   0.0033   0.00    1.1
2026/09/06 09:11:31.000   46.274950662    9.779990236  2402.5407   2  18   0.0072   0.0056   0.0137  -0.0037   0.0042   0.0033   0.00    1.1
2026/09/06 09:11:32.000   46.274949952    9.779987875  2402.5969   2  18   0.0072   0.0056   0.0137  -0.0037   0.0042   0.0033   0.00    1.1
2026/09/06 09:11:33.000   46.274949838    9.779987923  2402.5994   2  18   0.0072   0.0056   0.0137  -0.0037   0.0042   0.0033   0.00    1.1
2026/09/06 09:11:34.000   46.274949523    9.779988241  2402.5966   2  18   0.0072   0.0056   0.0137  -0.0037   0.0042   0.0033   0.00    1.1
2026/09/06 09:11:35.000   46.274945615    9.779982340  2402.6435   2  18   0.0072   0.0056   0.0136  -0.0037   0.0042   0.0033   0.00    1.1
2026/09/06 09:11:36.000   46.274940558    9.779980915  2402.8164   2  18   0.0072   0.0056   0.0136  -0.0037   0.0042   0.0033   0.00    1.1
2026/09/06 09:11:37.000   46.274936871    9.779983240  2403.0073   2  18   0.0072   0.0056   0.0137  -0.0037   0.0042   0.0033   0.00    1.1
2026/09/06 09:11:38.000   46.274929855    9.779986199  2403.3064   2  18   0.0072   0.0056   0.0137  -0.0037   0.0042   0.0033   0.00    1.1
2026/09/06 09:11:39.000   46.274930117    9.779988810  2403.5884   2  18   0.0072   0.0056   0.0137  -0.0037   0.0042   0.0033   0.00    1.1
2026/09/06 09:11:40.000   46.274929202    9.779989089  2403.5843   2  18   0.0072   0.0056   0.0137  -0.0037   0.0042   0.0033   0.00    1.1
2026/09/06 09:11:41.000   46.274923847    9.779988715  2403.6563   2  18   0.0072   0.0056   0.0137  -0.0037   0.0042   0.0033   0.00    1.1
2026/09/06 09:11:42.000   46.274918959    9.779986413  2403.7352   2  18   0.0072   0.0056   0.0137  -0.0037   0.0042   0.0033   0.00    1.1
2026/09/06 09:11:43.000   46.274915933    9.779980631  2403.9497   2  18   0.0072   0.0056   0.0137  -0.0037   0.0042   0.0033   0.00    1.1
2026/09/06 09:11:44.000   46.274915230    9.779975830  2404.1385   2  18   0.0072   0.0056   0.0137  -0.0037   0.0042   0.0033   0.00    1.1
2026/09/06 09:11:45.000   46.274910087    9.779974472  2404.2406   2  18   0.0072   0.0056   0.0137  -0.0037   0.0042   0.0033   0.00    1.1
2026/09/06 09:11:46.000   46.274904904    9.779972278  2404.3423   2  18   0.0072   0.0056   0.0137  -0.0037   0.0042   0.0033   0.00    1.1
2026/09/06 09:11:47.000   46.274899380    9.779972928  2404.3395   2  18   0.0072   0.0056   0.0137  -0.0037   0.0042   0.0033   0.00    1.1
2026/09/06 09:11:48.000   46.274889688    9.779971497  2404.4529   2  18   0.0072   0.0056   0.0137  -0.0037   0.0043   0.0033   0.00    1.1
2026/09/06 09:11:49.000   46.274881832    9.779965665  2404.7158   2  18   0.0072   0.0056   0.0137  -0.0037   0.0043   0.0033   0.00    1.2
2026/09/06 09:11:50.000   46.274877255    9.779969262  2405.0060   2  18   0.0072   0.0056   0.0137  -0.0037   0.0043   0.0033   0.00    1.2
2026/09/06 09:11:51.000   46.274872154    9.779965359  2405.3407   2  18   0.0072   0.0056   0.0137  -0.0037   0.0043   0.0033   0.00    1.2
2026/09/06 09:11:52.000   46.274866813    9.779966929  2405.5585   2  18   0.0072   0.0056   0.0137  -0.0037   0.0043   0.0033   0.00    1.2
2026/09/06 09:11:53.000   46.274860761    9.779962490  2405.7086   2  18   0.0072   0.0056   0.0137  -0.0037   0.0043   0.0032   0.00    1.2
2026/09/06 09:11:54.000   46.274857469    9.779959658  2406.0244   2  18   0.0073   0.0056   0.0138  -0.0037   0.0043   0.0032   0.00    1.2
2026/09/06 09:11:55.000   46.274855906    9.779955618  2406.4260   2  18   0.0073   0.0056   0.0139  -0.0037   0.0043   0.0030   0.00    1.2
2026/09/06 09:11:56.000   46.274857847    9.779952151  2405.8882   2  18   0.0072   0.0057   0.0139  -0.0036   0.0040   0.0034   0.00    1.0
2026/09/06 09:11:57.000   46.274858024    9.779947893  2406.1661   2  18   0.0073   0.0057   0.0139  -0.0036   0.0041   0.0035   0.00    1.0
2026/09/06 09:11:58.000   46.274856186    9.779940521  2406.4749   2  18   0.0073   0.0057   0.0138  -0.0036   0.0042   0.0036   0.00    1.0
2026/09/06 09:11:59.000   46.274859710    9.779933809  2406.9726   2  18   0.0073   0.0057   0.0138  -0.0036   0.0042   0.0036   0.00    1.0
2026/09/06 09:12:00.000   46.274861654    9.779927115  2407.3001   2  18   0.0073   0.0057   0.0139  -0.0036   0.0043   0.0037   0.00    1.0
2026/09/06 09:12:01.000   46.274862074    9.779919494  2407.4207   2  18   0.0074   0.0057   0.0140  -0.0035   0.0044   0.0040   0.00    1.0
2026/09/06 09:12:02.000   46.274865975    9.779911175  2407.4857   2  18   0.0076   0.0057   0.0143  -0.0034   0.0046   0.0046   0.00    1.0
2026/09/06 09:12:03.000   46.274870667    9.779900771  2408.0411   2  18   0.0072   0.0056   0.0136  -0.0037   0.0042   0.0033   0.00    1.0
2026/09/06 09:12:04.000   46.274872107    9.779891960  2408.4040   2  18   0.0072   0.0057   0.0136  -0.0037   0.0041   0.0032   0.00    1.0
2026/09/06 09:12:05.000   46.274871247    9.779887976  2408.0050   2  18   0.0072   0.0059   0.0139  -0.0039   0.0035   0.0036   0.00    1.0
2026/09/06 09:12:06.000   46.274869111    9.779886086  2408.0130   2  18   0.0072   0.0059   0.0138  -0.0039   0.0037   0.0034   0.00    1.0
2026/09/06 09:12:07.000   46.274869635    9.779878963  2408.4848   2  18   0.0072   0.0058   0.0137  -0.0038   0.0039   0.0032   0.00    1.0
2026/09/06 09:12:08.000   46.274867742    9.779874350  2408.7941   2  18   0.0071   0.0057   0.0136  -0.0038   0.0040   0.0032   0.00    1.0
2026/09/06 09:12:09.000   46.274869055    9.779868468  2409.0976   2  18   0.0071   0.0057   0.0136  -0.0038   0.0041   0.0031   0.00    1.0
2026/09/06 09:12:10.000   46.274866201    9.779862196  2409.3586   2  18   0.0071   0.0057   0.0136  -0.0038   0.0041   0.0031   0.00    1.0
2026/09/06 09:12:11.000   46.274864183    9.779859322  2409.6423   2  18   0.0071   0.0057   0.0136  -0.0037   0.0041   0.0031   0.00    1.0
2026/09/06 09:12:12.000   46.274863746    9.779856105  2409.6465   2  18   0.0071   0.0057   0.0136  -0.0037   0.0041   0.0031   0.00    1.0
2026/09/06 09:12:13.000   46.274861180    9.779848093  2409.9347   2  18   0.0071   0.0057   0.0136  -0.0037   0.0041   0.0031   0.00    1.0
2026/09/06 09:12:14.000   46.274860034    9.779842382  2410.2597   2  18   0.0071   0.0057   0.0136  -0.0037   0.0042   0.0031   0.00    1.0
2026/09/06 09:12:15.000   46.274855387    9.779836266  2410.3800   2  18   0.0071   0.0057   0.0136  -0.0037   0.0042   0.0031   0.00    1.0
2026/09/06 09:12:16.000   46.274850784    9.779833834  2410.5593   2  18   0.0071   0.0057   0.0136  -0.0037   0.0042   0.0030   0.00    1.0
2026/09/06 09:12:17.000   46.274844905    9.779836616  2410.8793   2  18   0.0071   0.0057   0.0136  -0.0037   0.0042   0.0030   0.00    1.0
2026/09/06 09:12:18.000   46.274839568    9.779837091  2411.3215   2  18   0.0071   0.0057   0.0136  -0.0037   0.0042   0.0030   0.00    1.0
2026/09/06 09:12:19.000   46.274839112    9.779835456  2411.4559   2  18   0.0071   0.0057   0.0136  -0.0037   0.0042   0.0030   0.00    1.0
2026/09/06 09:12:20.000   46.274838615    9.779835765  2411.4774   2  18   0.0071   0.0057   0.0135  -0.0037   0.0042   0.0030   0.00    1.0
2026/09/06 09:12:21.000   46.274837611    9.779834116  2411.4623   2  19   0.0071   0.0057   0.0135  -0.0037   0.0042   0.0030   0.00    1.0
2026/09/06 09:12:22.000   46.274837111    9.779830431  2411.6059   2  18   0.0071   0.0057   0.0135  -0.0037   0.0042   0.0030   0.00    1.0
2026/09/06 09:12:23.000   46.274836773    9.779830100  2411.6603   2  18   0.0071   0.0056   0.0136  -0.0037   0.0042   0.0030   0.00    1.0
2026/09/06 09:12:24.000   46.274836885    9.779830395  2411.7035   2  18   0.0071   0.0056   0.0136  -0.0037   0.0042   0.0030   0.00    1.0
2026/09/06 09:12:25.000   46.274836312    9.779829882  2411.6339   2  18   0.0071   0.0057   0.0136  -0.0037   0.0042   0.0030   0.00    1.0
2026/09/06 09:12:26.000   46.274833889    9.779829521  2411.6813   2  18   0.0071   0.0057   0.0136  -0.0037   0.0042   0.0030   0.00    1.0
2026/09/06 09:12:27.000   46.274831931    9.779828413  2411.5943   2  18   0.0071   0.0057   0.0136  -0.0037   0.0042   0.0031   0.00    1.0
2026/09/06 09:12:28.000   46.274826850    9.779825586  2411.7655   2  19   0.0071   0.0057   0.0135  -0.0037   0.0042   0.0031   0.00    1.0
2026/09/06 09:12:29.000   46.274821477    9.779825559  2411.9522   2  19   0.0071   0.0057   0.0135  -0.0037   0.0042   0.0031   0.00    1.0
2026/09/06 09:12:30.000   46.274816595    9.779824939  2412.1950   2  19   0.0071   0.0056   0.0135  -0.0037   0.0042   0.0031   0.00    1.0
2026/09/06 09:12:31.000   46.274809219    9.779823265  2412.3857   2  19   0.0072   0.0056   0.0135  -0.0037   0.0043   0.0031   0.00    1.0
2026/09/06 09:12:32.000   46.274802877    9.779824867  2412.5696   2  18   0.0071   0.0057   0.0135  -0.0037   0.0042   0.0030   0.00    1.0
2026/09/06 09:12:33.000   46.274797095    9.779820941  2412.8553   2  19   0.0071   0.0056   0.0135  -0.0037   0.0043   0.0030   0.00    1.0
2026/09/06 09:12:34.000   46.274790784    9.779817389  2413.1419   2  18   0.0071   0.0057   0.0135  -0.0037   0.0042   0.0030   0.00    1.0
2026/09/06 09:12:35.000   46.274787191    9.779815724  2413.4115   2  18   0.0071   0.0057   0.0135  -0.0037   0.0042   0.0030   0.00    1.0
2026/09/06 09:12:36.000   46.274783515    9.779811936  2413.5777   2  18   0.0071   0.0057   0.0135  -0.0037   0.0043   0.0030   0.00    1.0
2026/09/06 09:12:37.000   46.274779850    9.779812558  2413.7651   2  18   0.0071   0.0057   0.0135  -0.0037   0.0043   0.0030   0.00    1.1
2026/09/06 09:12:38.000   46.274774883    9.779815139  2413.8993   2  18   0.0072   0.0057   0.0135  -0.0037   0.0043   0.0030   0.00    1.1
2026/09/06 09:12:39.000   46.274769900    9.779820867  2414.1054   2  18   0.0072   0.0057   0.0135  -0.0037   0.0043   0.0031   0.00    1.1
2026/09/06 09:12:40.000   46.274765641    9.779825441  2414.3666   2  18   0.0072   0.0057   0.0135  -0.0037   0.0043   0.0030   0.00    1.1
2026/09/06 09:12:41.000   46.274760653    9.779827607  2414.5996   2  18   0.0071   0.0057   0.0136  -0.0037   0.0042   0.0030   0.00    1.0
2026/09/06 09:12:42.000   46.274755367    9.779826625  2414.7801   2  18   0.0071   0.0057   0.0135  -0.0037   0.0043   0.0030   0.00    1.0
2026/09/06 09:12:43.000   46.274750732    9.779824047  2415.1524   2  18   0.0071   0.0057   0.0135  -0.0037   0.0043   0.0030   0.00    1.0
2026/09/06 09:12:44.000   46.274746827    9.779820338  2415.2981   2  18   0.0071   0.0056   0.0135  -0.0037   0.0043   0.0030   0.00    1.0
2026/09/06 09:12:45.000   46.274741257    9.779816393  2415.6161   2  18   0.0071   0.0056   0.0135  -0.0037   0.0043   0.0030   0.00    1.1
2026/09/06 09:12:46.000   46.274738071    9.779813119  2415.8778   2  18   0.0071   0.0056   0.0136  -0.0037   0.0043   0.0030   0.00    1.1
2026/09/06 09:12:47.000   46.274736867    9.779809879  2416.1015   2  18   0.0071   0.0056   0.0136  -0.0037   0.0043   0.0030   0.00    1.1
2026/09/06 09:12:48.000   46.274736307    9.779812426  2416.1569   2  18   0.0071   0.0056   0.0136  -0.0037   0.0043   0.0030   0.00    1.1
2026/09/06 09:12:49.000   46.274736050    9.779812314  2416.1754   2  19   0.0071   0.0057   0.0136  -0.0037   0.0043   0.0030   0.00    1.0
2026/09/06 09:12:50.000   46.274730274    9.779805150  2416.2614   2  18   0.0071   0.0057   0.0136  -0.0037   0.0043   0.0030   0.00    1.1
2026/09/06 09:12:51.000   46.274726538    9.779804386  2416.5517   2  18   0.0071   0.0057   0.0136  -0.0037   0.0043   0.0030   0.00    1.1
2026/09/06 09:12:52.000   46.274719726    9.779804732  2416.6054   2  18   0.0071   0.0057   0.0136  -0.0037   0.0043   0.0030   0.00    1.1
2026/09/06 09:12:53.000   46.274715087    9.779809425  2416.7522   2  18   0.0071   0.0057   0.0136  -0.0038   0.0043   0.0030   0.00    1.1
2026/09/06 09:12:54.000   46.274710686    9.779813028  2416.8404   2  18   0.0072   0.0057   0.0137  -0.0038   0.0043   0.0029   0.00    1.1
2026/09/06 09:12:55.000   46.274704428    9.779815518  2416.9615   2  16   0.0072   0.0058   0.0140  -0.0038   0.0041   0.0027   0.00    1.0
2026/09/06 09:12:56.000   46.274697715    9.779823501  2416.8692   2  18   0.0072   0.0058   0.0138  -0.0039   0.0041   0.0031   0.00    1.0
2026/09/06 09:12:57.000   46.274691732    9.779827139  2416.5245   2  18   0.0072   0.0059   0.0139  -0.0040   0.0036   0.0034   0.00    1.0
2026/09/06 09:12:58.000   46.274684686    9.779824030  2417.0206   2  18   0.0072   0.0058   0.0137  -0.0038   0.0040   0.0032   0.00    1.0
2026/09/06 09:12:59.000   46.274678335    9.779826387  2417.3284   2  18   0.0072   0.0057   0.0137  -0.0038   0.0041   0.0031   0.00    1.0
2026/09/06 09:13:00.000   46.274673728    9.779821242  2417.5606   2  18   0.0072   0.0057   0.0137  -0.0038   0.0042   0.0030   0.00    1.0
2026/09/06 09:13:01.000   46.274667883    9.779817355  2417.7300   2  18   0.0072   0.0057   0.0137  -0.0038   0.0042   0.0029   0.00    1.0
2026/09/06 09:13:02.000   46.274665045    9.779809828  2418.1500   2  18   0.0072   0.0057   0.0137  -0.0038   0.0042   0.0027   0.00    1.0
2026/09/06 09:13:03.000   46.274663613    9.779806980  2418.0482   2  18   0.0072   0.0058   0.0140  -0.0037   0.0039   0.0026   0.00    1.0
2026/09/06 09:13:04.000   46.274660582    9.779805117  2417.6715   2  18   0.0071   0.0058   0.0138  -0.0037   0.0038   0.0030   0.00    1.0
2026/09/06 09:13:05.000   46.274656907    9.779798690  2418.1403   2  18   0.0071   0.0058   0.0137  -0.0037   0.0040   0.0030   0.00    1.0
2026/09/06 09:13:06.000   46.274647680    9.779793020  2418.3730   2  18   0.0071   0.0057   0.0137  -0.0037   0.0041   0.0030   0.00    1.0
2026/09/06 09:13:07.000   46.274643041    9.779789744  2418.7682   2  18   0.0071   0.0057   0.0137  -0.0037   0.0042   0.0030   0.00    1.0
2026/09/06 09:13:08.000   46.274639010    9.779786765  2418.9953   2  18   0.0072   0.0057   0.0137  -0.0037   0.0042   0.0029   0.00    1.0
2026/09/06 09:13:09.000   46.274637253    9.779787080  2419.0858   2  18   0.0072   0.0057   0.0137  -0.0038   0.0042   0.0028   0.00    1.0
2026/09/06 09:13:10.000   46.274638078    9.779782788  2419.3630   2  18   0.0072   0.0057   0.0138  -0.0038   0.0043   0.0025   0.00    1.0
2026/09/06 09:13:11.000   46.274636897    9.779784645  2418.4382   2  18   0.0071   0.0058   0.0138  -0.0038   0.0040   0.0029   0.00    1.0
2026/09/06 09:13:12.000   46.274630450    9.779783079  2418.7419   2  18   0.0072   0.0058   0.0138  -0.0038   0.0042   0.0028   0.00    1.0
2026/09/06 09:13:13.000   46.274623647    9.779788234  2419.0798   2  18   0.0072   0.0058   0.0137  -0.0038   0.0041   0.0031   0.00    1.0
2026/09/06 09:13:14.000   46.274616723    9.779787857  2419.1180   2  18   0.0071   0.0057   0.0136  -0.0037   0.0042   0.0031   0.00    1.0
2026/09/06 09:13:15.000   46.274607379    9.779785184  2419.2193   2  18   0.0071   0.0057   0.0136  -0.0037   0.0042   0.0031   0.00    1.0
2026/09/06 09:13:16.000   46.274600588    9.779783588  2419.2151   2  18   0.0071   0.0057   0.0136  -0.0037   0.0042   0.0030   0.00    1.0
2026/09/06 09:13:17.000   46.274593184    9.779781126  2419.3012   2  18   0.0071   0.0057   0.0136  -0.0037   0.0042   0.0030   0.00    1.0
2026/09/06 09:13:18.000   46.274584207    9.779782164  2419.2402   2  18   0.0071   0.0057   0.0136  -0.0037   0.0042   0.0030   0.00    1.0
2026/09/06 09:13:19.000   46.274575007    9.779784372  2419.4063   2  18   0.0072   0.0057   0.0136  -0.0037   0.0043   0.0029   0.00    1.0
2026/09/06 09:13:20.000   46.274566931    9.779789131  2419.4097   2  18   0.0072   0.0057   0.0136  -0.0037   0.0043   0.0029   0.00    1.0
2026/09/06 09:13:21.000   46.274559641    9.779793764  2419.8574   2  18   0.0072   0.0057   0.0137  -0.0037   0.0043   0.0027   0.00    1.1
2026/09/06 09:13:22.000   46.274554578    9.779800797  2419.1360   2  18   0.0071   0.0058   0.0138  -0.0036   0.0039   0.0029   0.00    1.0
2026/09/06 09:13:23.000   46.274548964    9.779801390  2419.4027   2  18   0.0071   0.0058   0.0137  -0.0037   0.0041   0.0030   0.00    1.0
2026/09/06 09:13:24.000   46.274547402    9.779801742  2419.5133   2  18   0.0071   0.0057   0.0137  -0.0037   0.0042   0.0030   0.00    1.0
2026/09/06 09:13:25.000   46.274546475    9.779802016  2419.5421   2  18   0.0071   0.0057   0.0136  -0.0037   0.0042   0.0030   0.00    1.0
2026/09/06 09:13:26.000   46.274547197    9.779798458  2419.6302   2  18   0.0071   0.0057   0.0136  -0.0037   0.0043   0.0030   0.00    1.0
2026/09/06 09:13:27.000   46.274547470    9.779796908  2419.6530   2  18   0.0071   0.0057   0.0136  -0.0037   0.0043   0.0030   0.00    1.0
2026/09/06 09:13:28.000   46.274539936    9.779798427  2419.5761   2  18   0.0072   0.0057   0.0136  -0.0037   0.0043   0.0030   0.00    1.0
2026/09/06 09:13:29.000   46.274533753    9.779798360  2419.9754   2  18   0.0072   0.0057   0.0137  -0.0037   0.0043   0.0029   0.00    1.0
2026/09/06 09:13:30.000   46.274525993    9.779800166  2420.0972   2  18   0.0072   0.0057   0.0137  -0.0037   0.0043   0.0029   0.00    1.0
2026/09/06 09:13:31.000   46.274515207    9.779800764  2420.2598   2  18   0.0072   0.0057   0.0138  -0.0037   0.0044   0.0027   0.00    1.0
2026/09/06 09:13:32.000   46.274512464    9.779804060  2419.9559   2  17   0.0072   0.0058   0.0139  -0.0037   0.0044   0.0028   0.00    1.0
2026/09/06 09:13:33.000   46.274505725    9.779817995  2419.4256   2  18   0.0073   0.0060   0.0140  -0.0038   0.0042   0.0031   0.00    1.0
2026/09/06 09:13:34.000   46.274498464    9.779831973  2419.1478   2  18   0.0072   0.0060   0.0140  -0.0039   0.0034   0.0035   0.00    1.0
2026/09/06 09:13:35.000   46.274495395    9.779837293  2419.5561   2  18   0.0072   0.0059   0.0138  -0.0038   0.0038   0.0033   0.00    1.0
2026/09/06 09:13:36.000   46.274492348    9.779838971  2419.9070   2  18   0.0072   0.0058   0.0138  -0.0038   0.0040   0.0032   0.00    1.0
2026/09/06 09:13:37.000   46.274489586    9.779838477  2420.0377   2  18   0.0072   0.0058   0.0138  -0.0037   0.0041   0.0031   0.00    1.0
2026/09/06 09:13:38.000   46.274480799    9.779844178  2420.3677   2  18   0.0072   0.0058   0.0138  -0.0037   0.0041   0.0028   0.00    1.0
2026/09/06 09:13:39.000   46.274478868    9.779845523  2420.0540   2  18   0.0071   0.0058   0.0138  -0.0037   0.0039   0.0032   0.00    1.0
2026/09/06 09:13:40.000   46.274477234    9.779847996  2420.4484   2  18   0.0071   0.0058   0.0137  -0.0037   0.0041   0.0032   0.00    1.0
2026/09/06 09:13:41.000   46.274474465    9.779852256  2420.6386   2  18   0.0071   0.0057   0.0136  -0.0037   0.0041   0.0032   0.00    1.0
2026/09/06 09:13:42.000   46.274473052    9.779857799  2420.8504   2  18   0.0071   0.0057   0.0136  -0.0037   0.0042   0.0032   0.00    1.0
2026/09/06 09:13:43.000   46.274471474    9.779854659  2420.9002   2  18   0.0071   0.0057   0.0136  -0.0037   0.0042   0.0032   0.00    1.0
2026/09/06 09:13:44.000   46.274471484    9.779854237  2420.9388   2  18   0.0071   0.0057   0.0136  -0.0037   0.0042   0.0032   0.00    1.0
2026/09/06 09:13:45.000   46.274471852    9.779854523  2420.9523   2  18   0.0071   0.0057   0.0136  -0.0037   0.0043   0.0031   0.00    1.0
2026/09/06 09:13:46.000   46.274472100    9.779853977  2420.9645   2  18   0.0071   0.0057   0.0136  -0.0037   0.0043   0.0031   0.00    1.0
2026/09/06 09:13:47.000   46.274471523    9.779854014  2420.9914   2  18   0.0071   0.0057   0.0136  -0.0037   0.0043   0.0031   0.00    1.0
2026/09/06 09:13:48.000   46.274471451    9.779854051  2420.9988   2  18   0.0071   0.0057   0.0136  -0.0037   0.0043   0.0031   0.00    1.0
2026/09/06 09:13:49.000   46.274471568    9.779854118  2421.0141   2  18   0.0071   0.0057   0.0136  -0.0037   0.0043   0.0031   0.00    1.0
2026/09/06 09:13:50.000   46.274471566    9.779855155  2421.0417   2  18   0.0071   0.0057   0.0136  -0.0037   0.0043   0.0031   0.00    1.0
2026/09/06 09:13:51.000   46.274471603    9.779855224  2421.0613   2  18   0.0071   0.0057   0.0136  -0.0037   0.0043   0.0031   0.00    1.0
2026/09/06 09:13:52.000   46.274471273    9.779855664  2421.0823   2  18   0.0072   0.0057   0.0136  -0.0037   0.0043   0.0031   0.00    1.0
2026/09/06 09:13:53.000   46.274470341    9.779855225  2421.0771   2  18   0.0072   0.0057   0.0136  -0.0037   0.0043   0.0031   0.00    1.0
2026/09/06 09:13:54.000   46.274471029    9.779864924  2421.0225   2  17   0.0072   0.0057   0.0137  -0.0037   0.0042   0.0031   0.00    1.0
2026/09/06 09:13:55.000   46.274472175    9.779866507  2421.1243   2  18   0.0072   0.0057   0.0136  -0.0037   0.0043   0.0031   0.00    1.0
2026/09/06 09:13:56.000   46.274472618    9.779865455  2421.1923   2  18   0.0072   0.0057   0.0136  -0.0037   0.0043   0.0031   0.00    1.0
2026/09/06 09:13:57.000   46.274473369    9.779865641  2421.1206   2  18   0.0072   0.0057   0.0136  -0.0037   0.0043   0.0032   0.00    1.0
2026/09/06 09:13:58.000   46.274473524    9.779866663  2421.1537   2  18   0.0072   0.0057   0.0136  -0.0036   0.0043   0.0032   0.00    1.0
2026/09/06 09:13:59.000   46.274473592    9.779867205  2421.1656   2  18   0.0072   0.0057   0.0136  -0.0036   0.0043   0.0032   0.00    1.0
2026/09/06 09:14:00.000   46.274473851    9.779865591  2421.1997   2  18   0.0072   0.0057   0.0136  -0.0036   0.0043   0.0032   0.00    1.0
2026/09/06 09:14:01.000   46.274474312    9.779865367  2421.1872   2  18   0.0072   0.0057   0.0135  -0.0036   0.0044   0.0032   0.00    1.0
2026/09/06 09:14:02.000   46.274474165    9.779864780  2421.1967   2  18   0.0072   0.0057   0.0135  -0.0036   0.0044   0.0032   0.00    1.0
2026/09/06 09:14:03.000   46.274474495    9.779863735  2421.1849   2  18   0.0072   0.0057   0.0135  -0.0036   0.0044   0.0032   0.00    1.0
2026/09/06 09:14:04.000   46.274473900    9.779865635  2421.2309   2  18   0.0072   0.0057   0.0135  -0.0036   0.0044   0.0032   0.00    1.0
2026/09/06 09:14:05.000   46.274474368    9.779869386  2421.1939   2  18   0.0072   0.0057   0.0135  -0.0036   0.0044   0.0032   0.00    1.0
2026/09/06 09:14:06.000   46.274474606    9.779868466  2421.1975   2  18   0.0072   0.0057   0.0135  -0.0036   0.0044   0.0032   0.00    1.0
2026/09/06 09:14:07.000   46.274474932    9.779867230  2421.2109   2  18   0.0072   0.0057   0.0135  -0.0036   0.0044   0.0032   0.00    1.0
2026/09/06 09:14:08.000   46.274475255    9.779865696  2421.2180   2  18   0.0072   0.0057   0.0135  -0.0036   0.0044   0.0032   0.00    1.0
2026/09/06 09:14:09.000   46.274475253    9.779866490  2421.2223   2  18   0.0072   0.0057   0.0135  -0.0036   0.0044   0.0032   0.00    1.0
2026/09/06 09:14:10.000   46.274472943    9.779863898  2421.2515   2  18   0.0072   0.0057   0.0136  -0.0036   0.0044   0.0032   0.00    1.0
2026/09/06 09:14:11.000   46.274473928    9.779862893  2421.2424   2  18   0.0072   0.0057   0.0136  -0.0036   0.0044   0.0032   0.00    1.0
2026/09/06 09:14:12.000   46.274474352    9.779864611  2421.2372   2  18   0.0072   0.0057   0.0136  -0.0036   0.0044   0.0032   0.00    1.0
2026/09/06 09:14:13.000   46.274473485    9.779865292  2421.2659   2  18   0.0072   0.0057   0.0136  -0.0036   0.0044   0.0032   0.00    1.0
2026/09/06 09:14:14.000   46.274473895    9.779863912  2421.2765   2  18   0.0072   0.0057   0.0136  -0.0036   0.0044   0.0032   0.00    1.0
2026/09/06 09:14:15.000   46.274477608    9.779862037  2421.0339   2  18   0.0072   0.0057   0.0136  -0.0036   0.0044   0.0033   0.00    1.0
2026/09/06 09:14:16.000   46.274481514    9.779858504  2420.8627   2  18   0.0072   0.0057   0.0136  -0.0036   0.0044   0.0033   0.00    1.0
2026/09/06 09:14:17.000   46.274484188    9.779858556  2420.7606   2  18   0.0073   0.0057   0.0136  -0.0036   0.0044   0.0034   0.00    1.0
2026/09/06 09:14:18.000   46.274487881    9.779855934  2420.7626   2  18   0.0073   0.0057   0.0137  -0.0036   0.0045   0.0035   0.00    1.0
2026/09/06 09:14:19.000   46.274490813    9.779861000  2420.7483   2  18   0.0075   0.0057   0.0139  -0.0037   0.0044   0.0040   0.00    1.0
2026/09/06 09:14:20.000   46.274493157    9.779870439  2419.8934   2  18   0.0074   0.0058   0.0140  -0.0038   0.0043   0.0039   0.00    1.0
2026/09/06 09:14:21.000   46.274495955    9.779876492  2419.6796   2  18   0.0074   0.0059   0.0139  -0.0039   0.0038   0.0039   0.00    1.0
2026/09/06 09:14:22.000   46.274497461    9.779874619  2419.9932   2  18   0.0073   0.0058   0.0137  -0.0038   0.0041   0.0036   0.00    1.0
2026/09/06 09:14:23.000   46.274497560    9.779874052  2420.0978   2  18   0.0073   0.0058   0.0137  -0.0037   0.0042   0.0035   0.00    1.0
2026/09/06 09:14:24.000   46.274497919    9.779873065  2420.1595   2  18   0.0073   0.0057   0.0137  -0.0037   0.0042   0.0035   0.00    1.0
2026/09/06 09:14:25.000   46.274499044    9.779869918  2420.1779   2  18   0.0073   0.0057   0.0136  -0.0037   0.0043   0.0034   0.00    1.1
2026/09/06 09:14:26.000   46.274499987    9.779873368  2420.2187   2  18   0.0073   0.0057   0.0136  -0.0037   0.0043   0.0034   0.00    1.1
2026/09/06 09:14:27.000   46.274500058    9.779872691  2420.2230   2  18   0.0073   0.0057   0.0136  -0.0037   0.0043   0.0034   0.00    1.1
2026/09/06 09:14:28.000   46.274500544    9.779872650  2420.2358   2  18   0.0073   0.0057   0.0136  -0.0037   0.0043   0.0034   0.00    1.1
2026/09/06 09:14:29.000   46.274500256    9.779872679  2420.2557   2  18   0.0072   0.0057   0.0136  -0.0036   0.0044   0.0033   0.00    1.1
2026/09/06 09:14:30.000   46.274499901    9.779873640  2420.2682   2  18   0.0072   0.0057   0.0136  -0.0036   0.0044   0.0033   0.00    1.1
2026/09/06 09:14:31.000   46.274499350    9.779873590  2420.2677   2  18   0.0072   0.0057   0.0136  -0.0036   0.0044   0.0033   0.00    1.1
2026/09/06 09:14:32.000   46.274499836    9.779874691  2420.2807   2  18   0.0072   0.0057   0.0136  -0.0036   0.0044   0.0033   0.00    1.1
2026/09/06 09:14:33.000   46.274498388    9.779876153  2420.3417   2  18   0.0072   0.0057   0.0136  -0.0036   0.0044   0.0033   0.00    1.1
2026/09/06 09:14:34.000   46.274497575    9.779875945  2420.3225   2  18   0.0072   0.0057   0.0136  -0.0036   0.0044   0.0033   0.00    1.1
2026/09/06 09:14:35.000   46.274497798    9.779875049  2420.3449   2  18   0.0072   0.0057   0.0136  -0.0036   0.0044   0.0033   0.00    1.1
2026/09/06 09:14:36.000   46.274498217    9.779873920  2420.3633   2  18   0.0073   0.0057   0.0136  -0.0036   0.0044   0.0033   0.00    1.1
2026/09/06 09:14:37.000   46.274498065    9.779873486  2420.3676   2  18   0.0073   0.0057   0.0136  -0.0036   0.0044   0.0032   0.00    1.1
2026/09/06 09:14:38.000   46.274497879    9.779874016  2420.3165   2  18   0.0073   0.0057   0.0137  -0.0036   0.0043   0.0031   0.00    1.1
2026/09/06 09:14:39.000   46.274498232    9.779874170  2420.3214   2  18   0.0073   0.0057   0.0137  -0.0036   0.0043   0.0031   0.00    1.1
2026/09/06 09:14:40.000   46.274498690    9.779873635  2420.4196   2  18   0.0073   0.0057   0.0136  -0.0036   0.0044   0.0032   0.00    1.1
2026/09/06 09:14:41.000   46.274498378    9.779875855  2420.3810   2  18   0.0073   0.0057   0.0137  -0.0036   0.0043   0.0031   0.00    1.0
2026/09/06 09:14:42.000   46.274496869    9.779877917  2420.5664   2  18   0.0073   0.0057   0.0137  -0.0036   0.0045   0.0030   0.00    1.0
2026/09/06 09:14:43.000   46.274498838    9.779879550  2419.8532   2  18   0.0072   0.0058   0.0137  -0.0036   0.0042   0.0032   0.00    1.0
2026/09/06 09:14:44.000   46.274500683    9.779879016  2420.0495   2  18   0.0072   0.0057   0.0136  -0.0036   0.0043   0.0033   0.00    1.0
2026/09/06 09:14:45.000   46.274500215    9.779877337  2420.1293   2  18   0.0072   0.0057   0.0136  -0.0036   0.0044   0.0033   0.00    1.0
2026/09/06 09:14:46.000   46.274500099    9.779877222  2420.1538   2  18   0.0072   0.0057   0.0136  -0.0036   0.0044   0.0033   0.00    1.0
2026/09/06 09:14:47.000   46.274500062    9.779877508  2420.1746   2  18   0.0072   0.0057   0.0136  -0.0036   0.0044   0.0033   0.00    1.0
2026/09/06 09:14:48.000   46.274498458    9.779876054  2420.2096   2  18   0.0072   0.0057   0.0136  -0.0036   0.0044   0.0033   0.00    1.0
2026/09/06 09:14:49.000   46.274498595    9.779875935  2420.2232   2  18   0.0072   0.0057   0.0136  -0.0036   0.0044   0.0033   0.00    1.0
2026/09/06 09:14:50.000   46.274498099    9.779876701  2420.2253   2  18   0.0072   0.0057   0.0136  -0.0036   0.0044   0.0033   0.00    1.0
2026/09/06 09:14:51.000   46.274499902    9.779876039  2420.2444   2  18   0.0072   0.0057   0.0136  -0.0036   0.0044   0.0033   0.00    1.0
2026/09/06 09:14:52.000   46.274499995    9.779876793  2420.2369   2  18   0.0072   0.0057   0.0136  -0.0036   0.0044   0.0033   0.00    1.0
2026/09/06 09:14:53.000   46.274498837    9.779877662  2420.2476   2  18   0.0072   0.0057   0.0136  -0.0036   0.0045   0.0033   0.00    1.0
2026/09/06 09:14:54.000   46.274498307    9.779876269  2420.2726   2  18   0.0072   0.0057   0.0136  -0.0036   0.0045   0.0033   0.00    1.1
2026/09/06 09:14:55.000   46.274498659    9.779875083  2420.2783   2  18   0.0072   0.0057   0.0136  -0.0036   0.0045   0.0033   0.00    1.1
2026/09/06 09:14:56.000   46.274499239    9.779874850  2420.2863   2  18   0.0073   0.0057   0.0136  -0.0036   0.0045   0.0033   0.00    1.1
2026/09/06 09:14:57.000   46.274498793    9.779874906  2420.2792   2  18   0.0073   0.0057   0.0136  -0.0036   0.0045   0.0033   0.00    1.1
2026/09/06 09:14:58.000   46.274497619    9.779874006  2420.3053   2  18   0.0073   0.0057   0.0136  -0.0036   0.0045   0.0033   0.00    1.1
2026/09/06 09:14:59.000   46.274497921    9.779876068  2420.2728   2  18   0.0073   0.0057   0.0136  -0.0036   0.0045   0.0033   0.00    1.1
2026/09/06 09:15:00.000   46.274497640    9.779875663  2420.2761   2  18   0.0073   0.0057   0.0136  -0.0036   0.0045   0.0033   0.00    1.1
2026/09/06 09:15:01.000   46.274498690    9.779872939  2420.2819   2  18   0.0073   0.0057   0.0136  -0.0036   0.0045   0.0033   0.00    1.1
2026/09/06 09:15:02.000   46.274498757    9.779873392  2420.3032   2  18   0.0073   0.0057   0.0136  -0.0036   0.0045   0.0033   0.00    1.1
2026/09/06 09:15:03.000   46.274497863    9.779873659  2420.3152   2  18   0.0073   0.0057   0.0136  -0.0036   0.0045   0.0033   0.00    1.1
2026/09/06 09:15:04.000   46.274497517    9.779872800  2420.2844   2  18   0.0073   0.0057   0.0136  -0.0035   0.0045   0.0033   0.00    1.1
2026/09/06 09:15:05.000   46.274497400    9.779873128  2420.2905   2  18   0.0073   0.0057   0.0136  -0.0035   0.0045   0.0033   0.00    1.1
2026/09/06 09:15:06.000   46.274498007    9.779874977  2420.3010   2  18   0.0073   0.0057   0.0136  -0.0035   0.0045   0.0033   0.00    1.2
2026/09/06 09:15:07.000   46.274498051    9.779875488  2420.2888   2  18   0.0073   0.0057   0.0136  -0.0035   0.0045   0.0033   0.00    1.2
2026/09/06 09:15:08.000   46.274498090    9.779874614  2420.3017   2  18   0.0073   0.0057   0.0136  -0.0035   0.0045   0.0033   0.00    1.2
2026/09/06 09:15:09.000   46.274498074    9.779874944  2420.3034   2  18   0.0073   0.0057   0.0136  -0.0035   0.0045   0.0033   0.00    1.2
2026/09/06 09:15:10.000   46.274498151    9.779874717  2420.3030   2  18   0.0073   0.0057   0.0136  -0.0035   0.0045   0.0033   0.00    1.2
2026/09/06 09:15:11.000   46.274498418    9.779874910  2420.3012   2  18   0.0073   0.0057   0.0136  -0.0035   0.0045   0.0033   0.00    1.2
2026/09/06 09:15:12.000   46.274498647    9.779875223  2420.3067   2  18   0.0073   0.0057   0.0136  -0.0035   0.0045   0.0033   0.00    1.2
2026/09/06 09:15:13.000   46.274498471    9.779874495  2420.3288   2  18   0.0073   0.0057   0.0136  -0.0035   0.0045   0.0033   0.00    1.2
2026/09/06 09:15:14.000   46.274498546    9.779874328  2420.3393   2  18   0.0073   0.0057   0.0136  -0.0035   0.0045   0.0033   0.00    1.2
2026/09/06 09:15:15.000   46.274498067    9.779874290  2420.3558   2  18   0.0073   0.0057   0.0136  -0.0035   0.0045   0.0033   0.00    1.2
2026/09/06 09:15:16.000   46.274497765    9.779875585  2420.4038   2  18   0.0073   0.0057   0.0136  -0.0035   0.0045   0.0033   0.00    1.2
2026/09/06 09:15:17.000   46.274498175    9.779876668  2420.5072   2  18   0.0073   0.0057   0.0136  -0.0035   0.0045   0.0033   0.00    1.2
2026/09/06 09:15:18.000   46.274497443    9.779883805  2419.5637   2  18   0.0074   0.0059   0.0139  -0.0038   0.0040   0.0037   0.00    1.0
2026/09/06 09:15:19.000   46.274498511    9.779885075  2419.8513   2  18   0.0073   0.0058   0.0137  -0.0037   0.0043   0.0035   0.00    1.0
2026/09/06 09:15:20.000   46.274500383    9.779885770  2419.9292   2  18   0.0073   0.0057   0.0137  -0.0036   0.0044   0.0034   0.00    1.0
2026/09/06 09:15:21.000   46.274502526    9.779884319  2419.9685   2  18   0.0073   0.0057   0.0137  -0.0036   0.0044   0.0034   0.00    1.0
2026/09/06 09:15:22.000   46.274503294    9.779886398  2419.9807   2  18   0.0073   0.0057   0.0137  -0.0036   0.0045   0.0033   0.00    1.1
2026/09/06 09:15:23.000   46.274503184    9.779886004  2419.9914   2  18   0.0073   0.0057   0.0136  -0.0036   0.0045   0.0033   0.00    1.1
2026/09/06 09:15:24.000   46.274502375    9.779887381  2419.9838   2  18   0.0073   0.0057   0.0136  -0.0036   0.0045   0.0033   0.00    1.1
2026/09/06 09:15:25.000   46.274503965    9.779885111  2420.0209   2  18   0.0073   0.0057   0.0136  -0.0035   0.0045   0.0033   0.00    1.1
2026/09/06 09:15:26.000   46.274504653    9.779884692  2420.0350   2  18   0.0073   0.0057   0.0136  -0.0035   0.0045   0.0033   0.00    1.1
2026/09/06 09:15:27.000   46.274504588    9.779883764  2420.0453   2  18   0.0073   0.0057   0.0136  -0.0035   0.0046   0.0033   0.00    1.1
2026/09/06 09:15:28.000   46.274503083    9.779883391  2420.0747   2  18   0.0073   0.0057   0.0136  -0.0035   0.0046   0.0033   0.00    1.1
2026/09/06 09:15:29.000   46.274504188    9.779880252  2420.1278   2  18   0.0073   0.0057   0.0136  -0.0035   0.0046   0.0033   0.00    1.1
2026/09/06 09:15:30.000   46.274504402    9.779880560  2420.1289   2  18   0.0073   0.0057   0.0136  -0.0035   0.0046   0.0033   0.00    1.1
2026/09/06 09:15:31.000   46.274504818    9.779879488  2420.1391   2  18   0.0073   0.0057   0.0136  -0.0035   0.0046   0.0033   0.00    1.1
2026/09/06 09:15:32.000   46.274503905    9.779881377  2420.1290   2  18   0.0073   0.0057   0.0136  -0.0035   0.0046   0.0033   0.00    1.2
2026/09/06 09:15:33.000   46.274503579    9.779881405  2420.1349   2  18   0.0073   0.0057   0.0136  -0.0035   0.0046   0.0033   0.00    1.2
2026/09/06 09:15:34.000   46.274503879    9.779879547  2420.1458   2  18   0.0073   0.0057   0.0137  -0.0035   0.0046   0.0033   0.00    1.2
2026/09/06 09:15:35.000   46.274504049    9.779878898  2420.1612   2  18   0.0073   0.0057   0.0137  -0.0035   0.0046   0.0033   0.00    1.2
2026/09/06 09:15:36.000   46.274502998    9.779881203  2420.1645   2  18   0.0073   0.0057   0.0137  -0.0035   0.0046   0.0033   0.00    1.2
2026/09/06 09:15:37.000   46.274503232    9.779880625  2420.1557   2  18   0.0073   0.0057   0.0137  -0.0035   0.0047   0.0033   0.00    1.2
2026/09/06 09:15:38.000   46.274503275    9.779881375  2420.1388   2  18   0.0073   0.0057   0.0137  -0.0035   0.0047   0.0033   0.00    1.2
2026/09/06 09:15:39.000   46.274503369    9.779880324  2420.1546   2  18   0.0074   0.0057   0.0137  -0.0035   0.0047   0.0033   0.00    1.2
2026/09/06 09:15:40.000   46.274503618    9.779880444  2420.1478   2  18   0.0074   0.0057   0.0137  -0.0035   0.0047   0.0033   0.00    1.2
2026/09/06 09:15:41.000   46.274503798    9.779880804  2420.1556   2  18   0.0074   0.0057   0.0137  -0.0035   0.0047   0.0033   0.00    1.2
2026/09/06 09:15:42.000   46.274503937    9.779881068  2420.1534   2  18   0.0074   0.0057   0.0137  -0.0035   0.0047   0.0033   0.00    1.2
2026/09/06 09:15:43.000   46.274503763    9.779878994  2420.1681   2  18   0.0074   0.0057   0.0137  -0.0035   0.0047   0.0033   0.00    1.3
2026/09/06 09:15:44.000   46.274503274    9.779879526  2420.1682   2  18   0.0074   0.0057   0.0138  -0.0035   0.0047   0.0033   0.00    1.3
2026/09/06 09:15:45.000   46.274503472    9.779879804  2420.1603   2  18   0.0074   0.0057   0.0138  -0.0035   0.0048   0.0033   0.00    1.3
2026/09/06 09:15:46.000   46.274503030    9.779879195  2420.1777   2  18   0.0074   0.0057   0.0138  -0.0035   0.0048   0.0033   0.00    1.3
2026/09/06 09:15:47.000   46.274503106    9.779878702  2420.1709   2  18   0.0075   0.0057   0.0138  -0.0035   0.0048   0.0033   0.00    1.3
2026/09/06 09:15:48.000   46.274502850    9.779879723  2420.1769   2  18   0.0075   0.0057   0.0138  -0.0035   0.0048   0.0033   0.00    1.3
2026/09/06 09:15:49.000   46.274503609    9.779879538  2420.1700   2  18   0.0075   0.0057   0.0139  -0.0035   0.0049   0.0033   0.00    1.3
2026/09/06 09:15:50.000   46.274503977    9.779879555  2420.1616   2  18   0.0076   0.0057   0.0139  -0.0035   0.0049   0.0033   0.00    1.3
2026/09/06 09:15:51.000   46.274503824    9.779880250  2420.1494   2  18   0.0076   0.0057   0.0140  -0.0035   0.0049   0.0034   0.00    1.3
2026/09/06 09:15:52.000   46.274503221    9.779878879  2420.1490   2  18   0.0077   0.0058   0.0140  -0.0035   0.0050   0.0034   0.00    1.3
2026/09/06 09:15:53.000   46.274503086    9.779878863  2420.1412   2  18   0.0077   0.0058   0.0141  -0.0035   0.0050   0.0034   0.00    1.3
2026/09/06 09:15:54.000   46.274502622    9.779878366  2420.1231   2  18   0.0078   0.0058   0.0142  -0.0035   0.0051   0.0035   0.00    1.3
2026/09/06 09:15:55.000   46.274502131    9.779877565  2420.1113   2  18   0.0079   0.0058   0.0144  -0.0035   0.0053   0.0035   0.00    1.3
2026/09/06 09:15:56.000   46.274501952    9.779881462  2420.0081   2  18   0.0080   0.0059   0.0147  -0.0035   0.0054   0.0035   0.00    1.3
2026/09/06 09:15:57.000   46.274500483    9.779877135  2419.9557   2  18   0.0083   0.0060   0.0151  -0.0036   0.0058   0.0035   0.00    1.3
2026/09/06 09:15:58.000   46.274503783    9.779873032  2419.6214   2  18   0.0086   0.0063   0.0162  -0.0037   0.0066   0.0032   0.00    1.3
2026/09/06 09:15:59.000   46.274501498    9.779899911  2419.2072   2  16   0.0079   0.0069   0.0161  -0.0031   0.0041  -0.0032   0.00    1.2
2026/09/06 09:16:00.000   46.274498093    9.779892457  2419.1146   2  17   0.0076   0.0066   0.0163  -0.0032   0.0035  -0.0023   0.00    1.1
2026/09/06 09:16:01.000   46.274494711    9.779885257  2420.4590   2  17   0.0077   0.0063   0.0164  -0.0032   0.0038  -0.0024   0.00    1.0
2026/09/06 09:16:02.000   46.274498142    9.779876528  2420.7802   2  16   0.0078   0.0063   0.0164  -0.0034   0.0037   0.0007   0.00    1.0
2026/09/06 09:16:03.000   46.274499881    9.779879876  2419.7619   2  16   0.0080   0.0066   0.0167  -0.0036   0.0024   0.0025   0.00    1.1
2026/09/06 09:16:04.000   46.274490658    9.779890934  2416.6734   2  16   0.0075   0.0064   0.0154  -0.0031   0.0039  -0.0032   0.00    1.2
2026/09/06 09:16:05.000   46.274491621    9.779890109  2417.0746   2  15   0.0075   0.0065   0.0157  -0.0032   0.0035  -0.0028   0.00    1.2
2026/09/06 09:16:06.000   46.274492052    9.779889228  2417.1894   2  15   0.0075   0.0064   0.0156  -0.0031   0.0036  -0.0028   0.00    1.3
2026/09/06 09:16:07.000   46.274492613    9.779890376  2416.5907   2  15   0.0074   0.0063   0.0150  -0.0031   0.0040  -0.0026   0.00    1.0
2026/09/06 09:16:08.000   46.274492732    9.779888819  2416.7175   2  15   0.0074   0.0063   0.0150  -0.0031   0.0041  -0.0025   0.00    1.0
2026/09/06 09:16:09.000   46.274492788    9.779888082  2416.7832   2  15   0.0074   0.0063   0.0149  -0.0031   0.0041  -0.0025   0.00    1.1
2026/09/06 09:16:10.000   46.274492861    9.779887524  2416.8227   2  15   0.0074   0.0063   0.0149  -0.0031   0.0042  -0.0025   0.00    1.1
2026/09/06 09:16:11.000   46.274492926    9.779887059  2416.8483   2  15   0.0074   0.0063   0.0149  -0.0031   0.0042  -0.0024   0.00    1.0
2026/09/06 09:16:12.000   46.274492553    9.779887067  2416.6663   2  17   0.0072   0.0063   0.0147  -0.0030   0.0042  -0.0028   0.00    1.0
2026/09/06 09:16:13.000   46.274492688    9.779886430  2416.7280   2  17   0.0072   0.0062   0.0147  -0.0030   0.0042  -0.0028   0.00    1.1
2026/09/06 09:16:14.000   46.274493904    9.779885141  2416.4803   2  18   0.0072   0.0063   0.0147  -0.0031   0.0041  -0.0021   0.00    1.0
2026/09/06 09:16:15.000   46.274493916    9.779883839  2416.5333   2  18   0.0072   0.0063   0.0147  -0.0031   0.0041  -0.0021   0.00    1.0
2026/09/06 09:16:16.000   46.274492571    9.779883598  2416.6865   2  17   0.0072   0.0062   0.0147  -0.0030   0.0042  -0.0026   0.00    1.2
2026/09/06 09:16:17.000   46.274492512    9.779882627  2416.6683   2  17   0.0072   0.0062   0.0147  -0.0030   0.0042  -0.0026   0.00    1.2
2026/09/06 09:16:18.000   46.274492513    9.779881002  2416.6287   2  17   0.0072   0.0063   0.0147  -0.0030   0.0042  -0.0025   0.00    1.2
2026/09/06 09:16:19.000   46.274492521    9.779880615  2416.6382   2  17   0.0073   0.0063   0.0147  -0.0030   0.0043  -0.0024   0.00    1.2
2026/09/06 09:16:20.000   46.274493437    9.779879818  2416.4912   2  18   0.0073   0.0063   0.0146  -0.0030   0.0043  -0.0018   0.00    1.1
2026/09/06 09:16:21.000   46.274493590    9.779878788  2416.5272   2  18   0.0073   0.0063   0.0147  -0.0030   0.0044  -0.0014   0.00    1.1
2026/09/06 09:16:22.000   46.274494519    9.779879153  2416.7559   2  18   0.0075   0.0064   0.0149  -0.0029   0.0045   0.0014   0.00    1.1
2026/09/06 09:16:23.000   46.274490902    9.779890166  2416.4995   2  16   0.0075   0.0064   0.0149  -0.0028   0.0045   0.0013   0.00    1.2
2026/09/06 09:16:24.000   46.274489442    9.779893744  2416.1729   2  18   0.0074   0.0064   0.0146  -0.0029   0.0041  -0.0014   0.00    1.1
2026/09/06 09:16:25.000   46.274491386    9.779891602  2416.5507   2  18   0.0071   0.0063   0.0145  -0.0031   0.0041  -0.0022   0.00    1.1
2026/09/06 09:16:26.000   46.274493231    9.779889284  2416.7266   2  18   0.0071   0.0062   0.0145  -0.0031   0.0042  -0.0022   0.00    1.2
2026/09/06 09:16:27.000   46.274493616    9.779888435  2416.8100   2  18   0.0072   0.0062   0.0145  -0.0031   0.0042  -0.0021   0.00    1.1
2026/09/06 09:16:28.000   46.274491024    9.779887495  2417.1232   2  18   0.0072   0.0062   0.0145  -0.0031   0.0042  -0.0020   0.00    1.1
2026/09/06 09:16:29.000   46.274492513    9.779887351  2416.9321   2  18   0.0072   0.0062   0.0145  -0.0031   0.0042  -0.0020   0.00    1.1
2026/09/06 09:16:30.000   46.274492302    9.779889094  2417.3210   2  18   0.0072   0.0062   0.0145  -0.0031   0.0042  -0.0019   0.00    1.1
2026/09/06 09:16:31.000   46.274493296    9.779889186  2417.2862   2  18   0.0072   0.0062   0.0146  -0.0031   0.0042  -0.0017   0.00    1.1
2026/09/06 09:16:32.000   46.274494167    9.779884167  2417.4403   2  18   0.0073   0.0062   0.0146  -0.0031   0.0042  -0.0015   0.00    1.1
2026/09/06 09:16:33.000   46.274495191    9.779884872  2417.7226   2  18   0.0073   0.0062   0.0146  -0.0030   0.0042  -0.0012   0.00    1.1
2026/09/06 09:16:34.000   46.274496226    9.779883481  2417.9229   2  18   0.0074   0.0062   0.0147  -0.0030   0.0042  -0.0004   0.00    1.1
2026/09/06 09:16:35.000   46.274496651    9.779882541  2418.0407   2  18   0.0075   0.0063   0.0148  -0.0030   0.0043   0.0014   0.00    1.1
2026/09/06 09:16:36.000   46.274497428    9.779881967  2418.2984   2  18   0.0077   0.0063   0.0151  -0.0030   0.0043   0.0026   0.00    1.1
2026/09/06 09:16:37.000   46.274494474    9.779885307  2417.5579   2  18   0.0080   0.0064   0.0154  -0.0026   0.0044   0.0036   0.00    1.0
2026/09/06 09:16:38.000   46.274496567    9.779882559  2418.1948   2  18   0.0070   0.0064   0.0146  -0.0033   0.0039  -0.0026   0.00    1.0
2026/09/06 09:16:39.000   46.274495422    9.779887873  2417.8867   2  18   0.0069   0.0064   0.0144  -0.0032   0.0037  -0.0032   0.00    1.0
2026/09/06 09:16:40.000   46.274498035    9.779886727  2418.0499   2  18   0.0070   0.0063   0.0144  -0.0032   0.0038  -0.0032   0.00    1.1
2026/09/06 09:16:41.000   46.274497154    9.779884095  2418.1861   2  18   0.0070   0.0063   0.0144  -0.0033   0.0039  -0.0032   0.00    1.1
2026/09/06 09:16:42.000   46.274496634    9.779880462  2418.3881   2  18   0.0070   0.0063   0.0145  -0.0033   0.0039  -0.0031   0.00    1.1
2026/09/06 09:16:43.000   46.274498054    9.779880455  2418.4226   2  18   0.0072   0.0064   0.0146  -0.0034   0.0039  -0.0031   0.00    1.1
2026/09/06 09:16:44.000   46.274498891    9.779877364  2418.5846   2  18   0.0073   0.0064   0.0148  -0.0034   0.0038  -0.0026   0.00    1.1
2026/09/06 09:16:45.000   46.274496873    9.779879942  2418.4852   2  18   0.0071   0.0064   0.0149  -0.0033   0.0036  -0.0027   0.00    1.3
2026/09/06 09:16:46.000   46.274498045    9.779884080  2418.7906   2  18   0.0070   0.0064   0.0151  -0.0033   0.0031  -0.0026   0.00    1.0
2026/09/06 09:16:47.000   46.274499451    9.779880103  2419.3143   2  18   0.0071   0.0063   0.0153  -0.0033   0.0030  -0.0024   0.00    1.0
2026/09/06 09:16:48.000   46.274498671    9.779874134  2420.4501   2  18   0.0074   0.0064   0.0159  -0.0034   0.0025  -0.0020   0.00    1.0
2026/09/06 09:16:49.000   46.274502158    9.779873936  2421.2777   2  16   0.0077   0.0066   0.0168  -0.0036  -0.0012   0.0016   0.00    1.1
2026/09/06 09:16:50.000   46.274496249    9.779892675  2415.4516   2  15   0.0070   0.0067   0.0149  -0.0035   0.0020  -0.0025   0.00    1.0
2026/09/06 09:16:51.000   46.274496034    9.779892602  2415.2817   2  15   0.0070   0.0066   0.0145  -0.0034   0.0029  -0.0026   0.00    1.0
2026/09/06 09:16:52.000   46.274496073    9.779892874  2415.0712   2  17   0.0069   0.0065   0.0142  -0.0034   0.0034  -0.0025   0.00    1.0
2026/09/06 09:16:53.000   46.274496236    9.779890816  2415.3089   2  17   0.0069   0.0064   0.0141  -0.0034   0.0036  -0.0025   0.00    1.1
2026/09/06 09:16:54.000   46.274496308    9.779889900  2415.4154   2  17   0.0070   0.0064   0.0141  -0.0033   0.0037  -0.0025   0.00    1.0
2026/09/06 09:16:55.000   46.274493849    9.779891823  2414.9086   2  18   0.0068   0.0063   0.0137  -0.0031   0.0041  -0.0032   0.00    1.0
2026/09/06 09:16:56.000   46.274493990    9.779889994  2415.1152   2  18   0.0068   0.0062   0.0137  -0.0031   0.0042  -0.0032   0.00    1.0
2026/09/06 09:16:57.000   46.274494135    9.779888881  2415.2062   2  18   0.0068   0.0062   0.0137  -0.0031   0.0042  -0.0032   0.00    1.1
2026/09/06 09:16:58.000   46.274494162    9.779888397  2415.2586   2  18   0.0068   0.0062   0.0137  -0.0031   0.0043  -0.0032   0.00    1.1
2026/09/06 09:16:59.000   46.274494199    9.779888015  2415.3034   2  18   0.0068   0.0062   0.0137  -0.0031   0.0043  -0.0032   0.00    1.1
2026/09/06 09:17:00.000   46.274494230    9.779887774  2415.3327   2  18   0.0068   0.0062   0.0137  -0.0031   0.0043  -0.0032   0.00    1.0
2026/09/06 09:17:01.000   46.274494243    9.779887551  2415.3561   2  18   0.0068   0.0062   0.0136  -0.0031   0.0043  -0.0032   0.00    1.0
2026/09/06 09:17:02.000   46.274494233    9.779887374  2415.3692   2  18   0.0069   0.0062   0.0136  -0.0031   0.0043  -0.0032   0.00    1.1
2026/09/06 09:17:03.000   46.274494269    9.779887218  2415.3907   2  18   0.0069   0.0062   0.0136  -0.0031   0.0043  -0.0032   0.00    1.1
2026/09/06 09:17:04.000   46.274494272    9.779887073  2415.3970   2  18   0.0069   0.0062   0.0136  -0.0031   0.0043  -0.0032   0.00    1.1
2026/09/06 09:17:05.000   46.274494320    9.779886947  2415.4149   2  18   0.0069   0.0062   0.0136  -0.0031   0.0043  -0.0032   0.00    1.1
2026/09/06 09:17:06.000   46.274494337    9.779886846  2415.4262   2  18   0.0069   0.0062   0.0136  -0.0031   0.0043  -0.0032   0.00    1.1
2026/09/06 09:17:07.000   46.274494354    9.779886725  2415.4388   2  18   0.0069   0.0062   0.0137  -0.0031   0.0043  -0.0032   0.00    1.1
2026/09/06 09:17:08.000   46.274494359    9.779886668  2415.4505   2  18   0.0069   0.0062   0.0137  -0.0031   0.0043  -0.0032   0.00    1.1
2026/09/06 09:17:09.000   46.274494435    9.779886526  2415.4760   2  18   0.0069   0.0062   0.0137  -0.0031   0.0043  -0.0032   0.00    1.1
2026/09/06 09:17:10.000   46.274494501    9.779886394  2415.4983   2  18   0.0069   0.0062   0.0137  -0.0031   0.0043  -0.0031   0.00    1.1
2026/09/06 09:17:11.000   46.274495166    9.779886829  2415.5323   2  18   0.0070   0.0062   0.0138  -0.0032   0.0042  -0.0030   0.00    1.1
2026/09/06 09:17:12.000   46.274495151    9.779886794  2415.5330   2  18   0.0070   0.0062   0.0138  -0.0032   0.0042  -0.0030   0.00    1.1
2026/09/06 09:17:13.000   46.274495137    9.779886747  2415.5335   2  18   0.0070   0.0062   0.0138  -0.0032   0.0042  -0.0030   0.00    1.1
2026/09/06 09:17:14.000   46.274495143    9.779886716  2415.5413   2  18   0.0070   0.0062   0.0138  -0.0032   0.0042  -0.0030   0.00    1.1
2026/09/06 09:17:15.000   46.274494743    9.779886007  2415.5641   2  18   0.0069   0.0062   0.0137  -0.0031   0.0043  -0.0031   0.00    1.1
2026/09/06 09:17:16.000   46.274495269    9.779885499  2415.6874   2  18   0.0070   0.0062   0.0137  -0.0032   0.0043  -0.0030   0.00    1.1
2026/09/06 09:17:17.000   46.274495135    9.779886618  2415.5562   2  18   0.0070   0.0062   0.0138  -0.0032   0.0042  -0.0029   0.00    1.1
2026/09/06 09:17:18.000   46.274495118    9.779886613  2415.5570   2  18   0.0070   0.0062   0.0138  -0.0032   0.0042  -0.0029   0.00    1.1
2026/09/06 09:17:19.000   46.274495101    9.779886556  2415.5614   2  18   0.0070   0.0062   0.0138  -0.0032   0.0042  -0.0029   0.00    1.0
2026/09/06 09:17:20.000   46.274495092    9.779886544  2415.5666   2  18   0.0070   0.0062   0.0138  -0.0032   0.0042  -0.0029   0.00    1.0
2026/09/06 09:17:21.000   46.274495115    9.779886503  2415.5745   2  18   0.0070   0.0062   0.0138  -0.0032   0.0042  -0.0029   0.00    1.0
2026/09/06 09:17:22.000   46.274495110    9.779886451  2415.5831   2  18   0.0070   0.0062   0.0138  -0.0032   0.0042  -0.0029   0.00    1.0
2026/09/06 09:17:23.000   46.274495099    9.779886434  2415.5862   2  18   0.0070   0.0062   0.0138  -0.0032   0.0042  -0.0029   0.00    1.0
2026/09/06 09:17:24.000   46.274495150    9.779886396  2415.5996   2  18   0.0070   0.0062   0.0138  -0.0032   0.0042  -0.0029   0.00    1.0
2026/09/06 09:17:25.000   46.274495137    9.779886320  2415.6069   2  18   0.0070   0.0062   0.0138  -0.0032   0.0042  -0.0029   0.00    1.0
2026/09/06 09:17:26.000   46.274495152    9.779886259  2415.6234   2  18   0.0070   0.0062   0.0138  -0.0032   0.0042  -0.0029   0.00    1.0
2026/09/06 09:17:27.000   46.274495117    9.779886183  2415.6489   2  18   0.0071   0.0062   0.0139  -0.0032   0.0042  -0.0029   0.00    1.0
2026/09/06 09:17:28.000   46.274495135    9.779886093  2415.6808   2  18   0.0071   0.0062   0.0139  -0.0032   0.0042  -0.0029   0.00    1.0
2026/09/06 09:17:29.000   46.274495085    9.779885996  2415.7356   2  18   0.0071   0.0062   0.0139  -0.0032   0.0042  -0.0029   0.00    1.0
2026/09/06 09:17:30.000   46.274495856    9.779886280  2416.0175   2  17   0.0072   0.0063   0.0142  -0.0033   0.0038  -0.0027   0.00    1.0
2026/09/06 09:17:31.000   46.274494949    9.779886436  2415.7890   2  18   0.0071   0.0063   0.0141  -0.0032   0.0041  -0.0030   0.00    1.1
2026/09/06 09:17:32.000   46.274495238    9.779886107  2415.8738   2  18   0.0071   0.0063   0.0141  -0.0032   0.0040  -0.0029   0.00    1.2
2026/09/06 09:17:33.000   46.274496103    9.779885162  2416.1234   2  18   0.0072   0.0063   0.0142  -0.0033   0.0039  -0.0027   0.00    1.2
2026/09/06 09:17:34.000   46.274495768    9.779887658  2415.7985   2  17   0.0072   0.0064   0.0143  -0.0033   0.0037  -0.0026   0.00    1.1
2026/09/06 09:17:35.000   46.274495796    9.779887632  2415.7977   2  17   0.0072   0.0064   0.0143  -0.0033   0.0037  -0.0026   0.00    1.1
2026/09/06 09:17:36.000   46.274495781    9.779887614  2415.7998   2  17   0.0072   0.0064   0.0143  -0.0033   0.0037  -0.0026   0.00    1.1
2026/09/06 09:17:37.000   46.274495793    9.779887594  2415.7954   2  17   0.0072   0.0064   0.0143  -0.0033   0.0037  -0.0026   0.00    1.1
2026/09/06 09:17:38.000   46.274495773    9.779887635  2415.7921   2  17   0.0072   0.0064   0.0143  -0.0033   0.0037  -0.0026   0.00    1.1
2026/09/06 09:17:39.000   46.274495755    9.779887635  2415.7911   2  17   0.0072   0.0064   0.0143  -0.0033   0.0037  -0.0026   0.00    1.1
2026/09/06 09:17:40.000   46.274495750    9.779887616  2415.7872   2  17   0.0072   0.0064   0.0143  -0.0033   0.0037  -0.0026   0.00    1.1
2026/09/06 09:17:41.000   46.274495736    9.779887629  2415.7922   2  17   0.0072   0.0064   0.0143  -0.0033   0.0037  -0.0026   0.00    1.1
2026/09/06 09:17:42.000   46.274495738    9.779887627  2415.7866   2  17   0.0072   0.0064   0.0143  -0.0033   0.0037  -0.0026   0.00    1.1
2026/09/06 09:17:43.000   46.274495703    9.779887622  2415.7855   2  17   0.0072   0.0064   0.0143  -0.0033   0.0037  -0.0026   0.00    1.1
2026/09/06 09:17:44.000   46.274495711    9.779887599  2415.7893   2  17   0.0072   0.0064   0.0144  -0.0033   0.0037  -0.0026   0.00    1.1
2026/09/06 09:17:45.000   46.274495717    9.779887592  2415.7878   2  17   0.0072   0.0064   0.0144  -0.0033   0.0037  -0.0026   0.00    1.1
2026/09/06 09:17:46.000   46.274495723    9.779887587  2415.7849   2  17   0.0072   0.0064   0.0144  -0.0033   0.0037  -0.0026   0.00    1.1
2026/09/06 09:17:47.000   46.274495718    9.779887573  2415.7861   2  17   0.0072   0.0064   0.0144  -0.0033   0.0037  -0.0026   0.00    1.1
2026/09/06 09:17:48.000   46.274495706    9.779887571  2415.7838   2  17   0.0072   0.0064   0.0144  -0.0033   0.0037  -0.0026   0.00    1.1
2026/09/06 09:17:49.000   46.274495684    9.779887577  2415.7793   2  17   0.0073   0.0064   0.0144  -0.0033   0.0037  -0.0026   0.00    1.2
2026/09/06 09:17:50.000   46.274495681    9.779887553  2415.7802   2  17   0.0073   0.0064   0.0144  -0.0033   0.0038  -0.0026   0.00    1.2
2026/09/06 09:17:51.000   46.274495683    9.779887559  2415.7816   2  17   0.0073   0.0064   0.0144  -0.0033   0.0038  -0.0026   0.00    1.2
2026/09/06 09:17:52.000   46.274495686    9.779887580  2415.7781   2  17   0.0073   0.0064   0.0144  -0.0033   0.0038  -0.0026   0.00    1.2
2026/09/06 09:17:53.000   46.274495679    9.779887563  2415.7702   2  17   0.0073   0.0064   0.0144  -0.0033   0.0038  -0.0026   0.00    1.2
2026/09/06 09:17:54.000   46.274495647    9.779887569  2415.7705   2  17   0.0073   0.0064   0.0144  -0.0033   0.0038  -0.0026   0.00    1.2
2026/09/06 09:17:55.000   46.274495654    9.779887568  2415.7747   2  17   0.0073   0.0064   0.0144  -0.0033   0.0038  -0.0026   0.00    1.2
2026/09/06 09:17:56.000   46.274495653    9.779887549  2415.7685   2  17   0.0073   0.0064   0.0144  -0.0033   0.0038  -0.0026   0.00    1.2
2026/09/06 09:17:57.000   46.274495641    9.779887579  2415.7687   2  17   0.0073   0.0064   0.0144  -0.0033   0.0038  -0.0026   0.00    1.2
2026/09/06 09:17:58.000   46.274495660    9.779887550  2415.7656   2  17   0.0073   0.0064   0.0144  -0.0033   0.0038  -0.0026   0.00    1.2
2026/09/06 09:17:59.000   46.274495773    9.779887375  2415.6926   2  18   0.0073   0.0064   0.0141  -0.0033   0.0036  -0.0023   0.00    1.0
2026/09/06 09:18:00.000   46.274495756    9.779887392  2415.7089   2  18   0.0073   0.0064   0.0141  -0.0033   0.0036  -0.0023   0.00    1.0
2026/09/06 09:18:01.000   46.274495757    9.779887418  2415.7029   2  18   0.0073   0.0064   0.0141  -0.0033   0.0036  -0.0022   0.00    1.0
2026/09/06 09:18:02.000   46.274495728    9.779887393  2415.7080   2  18   0.0073   0.0064   0.0141  -0.0033   0.0036  -0.0022   0.00    1.0
2026/09/06 09:18:03.000   46.274495707    9.779887401  2415.7109   2  18   0.0073   0.0064   0.0141  -0.0033   0.0036  -0.0022   0.00    1.0
2026/09/06 09:18:04.000   46.274495676    9.779887427  2415.7026   2  18   0.0073   0.0064   0.0141  -0.0033   0.0036  -0.0022   0.00    1.0
2026/09/06 09:18:05.000   46.274495682    9.779887407  2415.7023   2  18   0.0073   0.0064   0.0141  -0.0033   0.0036  -0.0022   0.00    1.0
2026/09/06 09:18:06.000   46.274495672    9.779887397  2415.7078   2  18   0.0073   0.0064   0.0141  -0.0033   0.0036  -0.0022   0.00    1.0
2026/09/06 09:18:07.000   46.274495793    9.779887704  2415.5768   2  19   0.0073   0.0064   0.0141  -0.0033   0.0037  -0.0022   0.00    1.0
2026/09/06 09:18:08.000   46.274495820    9.779887393  2415.6155   2  19   0.0073   0.0064   0.0140  -0.0033   0.0037  -0.0022   0.00    1.0
2026/09/06 09:18:09.000   46.274495781    9.779887315  2415.6223   2  19   0.0073   0.0064   0.0141  -0.0033   0.0037  -0.0022   0.00    1.0
2026/09/06 09:18:10.000   46.274495794    9.779887240  2415.6299   2  19   0.0074   0.0064   0.0141  -0.0033   0.0037  -0.0022   0.00    1.0
2026/09/06 09:18:11.000   46.274495761    9.779887225  2415.6328   2  19   0.0074   0.0064   0.0141  -0.0033   0.0038  -0.0022   0.00    1.1
2026/09/06 09:18:12.000   46.274495767    9.779887199  2415.6354   2  19   0.0074   0.0064   0.0141  -0.0033   0.0038  -0.0022   0.00    1.1
2026/09/06 09:18:13.000   46.274495767    9.779887175  2415.6416   2  19   0.0074   0.0064   0.0141  -0.0033   0.0038  -0.0022   0.00    1.1
2026/09/06 09:18:14.000   46.274495766    9.779887190  2415.6417   2  19   0.0074   0.0064   0.0141  -0.0033   0.0038  -0.0022   0.00    1.1
2026/09/06 09:18:15.000   46.274495740    9.779887193  2415.6475   2  19   0.0074   0.0064   0.0141  -0.0033   0.0038  -0.0022   0.00    1.1
2026/09/06 09:18:16.000   46.274495746    9.779887158  2415.6479   2  19   0.0074   0.0064   0.0141  -0.0033   0.0038  -0.0022   0.00    1.1
2026/09/06 09:18:17.000   46.274495745    9.779887154  2415.6521   2  19   0.0074   0.0064   0.0141  -0.0033   0.0038  -0.0022   0.00    1.1
2026/09/06 09:18:18.000   46.274495737    9.779887161  2415.6558   2  19   0.0074   0.0064   0.0141  -0.0033   0.0038  -0.0022   0.00    1.1
2026/09/06 09:18:19.000   46.274495701    9.779887197  2415.6642   2  19   0.0074   0.0064   0.0142  -0.0033   0.0039  -0.0023   0.00    1.1
2026/09/06 09:18:20.000   46.274495660    9.779887244  2415.6981   2  19   0.0074   0.0064   0.0143  -0.0033   0.0039  -0.0024   0.00    1.1
2026/09/06 09:18:21.000   46.274495803    9.779887464  2415.5491   2  19   0.0074   0.0064   0.0143  -0.0033   0.0040  -0.0024   0.00    1.0
2026/09/06 09:18:22.000   46.274495922    9.779887055  2415.5356   2  19   0.0074   0.0064   0.0140  -0.0033   0.0038  -0.0020   0.00    1.0
2026/09/06 09:18:23.000   46.274495895    9.779886974  2415.5576   2  19   0.0074   0.0064   0.0140  -0.0033   0.0038  -0.0020   0.00    1.0
2026/09/06 09:18:24.000   46.274495879    9.779886909  2415.5657   2  19   0.0074   0.0064   0.0140  -0.0033   0.0038  -0.0020   0.00    1.0
2026/09/06 09:18:25.000   46.274495849    9.779886853  2415.5711   2  19   0.0074   0.0064   0.0140  -0.0033   0.0038  -0.0020   0.00    1.0
2026/09/06 09:18:26.000   46.274495797    9.779886854  2415.5774   2  19   0.0074   0.0064   0.0140  -0.0033   0.0038  -0.0020   0.00    1.0
2026/09/06 09:18:27.000   46.274495785    9.779886820  2415.5827   2  19   0.0074   0.0064   0.0140  -0.0033   0.0038  -0.0020   0.00    1.0
2026/09/06 09:18:28.000   46.274495761    9.779886794  2415.5889   2  19   0.0074   0.0064   0.0140  -0.0033   0.0038  -0.0020   0.00    1.0
2026/09/06 09:18:29.000   46.274495727    9.779886743  2415.6058   2  19   0.0075   0.0064   0.0140  -0.0033   0.0038  -0.0020   0.00    1.0
2026/09/06 09:18:30.000   46.274495692    9.779886696  2415.6215   2  19   0.0075   0.0064   0.0140  -0.0033   0.0038  -0.0020   0.00    1.0
2026/09/06 09:18:31.000   46.274495630    9.779886635  2415.6472   2  19   0.0075   0.0064   0.0141  -0.0033   0.0038  -0.0021   0.00    1.0
2026/09/06 09:18:32.000   46.274495547    9.779886491  2415.7039   2  19   0.0075   0.0064   0.0141  -0.0033   0.0038  -0.0021   0.00    1.0
2026/09/06 09:18:33.000   46.274495246    9.779886077  2415.8748   2  19   0.0075   0.0064   0.0142  -0.0033   0.0038  -0.0022   0.00    1.0
2026/09/06 09:18:34.000   46.274495217    9.779887684  2415.6389   2  18   0.0075   0.0064   0.0143  -0.0033   0.0036  -0.0022   0.00    1.0
2026/09/06 09:18:35.000   46.274495202    9.779887675  2415.6351   2  18   0.0075   0.0064   0.0143  -0.0033   0.0036  -0.0022   0.00    1.0
2026/09/06 09:18:36.000   46.274495201    9.779887648  2415.6378   2  18   0.0075   0.0064   0.0143  -0.0033   0.0036  -0.0022   0.00    1.0
2026/09/06 09:18:37.000   46.274495170    9.779887628  2415.6350   2  18   0.0075   0.0064   0.0143  -0.0033   0.0036  -0.0022   0.00    1.0
2026/09/06 09:18:38.000   46.274495174    9.779887618  2415.6346   2  18   0.0075   0.0064   0.0143  -0.0033   0.0036  -0.0022   0.00    1.1
2026/09/06 09:18:39.000   46.274495170    9.779887637  2415.6288   2  18   0.0075   0.0064   0.0143  -0.0033   0.0036  -0.0022   0.00    1.1
2026/09/06 09:18:40.000   46.274495141    9.779887671  2415.6246   2  18   0.0075   0.0064   0.0143  -0.0033   0.0036  -0.0021   0.00    1.1
2026/09/06 09:18:41.000   46.274495132    9.779887665  2415.6268   2  18   0.0075   0.0064   0.0143  -0.0033   0.0036  -0.0021   0.00    1.1
2026/09/06 09:18:42.000   46.274495103    9.779887645  2415.6246   2  18   0.0075   0.0064   0.0143  -0.0033   0.0036  -0.0021   0.00    1.1
2026/09/06 09:18:43.000   46.274495094    9.779887625  2415.6208   2  18   0.0075   0.0064   0.0143  -0.0033   0.0036  -0.0021   0.00    1.1
2026/09/06 09:18:44.000   46.274495071    9.779887629  2415.6183   2  18   0.0075   0.0064   0.0143  -0.0033   0.0036  -0.0021   0.00    1.1
2026/09/06 09:18:45.000   46.274495073    9.779887587  2415.6171   2  18   0.0076   0.0064   0.0143  -0.0033   0.0036  -0.0021   0.00    1.1
2026/09/06 09:18:46.000   46.274495047    9.779887621  2415.6193   2  18   0.0076   0.0064   0.0143  -0.0033   0.0036  -0.0021   0.00    1.1
2026/09/06 09:18:47.000   46.274495154    9.779887419  2415.5411   2  18   0.0075   0.0064   0.0141  -0.0033   0.0035  -0.0018   0.00    1.0
2026/09/06 09:18:48.000   46.274495134    9.779887429  2415.5485   2  18   0.0076   0.0064   0.0141  -0.0033   0.0035  -0.0018   0.00    1.0
2026/09/06 09:18:49.000   46.274495124    9.779887372  2415.5558   2  18   0.0076   0.0064   0.0141  -0.0033   0.0035  -0.0018   0.00    1.0
2026/09/06 09:18:50.000   46.274495107    9.779887399  2415.5522   2  18   0.0076   0.0064   0.0141  -0.0033   0.0035  -0.0018   0.00    1.0
2026/09/06 09:18:51.000   46.274495084    9.779887389  2415.5484   2  18   0.0076   0.0064   0.0141  -0.0033   0.0035  -0.0018   0.00    1.0
2026/09/06 09:18:52.000   46.274495087    9.779887390  2415.5482   2  18   0.0076   0.0064   0.0141  -0.0033   0.0035  -0.0018   0.00    1.0
2026/09/06 09:18:53.000   46.274495093    9.779887378  2415.5502   2  18   0.0076   0.0064   0.0141  -0.0033   0.0035  -0.0018   0.00    1.0
2026/09/06 09:18:54.000   46.274495062    9.779887364  2415.5412   2  18   0.0076   0.0064   0.0141  -0.0033   0.0035  -0.0018   0.00    1.0
2026/09/06 09:18:55.000   46.274495025    9.779887361  2415.5427   2  18   0.0076   0.0064   0.0141  -0.0033   0.0035  -0.0018   0.00    1.0
2026/09/06 09:18:56.000   46.274495019    9.779887302  2415.5430   2  18   0.0076   0.0064   0.0141  -0.0033   0.0035  -0.0018   0.00    1.0
2026/09/06 09:18:57.000   46.274495002    9.779887289  2415.5435   2  18   0.0076   0.0064   0.0141  -0.0033   0.0035  -0.0018   0.00    1.0
2026/09/06 09:18:58.000   46.274495019    9.779887302  2415.5385   2  18   0.0076   0.0064   0.0141  -0.0033   0.0035  -0.0018   0.00    1.0
2026/09/06 09:18:59.000   46.274495010    9.779887272  2415.5374   2  18   0.0076   0.0064   0.0141  -0.0033   0.0035  -0.0018   0.00    1.1
2026/09/06 09:19:00.000   46.274495025    9.779887218  2415.5367   2  18   0.0076   0.0064   0.0141  -0.0033   0.0035  -0.0018   0.00    1.1
2026/09/06 09:19:01.000   46.274495053    9.779887186  2415.5409   2  18   0.0077   0.0065   0.0141  -0.0033   0.0035  -0.0018   0.00    1.1
2026/09/06 09:19:02.000   46.274495069    9.779887130  2415.5402   2  18   0.0077   0.0065   0.0141  -0.0033   0.0035  -0.0018   0.00    1.1
2026/09/06 09:19:03.000   46.274495162    9.779887045  2415.5486   2  18   0.0077   0.0065   0.0141  -0.0033   0.0036  -0.0018   0.00    1.1
2026/09/06 09:19:04.000   46.274495240    9.779886930  2415.5469   2  18   0.0077   0.0065   0.0142  -0.0034   0.0036  -0.0018   0.00    1.1
2026/09/06 09:19:05.000   46.274495425    9.779886749  2415.5537   2  18   0.0078   0.0065   0.0142  -0.0034   0.0036  -0.0019   0.00    1.1
2026/09/06 09:19:06.000   46.274495825    9.779886365  2415.5663   2  18   0.0079   0.0065   0.0142  -0.0035   0.0036  -0.0019   0.00    1.1
2026/09/06 09:19:07.000   46.274497155    9.779885349  2415.5856   2  18   0.0081   0.0066   0.0142  -0.0037   0.0036  -0.0021   0.00    1.1
2026/09/06 09:19:08.000   46.274493466    9.779888869  2415.9602   2  18   0.0076   0.0065   0.0143  -0.0033   0.0034  -0.0018   0.00    1.0
2026/09/06 09:19:09.000   46.274494855    9.779896552  2416.8732   2  18   0.0076   0.0065   0.0143  -0.0032   0.0034  -0.0018   0.00    1.0
2026/09/06 09:19:10.000   46.274495738    9.779903312  2417.0292   2  18   0.0076   0.0065   0.0144  -0.0032   0.0032  -0.0018   0.00    1.0
2026/09/06 09:19:11.000   46.274495375    9.779907388  2416.6511   2  18   0.0076   0.0065   0.0142  -0.0032   0.0034  -0.0017   0.00    1.0
2026/09/06 09:19:12.000   46.274493738    9.779907267  2416.7606   2  18   0.0076   0.0065   0.0142  -0.0032   0.0035  -0.0017   0.00    1.0
2026/09/06 09:19:13.000   46.274492768    9.779909844  2416.7987   2  18   0.0076   0.0065   0.0142  -0.0032   0.0036  -0.0017   0.00    1.0
2026/09/06 09:19:14.000   46.274492284    9.779910897  2416.7913   2  18   0.0076   0.0065   0.0142  -0.0032   0.0036  -0.0017   0.00    1.0
2026/09/06 09:19:15.000   46.274492513    9.779910171  2416.8000   2  19   0.0076   0.0064   0.0141  -0.0032   0.0036  -0.0017   0.00    1.0
2026/09/06 09:19:16.000   46.274492462    9.779909589  2416.8527   2  18   0.0076   0.0064   0.0141  -0.0032   0.0036  -0.0017   0.00    1.0
2026/09/06 09:19:17.000   46.274492019    9.779910119  2416.8206   2  18   0.0077   0.0064   0.0142  -0.0032   0.0036  -0.0017   0.00    1.0
2026/09/06 09:19:18.000   46.274491754    9.779911792  2416.8175   2  18   0.0077   0.0064   0.0142  -0.0032   0.0036  -0.0016   0.00    1.0
2026/09/06 09:19:19.000   46.274490828    9.779912067  2416.8231   2  18   0.0077   0.0064   0.0142  -0.0032   0.0036  -0.0016   0.00    1.0
2026/09/06 09:19:20.000   46.274490379    9.779912483  2416.8006   2  18   0.0077   0.0064   0.0142  -0.0032   0.0036  -0.0016   0.00    1.0
2026/09/06 09:19:21.000   46.274490506    9.779911180  2416.8103   2  18   0.0077   0.0064   0.0142  -0.0032   0.0036  -0.0016   0.00    1.0
2026/09/06 09:19:22.000   46.274490395    9.779911234  2416.8078   2  18   0.0077   0.0064   0.0142  -0.0032   0.0036  -0.0016   0.00    1.0
2026/09/06 09:19:23.000   46.274490565    9.779911970  2416.8052   2  18   0.0077   0.0064   0.0142  -0.0032   0.0036  -0.0016   0.00    1.0
2026/09/06 09:19:24.000   46.274490442    9.779911923  2416.7915   2  18   0.0077   0.0064   0.0142  -0.0032   0.0036  -0.0016   0.00    1.0
2026/09/06 09:19:25.000   46.274490719    9.779912152  2416.7962   2  18   0.0077   0.0064   0.0142  -0.0032   0.0036  -0.0016   0.00    1.0
2026/09/06 09:19:26.000   46.274490825    9.779912708  2416.7856   2  18   0.0077   0.0065   0.0142  -0.0032   0.0036  -0.0016   0.00    1.0
2026/09/06 09:19:27.000   46.274490833    9.779912760  2416.7822   2  18   0.0077   0.0065   0.0142  -0.0032   0.0036  -0.0016   0.00    1.0
2026/09/06 09:19:28.000   46.274490991    9.779912739  2416.7822   2  18   0.0077   0.0065   0.0142  -0.0032   0.0036  -0.0016   0.00    1.0
2026/09/06 09:19:29.000   46.274490631    9.779912559  2416.7792   2  18   0.0077   0.0065   0.0142  -0.0032   0.0036  -0.0016   0.00    1.0
2026/09/06 09:19:30.000   46.274490811    9.779912378  2416.7758   2  18   0.0077   0.0065   0.0142  -0.0032   0.0036  -0.0015   0.00    1.0
2026/09/06 09:19:31.000   46.274490490    9.779912317  2416.8047   2  18   0.0077   0.0065   0.0142  -0.0032   0.0036  -0.0015   0.00    1.0
2026/09/06 09:19:32.000   46.274491453    9.779915033  2416.7843   2  18   0.0077   0.0065   0.0142  -0.0032   0.0037  -0.0015   0.00    1.0
2026/09/06 09:19:33.000   46.274491506    9.779912489  2416.8870   2  18   0.0077   0.0065   0.0142  -0.0032   0.0037  -0.0015   0.00    1.0
2026/09/06 09:19:34.000   46.274490909    9.779912047  2416.8286   2  18   0.0077   0.0065   0.0142  -0.0032   0.0037  -0.0015   0.00    1.0
2026/09/06 09:19:35.000   46.274490709    9.779910816  2416.8264   2  18   0.0077   0.0065   0.0142  -0.0032   0.0037  -0.0015   0.00    1.0
2026/09/06 09:19:36.000   46.274490371    9.779909268  2416.8361   2  18   0.0077   0.0065   0.0142  -0.0032   0.0037  -0.0015   0.00    1.0
2026/09/06 09:19:37.000   46.274491400    9.779909082  2416.8053   2  18   0.0077   0.0065   0.0142  -0.0032   0.0037  -0.0015   0.00    1.0
2026/09/06 09:19:38.000   46.274491448    9.779908156  2416.7911   2  18   0.0077   0.0065   0.0142  -0.0032   0.0037  -0.0015   0.00    1.0
2026/09/06 09:19:39.000   46.274491047    9.779908229  2416.7783   2  18   0.0077   0.0065   0.0142  -0.0032   0.0037  -0.0015   0.00    1.0
2026/09/06 09:19:40.000   46.274490583    9.779908914  2416.8039   2  18   0.0077   0.0065   0.0142  -0.0033   0.0037  -0.0015   0.00    1.0
2026/09/06 09:19:41.000   46.274490856    9.779909813  2416.7879   2  18   0.0077   0.0065   0.0142  -0.0033   0.0037  -0.0014   0.00    1.0
2026/09/06 09:19:42.000   46.274490907    9.779912969  2416.7883   2  18   0.0078   0.0065   0.0142  -0.0033   0.0037  -0.0014   0.00    1.0
2026/09/06 09:19:43.000   46.274491398    9.779914795  2416.7348   2  18   0.0078   0.0065   0.0142  -0.0033   0.0037  -0.0014   0.00    1.0
2026/09/06 09:19:44.000   46.274490600    9.779914337  2416.7131   2  18   0.0078   0.0065   0.0142  -0.0033   0.0037  -0.0014   0.00    1.0
2026/09/06 09:19:45.000   46.274490429    9.779914251  2416.7045   2  18   0.0078   0.0065   0.0142  -0.0033   0.0037  -0.0014   0.00    1.0
2026/09/06 09:19:46.000   46.274489633    9.779916186  2416.6738   2  18   0.0078   0.0065   0.0142  -0.0033   0.0037  -0.0014   0.00    1.0
2026/09/06 09:19:47.000   46.274489410    9.779916452  2416.6669   2  18   0.0078   0.0065   0.0142  -0.0033   0.0037  -0.0014   0.00    1.0
2026/09/06 09:19:48.000   46.274489730    9.779916007  2416.6663   2  18   0.0078   0.0065   0.0142  -0.0033   0.0037  -0.0014   0.00    1.0
2026/09/06 09:19:49.000   46.274489587    9.779915822  2416.6701   2  18   0.0078   0.0065   0.0142  -0.0033   0.0037  -0.0014   0.00    1.0
2026/09/06 09:19:50.000   46.274489571    9.779916021  2416.6686   2  18   0.0078   0.0065   0.0142  -0.0033   0.0037  -0.0014   0.00    1.0
2026/09/06 09:19:51.000   46.274489534    9.779915190  2416.6753   2  18   0.0078   0.0065   0.0142  -0.0033   0.0037  -0.0014   0.00    1.0
2026/09/06 09:19:52.000   46.274489273    9.779914751  2416.6733   2  18   0.0078   0.0065   0.0142  -0.0033   0.0037  -0.0013   0.00    1.0
2026/09/06 09:19:53.000   46.274489013    9.779914860  2416.6696   2  18   0.0078   0.0065   0.0142  -0.0033   0.0037  -0.0013   0.00    1.0
2026/09/06 09:19:54.000   46.274489027    9.779915539  2416.6605   2  18   0.0078   0.0065   0.0142  -0.0033   0.0037  -0.0013   0.00    1.0
2026/09/06 09:19:55.000   46.274489086    9.779915589  2416.6532   2  18   0.0078   0.0065   0.0142  -0.0033   0.0037  -0.0013   0.00    1.0
2026/09/06 09:19:56.000   46.274488951    9.779915169  2416.6556   2  18   0.0078   0.0065   0.0142  -0.0033   0.0037  -0.0013   0.00    1.0
2026/09/06 09:19:57.000   46.274488976    9.779915184  2416.6456   2  18   0.0078   0.0065   0.0142  -0.0033   0.0037  -0.0013   0.00    1.0
2026/09/06 09:19:58.000   46.274488905    9.779915863  2416.6320   2  18   0.0078   0.0065   0.0143  -0.0033   0.0037  -0.0013   0.00    1.0
2026/09/06 09:19:59.000   46.274488884    9.779915910  2416.6290   2  18   0.0078   0.0065   0.0143  -0.0033   0.0037  -0.0013   0.00    1.0
2026/09/06 09:20:00.000   46.274489054    9.779913268  2416.6564   2  18   0.0078   0.0065   0.0143  -0.0033   0.0037  -0.0013   0.00    1.0
2026/09/06 09:20:01.000   46.274489146    9.779911483  2416.6583   2  18   0.0078   0.0065   0.0143  -0.0033   0.0037  -0.0013   0.00    1.0
2026/09/06 09:20:02.000   46.274489082    9.779912388  2416.6550   2  18   0.0078   0.0065   0.0143  -0.0033   0.0037  -0.0012   0.00    1.0
2026/09/06 09:20:03.000   46.274489045    9.779912410  2416.6496   2  18   0.0078   0.0065   0.0143  -0.0033   0.0037  -0.0012   0.00    1.0
2026/09/06 09:20:04.000   46.274488985    9.779912411  2416.6407   2  18   0.0078   0.0065   0.0143  -0.0033   0.0037  -0.0012   0.00    1.0
2026/09/06 09:20:05.000   46.274488958    9.779911926  2416.6352   2  18   0.0078   0.0065   0.0143  -0.0033   0.0037  -0.0012   0.00    1.0
2026/09/06 09:20:06.000   46.274488934    9.779911525  2416.6308   2  18   0.0078   0.0065   0.0143  -0.0033   0.0037  -0.0012   0.00    1.0
2026/09/06 09:20:07.000   46.274489087    9.779911619  2416.6257   2  18   0.0078   0.0065   0.0143  -0.0033   0.0037  -0.0012   0.00    1.0
2026/09/06 09:20:08.000   46.274489416    9.779911485  2416.6184   2  18   0.0078   0.0065   0.0143  -0.0033   0.0037  -0.0012   0.00    1.0
2026/09/06 09:20:09.000   46.274489289    9.779911287  2416.6177   2  18   0.0078   0.0065   0.0143  -0.0033   0.0037  -0.0012   0.00    1.0
2026/09/06 09:20:10.000   46.274489272    9.779911307  2416.6149   2  18   0.0078   0.0065   0.0143  -0.0033   0.0037  -0.0012   0.00    1.0
2026/09/06 09:20:11.000   46.274489183    9.779911335  2416.6074   2  18   0.0078   0.0065   0.0143  -0.0033   0.0037  -0.0012   0.00    1.0
2026/09/06 09:20:12.000   46.274489145    9.779911346  2416.6050   2  18   0.0079   0.0065   0.0143  -0.0033   0.0037  -0.0012   0.00    1.0
2026/09/06 09:20:13.000   46.274489089    9.779911372  2416.5992   2  18   0.0079   0.0065   0.0143  -0.0033   0.0037  -0.0011   0.00    1.0
2026/09/06 09:20:14.000   46.274489055    9.779911358  2416.5968   2  18   0.0079   0.0065   0.0143  -0.0033   0.0037  -0.0011   0.00    1.0
2026/09/06 09:20:15.000   46.274489036    9.779911107  2416.5923   2  18   0.0079   0.0065   0.0143  -0.0033   0.0037  -0.0011   0.00    1.0
2026/09/06 09:20:16.000   46.274489048    9.779911090  2416.5871   2  18   0.0079   0.0065   0.0143  -0.0033   0.0037  -0.0011   0.00    1.0
2026/09/06 09:20:17.000   46.274489027    9.779911100  2416.5808   2  18   0.0079   0.0065   0.0143  -0.0033   0.0037  -0.0011   0.00    1.0
2026/09/06 09:20:18.000   46.274488994    9.779911191  2416.5790   2  18   0.0079   0.0065   0.0143  -0.0033   0.0037  -0.0011   0.00    1.0
2026/09/06 09:20:19.000   46.274488949    9.779911239  2416.5703   2  18   0.0079   0.0065   0.0143  -0.0033   0.0037  -0.0011   0.00    1.0
2026/09/06 09:20:20.000   46.274488915    9.779911235  2416.5719   2  18   0.0079   0.0065   0.0143  -0.0033   0.0037  -0.0011   0.00    1.0
2026/09/06 09:20:21.000   46.274488874    9.779911244  2416.5665   2  18   0.0079   0.0065   0.0143  -0.0033   0.0037  -0.0011   0.00    1.0
2026/09/06 09:20:22.000   46.274488823    9.779911227  2416.5599   2  18   0.0079   0.0065   0.0143  -0.0033   0.0037  -0.0011   0.00    1.0
2026/09/06 09:20:23.000   46.274488808    9.779911206  2416.5591   2  18   0.0079   0.0065   0.0143  -0.0033   0.0037  -0.0010   0.00    1.0
2026/09/06 09:20:24.000   46.274488761    9.779911239  2416.5543   2  18   0.0079   0.0065   0.0143  -0.0033   0.0037  -0.0010   0.00    1.0
2026/09/06 09:20:25.000   46.274488719    9.779911224  2416.5479   2  18   0.0079   0.0065   0.0143  -0.0033   0.0037  -0.0010   0.00    1.0
2026/09/06 09:20:26.000   46.274488661    9.779911236  2416.5471   2  18   0.0079   0.0065   0.0143  -0.0033   0.0037  -0.0010   0.00    1.0
2026/09/06 09:20:27.000   46.274488611    9.779911218  2416.5418   2  18   0.0079   0.0065   0.0143  -0.0033   0.0037  -0.0010   0.00    1.0
2026/09/06 09:20:28.000   46.274488571    9.779911242  2416.5375   2  18   0.0079   0.0065   0.0143  -0.0033   0.0037  -0.0010   0.00    1.0
2026/09/06 09:20:29.000   46.274488567    9.779911270  2416.5381   2  18   0.0079   0.0065   0.0143  -0.0033   0.0038  -0.0010   0.00    1.0
2026/09/06 09:20:30.000   46.274488522    9.779911280  2416.5324   2  18   0.0079   0.0065   0.0143  -0.0033   0.0038  -0.0010   0.00    1.0
2026/09/06 09:20:31.000   46.274488480    9.779911266  2416.5279   2  18   0.0079   0.0065   0.0143  -0.0033   0.0038  -0.0010   0.00    1.0
2026/09/06 09:20:32.000   46.274488435    9.779911272  2416.5234   2  18   0.0079   0.0065   0.0143  -0.0033   0.0038  -0.0010   0.00    1.0
2026/09/06 09:20:33.000   46.274488406    9.779911267  2416.5181   2  18   0.0079   0.0065   0.0143  -0.0033   0.0038  -0.0009   0.00    1.0
2026/09/06 09:20:34.000   46.274488347    9.779911292  2416.5147   2  18   0.0079   0.0065   0.0143  -0.0033   0.0038  -0.0009   0.00    1.0
2026/09/06 09:20:35.000   46.274488290    9.779911299  2416.5092   2  18   0.0079   0.0065   0.0143  -0.0033   0.0038  -0.0009   0.00    1.0
2026/09/06 09:20:36.000   46.274488256    9.779911301  2416.5057   2  18   0.0079   0.0065   0.0143  -0.0033   0.0038  -0.0009   0.00    1.0
2026/09/06 09:20:37.000   46.274488192    9.779911338  2416.5002   2  18   0.0079   0.0065   0.0143  -0.0033   0.0038  -0.0009   0.00    1.0
2026/09/06 09:20:38.000   46.274488182    9.779911334  2416.5007   2  18   0.0079   0.0065   0.0143  -0.0033   0.0038  -0.0009   0.00    1.0
2026/09/06 09:20:39.000   46.274488144    9.779911328  2416.4952   2  18   0.0079   0.0065   0.0143  -0.0033   0.0038  -0.0009   0.00    1.0
2026/09/06 09:20:40.000   46.274488088    9.779911337  2416.4909   2  18   0.0079   0.0065   0.0143  -0.0033   0.0038  -0.0009   0.00    1.0
2026/09/06 09:20:41.000   46.274488049    9.779911345  2416.4875   2  18   0.0079   0.0065   0.0143  -0.0033   0.0038  -0.0009   0.00    1.0
2026/09/06 09:20:42.000   46.274487994    9.779911330  2416.4803   2  18   0.0079   0.0065   0.0143  -0.0033   0.0038  -0.0009   0.00    1.0
2026/09/06 09:20:43.000   46.274487947    9.779911351  2416.4747   2  18   0.0079   0.0065   0.0143  -0.0033   0.0038  -0.0008   0.00    1.0
2026/09/06 09:20:44.000   46.274487910    9.779911337  2416.4725   2  18   0.0079   0.0065   0.0143  -0.0033   0.0038  -0.0008   0.00    1.0
2026/09/06 09:20:45.000   46.274487894    9.779911344  2416.4725   2  18   0.0079   0.0065   0.0143  -0.0033   0.0038  -0.0008   0.00    1.0
2026/09/06 09:20:46.000   46.274487851    9.779911370  2416.4690   2  18   0.0079   0.0065   0.0143  -0.0033   0.0038  -0.0008   0.00    1.0
2026/09/06 09:20:47.000   46.274487776    9.779911366  2416.4605   2  18   0.0079   0.0065   0.0143  -0.0033   0.0038  -0.0008   0.00    1.0
2026/09/06 09:20:48.000   46.274487756    9.779911368  2416.4611   2  18   0.0079   0.0065   0.0143  -0.0033   0.0038  -0.0008   0.00    1.0
2026/09/06 09:20:49.000   46.274487726    9.779911352  2416.4576   2  18   0.0079   0.0065   0.0143  -0.0033   0.0038  -0.0008   0.00    1.0
2026/09/06 09:20:50.000   46.274487672    9.779911384  2416.4514   2  18   0.0079   0.0065   0.0143  -0.0033   0.0038  -0.0008   0.00    1.0
2026/09/06 09:20:51.000   46.274487621    9.779911379  2416.4463   2  18   0.0079   0.0065   0.0143  -0.0033   0.0038  -0.0008   0.00    1.0
2026/09/06 09:20:52.000   46.274487560    9.779911396  2416.4420   2  18   0.0079   0.0065   0.0143  -0.0033   0.0038  -0.0007   0.00    1.0
2026/09/06 09:20:53.000   46.274487523    9.779911396  2416.4359   2  18   0.0079   0.0065   0.0143  -0.0033   0.0038  -0.0007   0.00    1.0
2026/09/06 09:20:54.000   46.274487476    9.779911412  2416.4330   2  18   0.0079   0.0065   0.0143  -0.0034   0.0038  -0.0007   0.00    1.0
2026/09/06 09:20:55.000   46.274487431    9.779911406  2416.4281   2  18   0.0079   0.0065   0.0144  -0.0034   0.0038  -0.0007   0.00    1.0
2026/09/06 09:20:56.000   46.274487400    9.779911413  2416.4254   2  18   0.0079   0.0065   0.0144  -0.0034   0.0038  -0.0007   0.00    1.0
2026/09/06 09:20:57.000   46.274487379    9.779911424  2416.4183   2  18   0.0079   0.0065   0.0144  -0.0034   0.0038  -0.0007   0.00    1.0
2026/09/06 09:20:58.000   46.274487341    9.779911416  2416.4176   2  18   0.0079   0.0065   0.0144  -0.0034   0.0038  -0.0007   0.00    1.0
2026/09/06 09:20:59.000   46.274487291    9.779911421  2416.4136   2  18   0.0079   0.0065   0.0144  -0.0034   0.0038  -0.0007   0.00    1.0
2026/09/06 09:21:00.000   46.274487215    9.779911436  2416.4045   2  18   0.0079   0.0065   0.0144  -0.0034   0.0038  -0.0007   0.00    1.0
2026/09/06 09:21:01.000   46.274487188    9.779911406  2416.3998   2  18   0.0079   0.0065   0.0144  -0.0034   0.0038  -0.0007   0.00    1.0
2026/09/06 09:21:02.000   46.274487114    9.779911429  2416.3937   2  18   0.0079   0.0065   0.0144  -0.0034   0.0038  -0.0006   0.00    1.0
2026/09/06 09:21:03.000   46.274487083    9.779911436  2416.3937   2  18   0.0079   0.0065   0.0144  -0.0034   0.0038  -0.0006   0.00    1.0
2026/09/06 09:21:04.000   46.274487013    9.779911446  2416.3889   2  18   0.0079   0.0065   0.0144  -0.0034   0.0038  -0.0006   0.00    1.0
2026/09/06 09:21:05.000   46.274486963    9.779911453  2416.3837   2  18   0.0079   0.0065   0.0144  -0.0034   0.0038  -0.0006   0.00    1.0
2026/09/06 09:21:06.000   46.274486927    9.779911453  2416.3769   2  18   0.0079   0.0065   0.0144  -0.0034   0.0038  -0.0006   0.00    1.0
2026/09/06 09:21:07.000   46.274486872    9.779911450  2416.3727   2  18   0.0079   0.0065   0.0144  -0.0034   0.0038  -0.0006   0.00    1.0
2026/09/06 09:21:08.000   46.274486809    9.779911454  2416.3645   2  18   0.0079   0.0065   0.0144  -0.0034   0.0038  -0.0006   0.00    1.0
2026/09/06 09:21:09.000   46.274486743    9.779911450  2416.3594   2  18   0.0079   0.0065   0.0144  -0.0034   0.0038  -0.0006   0.00    1.0
2026/09/06 09:21:10.000   46.274486720    9.779911474  2416.3568   2  18   0.0079   0.0065   0.0144  -0.0034   0.0038  -0.0006   0.00    1.0
2026/09/06 09:21:11.000   46.274486639    9.779911468  2416.3495   2  18   0.0079   0.0065   0.0144  -0.0034   0.0038  -0.0006   0.00    1.0
2026/09/06 09:21:12.000   46.274486600    9.779911466  2416.3475   2  18   0.0079   0.0065   0.0144  -0.0034   0.0038  -0.0005   0.00    1.0
2026/09/06 09:21:13.000   46.274486568    9.779911475  2416.3435   2  18   0.0079   0.0065   0.0144  -0.0034   0.0038  -0.0005   0.00    1.0
2026/09/06 09:21:14.000   46.274486511    9.779911479  2416.3384   2  18   0.0079   0.0065   0.0144  -0.0034   0.0038  -0.0005   0.00    1.0
2026/09/06 09:21:15.000   46.274486469    9.779911463  2416.3308   2  18   0.0080   0.0065   0.0144  -0.0034   0.0038  -0.0005   0.00    1.0
2026/09/06 09:21:16.000   46.274486414    9.779911486  2416.3274   2  18   0.0080   0.0065   0.0144  -0.0034   0.0038  -0.0005   0.00    1.0
2026/09/06 09:21:17.000   46.274486361    9.779911486  2416.3224   2  18   0.0080   0.0065   0.0144  -0.0034   0.0038  -0.0005   0.00    1.0
2026/09/06 09:21:18.000   46.274486342    9.779911507  2416.3262   2  18   0.0080   0.0065   0.0144  -0.0034   0.0038  -0.0005   0.00    1.0
2026/09/06 09:21:19.000   46.274486292    9.779911518  2416.3145   2  18   0.0080   0.0065   0.0144  -0.0034   0.0038  -0.0005   0.00    1.0
2026/09/06 09:21:20.000   46.274486237    9.779911537  2416.3117   2  18   0.0080   0.0065   0.0144  -0.0034   0.0038  -0.0005   0.00    1.0
2026/09/06 09:21:21.000   46.274486178    9.779911576  2416.3052   2  18   0.0080   0.0065   0.0144  -0.0034   0.0038  -0.0005   0.00    1.0
2026/09/06 09:21:22.000   46.274486122    9.779911566  2416.2979   2  18   0.0080   0.0065   0.0144  -0.0034   0.0038  -0.0005   0.00    1.0
2026/09/06 09:21:23.000   46.274486085    9.779911558  2416.2953   2  18   0.0080   0.0065   0.0144  -0.0034   0.0038  -0.0004   0.00    1.0
2026/09/06 09:21:24.000   46.274486053    9.779911557  2416.2921   2  18   0.0080   0.0065   0.0144  -0.0034   0.0038  -0.0004   0.00    1.0
2026/09/06 09:21:25.000   46.274485992    9.779911558  2416.2876   2  18   0.0080   0.0065   0.0144  -0.0034   0.0038  -0.0004   0.00    1.0
2026/09/06 09:21:26.000   46.274485924    9.779911541  2416.2818   2  18   0.0080   0.0065   0.0144  -0.0034   0.0038  -0.0004   0.00    1.0
2026/09/06 09:21:27.000   46.274485894    9.779911527  2416.2785   2  18   0.0080   0.0065   0.0144  -0.0034   0.0038  -0.0004   0.00    1.0
2026/09/06 09:21:28.000   46.274485837    9.779911548  2416.2723   2  18   0.0080   0.0065   0.0144  -0.0034   0.0038  -0.0004   0.00    1.0
2026/09/06 09:21:29.000   46.274485782    9.779911542  2416.2667   2  18   0.0080   0.0065   0.0144  -0.0034   0.0038  -0.0004   0.00    1.0
2026/09/06 09:21:30.000   46.274485724    9.779911557  2416.2583   2  18   0.0080   0.0065   0.0144  -0.0034   0.0038  -0.0004   0.00    1.0
2026/09/06 09:21:31.000   46.274485681    9.779911580  2416.2564   2  18   0.0080   0.0065   0.0144  -0.0034   0.0038  -0.0004   0.00    1.0
2026/09/06 09:21:32.000   46.274485653    9.779911564  2416.2541   2  18   0.0080   0.0065   0.0144  -0.0034   0.0038  -0.0004   0.00    1.0
2026/09/06 09:21:33.000   46.274485610    9.779911571  2416.2486   2  18   0.0079   0.0065   0.0144  -0.0034   0.0038  -0.0004   0.00    1.0
2026/09/06 09:21:34.000   46.274485569    9.779911602  2416.2452   2  18   0.0079   0.0065   0.0144  -0.0034   0.0038  -0.0003   0.00    1.0
2026/09/06 09:21:35.000   46.274485498    9.779911605  2416.2384   2  18   0.0079   0.0065   0.0144  -0.0034   0.0038  -0.0003   0.00    1.0
2026/09/06 09:21:36.000   46.274485454    9.779911599  2416.2322   2  18   0.0079   0.0065   0.0144  -0.0034   0.0038  -0.0003   0.00    1.0
2026/09/06 09:21:37.000   46.274485377    9.779911620  2416.2253   2  18   0.0079   0.0065   0.0144  -0.0034   0.0038  -0.0003   0.00    1.1
2026/09/06 09:21:38.000   46.274485336    9.779911632  2416.2188   2  18   0.0079   0.0065   0.0144  -0.0034   0.0038  -0.0003   0.00    1.1
2026/09/06 09:21:39.000   46.274485308    9.779911626  2416.2160   2  18   0.0079   0.0065   0.0144  -0.0034   0.0038  -0.0003   0.00    1.1
2026/09/06 09:21:40.000   46.274485268    9.779911641  2416.2116   2  18   0.0079   0.0065   0.0144  -0.0034   0.0038  -0.0003   0.00    1.1
2026/09/06 09:21:41.000   46.274485228    9.779911627  2416.2095   2  18   0.0079   0.0065   0.0144  -0.0034   0.0038  -0.0003   0.00    1.1
2026/09/06 09:21:42.000   46.274485184    9.779911627  2416.2037   2  18   0.0079   0.0065   0.0144  -0.0034   0.0038  -0.0003   0.00    1.1
2026/09/06 09:21:43.000   46.274485137    9.779911639  2416.1979   2  18   0.0079   0.0065   0.0144  -0.0034   0.0038  -0.0003   0.00    1.1
2026/09/06 09:21:44.000   46.274485074    9.779911657  2416.1905   2  18   0.0079   0.0065   0.0144  -0.0034   0.0038  -0.0003   0.00    1.1
2026/09/06 09:21:45.000   46.274485022    9.779911648  2416.1853   2  18   0.0079   0.0065   0.0144  -0.0034   0.0038  -0.0003   0.00    1.1
2026/09/06 09:21:46.000   46.274484975    9.779911643  2416.1826   2  18   0.0079   0.0065   0.0144  -0.0034   0.0038  -0.0003   0.00    1.1
2026/09/06 09:21:47.000   46.274484945    9.779911644  2416.1755   2  18   0.0079   0.0065   0.0144  -0.0034   0.0038  -0.0003   0.00    1.1
2026/09/06 09:21:48.000   46.274484915    9.779911655  2416.1734   2  18   0.0079   0.0065   0.0144  -0.0034   0.0038  -0.0003   0.00    1.1
2026/09/06 09:21:49.000   46.274484853    9.779911672  2416.1668   2  18   0.0079   0.0065   0.0144  -0.0034   0.0038  -0.0002   0.00    1.1
2026/09/06 09:21:50.000   46.274484785    9.779911702  2416.1627   2  18   0.0079   0.0065   0.0144  -0.0034   0.0038  -0.0002   0.00    1.1
2026/09/06 09:21:51.000   46.274484777    9.779911687  2416.1588   2  18   0.0079   0.0065   0.0144  -0.0034   0.0038  -0.0002   0.00    1.1
2026/09/06 09:21:52.000   46.274484709    9.779911697  2416.1506   2  18   0.0079   0.0065   0.0144  -0.0034   0.0038  -0.0002   0.00    1.1
2026/09/06 09:21:53.000   46.274484662    9.779911708  2416.1459   2  18   0.0079   0.0065   0.0144  -0.0034   0.0038  -0.0002   0.00    1.1
2026/09/06 09:21:54.000   46.274484618    9.779911701  2416.1439   2  18   0.0079   0.0065   0.0144  -0.0034   0.0038  -0.0002   0.00    1.1
2026/09/06 09:21:55.000   46.274484561    9.779911702  2416.1362   2  18   0.0079   0.0065   0.0144  -0.0034   0.0038  -0.0002   0.00    1.1
2026/09/06 09:21:56.000   46.274484503    9.779911713  2416.1345   2  18   0.0079   0.0065   0.0144  -0.0034   0.0038  -0.0002   0.00    1.1
2026/09/06 09:21:57.000   46.274484466    9.779911707  2416.1271   2  18   0.0079   0.0065   0.0144  -0.0034   0.0038  -0.0002   0.00    1.1
2026/09/06 09:21:58.000   46.274484419    9.779911698  2416.1214   2  18   0.0079   0.0065   0.0144  -0.0034   0.0038  -0.0002   0.00    1.1
2026/09/06 09:21:59.000   46.274484350    9.779911714  2416.1118   2  18   0.0079   0.0065   0.0144  -0.0035   0.0038  -0.0002   0.00    1.1
2026/09/06 09:22:00.000   46.274484312    9.779911722  2416.1057   2  18   0.0079   0.0065   0.0144  -0.0035   0.0038  -0.0002   0.00    1.1
2026/09/06 09:22:01.000   46.274484289    9.779911744  2416.1021   2  18   0.0079   0.0065   0.0144  -0.0035   0.0038  -0.0002   0.00    1.1
2026/09/06 09:22:02.000   46.274484234    9.779911753  2416.0958   2  18   0.0079   0.0065   0.0144  -0.0035   0.0038  -0.0002   0.00    1.1
2026/09/06 09:22:03.000   46.274484204    9.779911741  2416.0946   2  18   0.0079   0.0065   0.0144  -0.0035   0.0038  -0.0002   0.00    1.1
2026/09/06 09:22:04.000   46.274484130    9.779911771  2416.0863   2  18   0.0079   0.0065   0.0144  -0.0035   0.0038  -0.0002   0.00    1.1
2026/09/06 09:22:05.000   46.274484097    9.779911757  2416.0841   2  18   0.0079   0.0065   0.0144  -0.0035   0.0038  -0.0002   0.00    1.1
2026/09/06 09:22:06.000   46.274484067    9.779911783  2416.0785   2  18   0.0079   0.0065   0.0144  -0.0035   0.0038  -0.0002   0.00    1.1
2026/09/06 09:22:07.000   46.274484031    9.779911787  2416.0747   2  18   0.0079   0.0065   0.0144  -0.0035   0.0038  -0.0002   0.00    1.1
2026/09/06 09:22:08.000   46.274483972    9.779911782  2416.0706   2  18   0.0079   0.0065   0.0144  -0.0035   0.0038  -0.0003   0.00    1.1
2026/09/06 09:22:09.000   46.274483931    9.779911804  2416.0651   2  18   0.0079   0.0065   0.0144  -0.0035   0.0038  -0.0003   0.00    1.1
2026/09/06 09:22:10.000   46.274483899    9.779911801  2416.0589   2  18   0.0079   0.0065   0.0144  -0.0035   0.0038  -0.0003   0.00    1.1
2026/09/06 09:22:11.000   46.274483830    9.779911828  2416.0558   2  18   0.0079   0.0065   0.0144  -0.0035   0.0038  -0.0003   0.00    1.1
2026/09/06 09:22:12.000   46.274483814    9.779911830  2416.0543   2  18   0.0079   0.0065   0.0144  -0.0035   0.0038  -0.0003   0.00    1.1
2026/09/06 09:22:13.000   46.274483773    9.779911812  2416.0488   2  18   0.0079   0.0065   0.0144  -0.0035   0.0038  -0.0003   0.00    1.1
2026/09/06 09:22:14.000   46.274483749    9.779911817  2416.0456   2  18   0.0079   0.0065   0.0144  -0.0035   0.0038  -0.0003   0.00    1.1
2026/09/06 09:22:15.000   46.274483693    9.779911791  2416.0414   2  18   0.0079   0.0065   0.0144  -0.0035   0.0038  -0.0003   0.00    1.1
2026/09/06 09:22:16.000   46.274483678    9.779911828  2416.0361   2  18   0.0079   0.0065   0.0144  -0.0035   0.0038  -0.0003   0.00    1.1
2026/09/06 09:22:17.000   46.274483612    9.779911831  2416.0276   2  18   0.0079   0.0065   0.0144  -0.0035   0.0038  -0.0003   0.00    1.1
2026/09/06 09:22:18.000   46.274483580    9.779911828  2416.0238   2  18   0.0079   0.0065   0.0144  -0.0035   0.0038  -0.0003   0.00    1.1
2026/09/06 09:22:19.000   46.274483532    9.779911813  2416.0207   2  18   0.0079   0.0065   0.0143  -0.0035   0.0038  -0.0003   0.00    1.1
2026/09/06 09:22:20.000   46.274483501    9.779911824  2416.0197   2  18   0.0079   0.0065   0.0143  -0.0035   0.0038  -0.0003   0.00    1.1
2026/09/06 09:22:21.000   46.274483483    9.779911819  2416.0186   2  18   0.0079   0.0065   0.0143  -0.0035   0.0038  -0.0003   0.00    1.1
2026/09/06 09:22:22.000   46.274483422    9.779911834  2416.0090   2  18   0.0079   0.0065   0.0143  -0.0035   0.0038  -0.0003   0.00    1.1
2026/09/06 09:22:23.000   46.274483379    9.779911830  2416.0066   2  18   0.0079   0.0065   0.0143  -0.0035   0.0038  -0.0004   0.00    1.1
2026/09/06 09:22:24.000   46.274483340    9.779911847  2415.9957   2  18   0.0079   0.0065   0.0143  -0.0035   0.0038  -0.0004   0.00    1.1
2026/09/06 09:22:25.000   46.274483276    9.779911856  2415.9924   2  18   0.0079   0.0065   0.0143  -0.0035   0.0038  -0.0004   0.00    1.1
2026/09/06 09:22:26.000   46.274483252    9.779911882  2415.9898   2  18   0.0079   0.0065   0.0143  -0.0035   0.0038  -0.0004   0.00    1.1
2026/09/06 09:22:27.000   46.274483227    9.779911894  2415.9848   2  18   0.0079   0.0065   0.0143  -0.0035   0.0038  -0.0004   0.00    1.1
2026/09/06 09:22:28.000   46.274483188    9.779911911  2415.9783   2  18   0.0079   0.0065   0.0143  -0.0035   0.0038  -0.0004   0.00    1.1
2026/09/06 09:22:29.000   46.274483155    9.779911906  2415.9756   2  18   0.0079   0.0065   0.0143  -0.0035   0.0038  -0.0004   0.00    1.1
2026/09/06 09:22:30.000   46.274483114    9.779911925  2415.9719   2  18   0.0079   0.0065   0.0143  -0.0035   0.0038  -0.0004   0.00    1.1
2026/09/06 09:22:31.000   46.274483052    9.779911925  2415.9642   2  18   0.0079   0.0065   0.0143  -0.0035   0.0038  -0.0004   0.00    1.1
2026/09/06 09:22:32.000   46.274483023    9.779911895  2415.9639   2  18   0.0079   0.0065   0.0143  -0.0035   0.0038  -0.0004   0.00    1.1
2026/09/06 09:22:33.000   46.274483000    9.779911903  2415.9601   2  18   0.0079   0.0065   0.0143  -0.0035   0.0038  -0.0004   0.00    1.1
2026/09/06 09:22:34.000   46.274482975    9.779911894  2415.9581   2  18   0.0079   0.0065   0.0143  -0.0035   0.0038  -0.0005   0.00    1.1
2026/09/06 09:22:35.000   46.274482936    9.779911912  2415.9544   2  18   0.0079   0.0065   0.0143  -0.0035   0.0038  -0.0005   0.00    1.1
2026/09/06 09:22:36.000   46.274482880    9.779911933  2415.9476   2  18   0.0078   0.0065   0.0143  -0.0035   0.0038  -0.0005   0.00    1.1
2026/09/06 09:22:37.000   46.274482854    9.779911943  2415.9436   2  18   0.0078   0.0065   0.0143  -0.0035   0.0038  -0.0005   0.00    1.1
2026/09/06 09:22:38.000   46.274482808    9.779911960  2415.9371   2  18   0.0078   0.0065   0.0143  -0.0035   0.0038  -0.0005   0.00    1.1
2026/09/06 09:22:39.000   46.274482774    9.779911948  2415.9340   2  18   0.0078   0.0065   0.0143  -0.0035   0.0038  -0.0005   0.00    1.1
2026/09/06 09:22:40.000   46.274482754    9.779911956  2415.9299   2  18   0.0078   0.0065   0.0143  -0.0035   0.0038  -0.0005   0.00    1.1
2026/09/06 09:22:41.000   46.274482725    9.779911954  2415.9263   2  18   0.0078   0.0065   0.0143  -0.0035   0.0038  -0.0005   0.00    1.1
2026/09/06 09:22:42.000   46.274482717    9.779911945  2415.9252   2  18   0.0078   0.0065   0.0143  -0.0035   0.0038  -0.0005   0.00    1.1
2026/09/06 09:22:43.000   46.274482637    9.779911945  2415.9193   2  18   0.0078   0.0065   0.0143  -0.0035   0.0038  -0.0005   0.00    1.1
2026/09/06 09:22:44.000   46.274482622    9.779911953  2415.9113   2  18   0.0078   0.0065   0.0143  -0.0035   0.0038  -0.0005   0.00    1.1
2026/09/06 09:22:45.000   46.274482580    9.779911965  2415.9071   2  18   0.0078   0.0065   0.0143  -0.0035   0.0038  -0.0006   0.00    1.1
2026/09/06 09:22:46.000   46.274482554    9.779911966  2415.9033   2  18   0.0078   0.0065   0.0143  -0.0035   0.0038  -0.0006   0.00    1.1
2026/09/06 09:22:47.000   46.274482502    9.779911966  2415.8971   2  18   0.0078   0.0065   0.0143  -0.0035   0.0038  -0.0006   0.00    1.2
2026/09/06 09:22:48.000   46.274482475    9.779911956  2415.8920   2  18   0.0078   0.0065   0.0143  -0.0035   0.0038  -0.0006   0.00    1.2
2026/09/06 09:22:49.000   46.274482425    9.779911960  2415.8856   2  18   0.0078   0.0065   0.0143  -0.0035   0.0038  -0.0006   0.00    1.2
2026/09/06 09:22:50.000   46.274482416    9.779911978  2415.8855   2  18   0.0078   0.0065   0.0143  -0.0035   0.0038  -0.0006   0.00    1.2
2026/09/06 09:22:51.000   46.274482361    9.779911973  2415.8788   2  18   0.0078   0.0065   0.0143  -0.0035   0.0038  -0.0006   0.00    1.2
2026/09/06 09:22:52.000   46.274482319    9.779911987  2415.8756   2  18   0.0078   0.0065   0.0143  -0.0035   0.0038  -0.0006   0.00    1.2
2026/09/06 09:22:53.000   46.274482288    9.779911970  2415.8671   2  18   0.0078   0.0065   0.0143  -0.0035   0.0038  -0.0006   0.00    1.2
2026/09/06 09:22:54.000   46.274482264    9.779912011  2415.8662   2  18   0.0078   0.0065   0.0143  -0.0035   0.0038  -0.0006   0.00    1.2
2026/09/06 09:22:55.000   46.274482236    9.779912008  2415.8614   2  18   0.0078   0.0065   0.0143  -0.0035   0.0038  -0.0007   0.00    1.2
2026/09/06 09:22:56.000   46.274482223    9.779912021  2415.8592   2  18   0.0078   0.0065   0.0143  -0.0035   0.0038  -0.0007   0.00    1.2
2026/09/06 09:22:57.000   46.274482163    9.779912017  2415.8525   2  18   0.0078   0.0065   0.0143  -0.0035   0.0038  -0.0007   0.00    1.2
2026/09/06 09:22:58.000   46.274482136    9.779912020  2415.8471   2  18   0.0078   0.0065   0.0143  -0.0035   0.0038  -0.0007   0.00    1.2
2026/09/06 09:22:59.000   46.274482134    9.779912012  2415.8444   2  18   0.0078   0.0065   0.0143  -0.0035   0.0038  -0.0007   0.00    1.2
2026/09/06 09:23:00.000   46.274482101    9.779912022  2415.8393   2  18   0.0078   0.0065   0.0143  -0.0035   0.0038  -0.0007   0.00    1.2
2026/09/06 09:23:01.000   46.274482050    9.779912037  2415.8325   2  18   0.0078   0.0065   0.0143  -0.0035   0.0038  -0.0007   0.00    1.2
2026/09/06 09:23:02.000   46.274482011    9.779912028  2415.8339   2  18   0.0078   0.0065   0.0143  -0.0035   0.0038  -0.0007   0.00    1.2
2026/09/06 09:23:03.000   46.274482003    9.779912021  2415.8301   2  18   0.0078   0.0065   0.0143  -0.0035   0.0038  -0.0007   0.00    1.2
2026/09/06 09:23:04.000   46.274481961    9.779912054  2415.8225   2  18   0.0078   0.0065   0.0143  -0.0035   0.0038  -0.0007   0.00    1.2
2026/09/06 09:23:05.000   46.274481943    9.779912041  2415.8186   2  18   0.0078   0.0065   0.0143  -0.0035   0.0038  -0.0007   0.00    1.2
2026/09/06 09:23:06.000   46.274481917    9.779912065  2415.8156   2  18   0.0077   0.0065   0.0143  -0.0035   0.0038  -0.0008   0.00    1.2
2026/09/06 09:23:07.000   46.274481913    9.779912055  2415.8104   2  18   0.0077   0.0065   0.0143  -0.0035   0.0038  -0.0008   0.00    1.2
2026/09/06 09:23:08.000   46.274481855    9.779912066  2415.8065   2  18   0.0077   0.0065   0.0143  -0.0035   0.0038  -0.0008   0.00    1.2
2026/09/06 09:23:09.000   46.274481813    9.779912069  2415.7966   2  18   0.0077   0.0065   0.0143  -0.0035   0.0038  -0.0008   0.00    1.2
2026/09/06 09:23:10.000   46.274481778    9.779912086  2415.7949   2  18   0.0077   0.0065   0.0143  -0.0035   0.0038  -0.0008   0.00    1.2
2026/09/06 09:23:11.000   46.274481770    9.779912092  2415.7901   2  18   0.0077   0.0065   0.0143  -0.0035   0.0038  -0.0008   0.00    1.2
2026/09/06 09:23:12.000   46.274481732    9.779912099  2415.7857   2  18   0.0077   0.0065   0.0143  -0.0035   0.0038  -0.0008   0.00    1.2
2026/09/06 09:23:13.000   46.274481713    9.779912084  2415.7845   2  18   0.0077   0.0065   0.0143  -0.0035   0.0038  -0.0008   0.00    1.2
2026/09/06 09:23:14.000   46.274481702    9.779912078  2415.7816   2  18   0.0077   0.0065   0.0143  -0.0035   0.0038  -0.0008   0.00    1.2
2026/09/06 09:23:15.000   46.274481669    9.779912094  2415.7781   2  18   0.0077   0.0065   0.0142  -0.0035   0.0038  -0.0008   0.00    1.2
2026/09/06 09:23:16.000   46.274481666    9.779912094  2415.7736   2  18   0.0077   0.0065   0.0142  -0.0035   0.0038  -0.0009   0.00    1.2
2026/09/06 09:23:17.000   46.274481644    9.779912099  2415.7688   2  18   0.0077   0.0065   0.0142  -0.0035   0.0038  -0.0009   0.00    1.2
2026/09/06 09:23:18.000   46.274481599    9.779912111  2415.7640   2  18   0.0077   0.0065   0.0142  -0.0035   0.0038  -0.0009   0.00    1.2
2026/09/06 09:23:19.000   46.274481557    9.779912118  2415.7602   2  18   0.0077   0.0065   0.0142  -0.0035   0.0038  -0.0009   0.00    1.2
2026/09/06 09:23:20.000   46.274481543    9.779912129  2415.7556   2  18   0.0077   0.0065   0.0142  -0.0035   0.0038  -0.0009   0.00    1.2
2026/09/06 09:23:21.000   46.274481527    9.779912138  2415.7533   2  18   0.0077   0.0065   0.0142  -0.0035   0.0038  -0.0009   0.00    1.2
2026/09/06 09:23:22.000   46.274481519    9.779912135  2415.7499   2  18   0.0077   0.0065   0.0142  -0.0035   0.0038  -0.0009   0.00    1.2
2026/09/06 09:23:23.000   46.274481515    9.779912138  2415.7447   2  18   0.0077   0.0065   0.0142  -0.0035   0.0038  -0.0009   0.00    1.2
2026/09/06 09:23:24.000   46.274481506    9.779912145  2415.7440   2  18   0.0077   0.0065   0.0142  -0.0036   0.0038  -0.0009   0.00    1.2
2026/09/06 09:23:25.000   46.274481503    9.779912113  2415.7427   2  18   0.0077   0.0065   0.0142  -0.0036   0.0038  -0.0009   0.00    1.2
2026/09/06 09:23:26.000   46.274481484    9.779912148  2415.7392   2  18   0.0077   0.0065   0.0142  -0.0036   0.0038  -0.0009   0.00    1.2
2026/09/06 09:23:27.000   46.274481456    9.779912173  2415.7340   2  18   0.0077   0.0065   0.0142  -0.0036   0.0038  -0.0010   0.00    1.2
2026/09/06 09:23:28.000   46.274481445    9.779912142  2415.7301   2  18   0.0077   0.0065   0.0142  -0.0036   0.0038  -0.0010   0.00    1.2
2026/09/06 09:23:29.000   46.274481409    9.779912137  2415.7226   2  18   0.0077   0.0065   0.0142  -0.0036   0.0038  -0.0010   0.00    1.2
2026/09/06 09:23:30.000   46.274481370    9.779912142  2415.7194   2  18   0.0076   0.0065   0.0142  -0.0036   0.0038  -0.0010   0.00    1.2
2026/09/06 09:23:31.000   46.274481354    9.779912150  2415.7163   2  18   0.0076   0.0065   0.0142  -0.0036   0.0038  -0.0010   0.00    1.2
2026/09/06 09:23:32.000   46.274481369    9.779912147  2415.7124   2  18   0.0076   0.0065   0.0142  -0.0036   0.0038  -0.0010   0.00    1.2
2026/09/06 09:23:33.000   46.274481381    9.779912150  2415.7121   2  18   0.0076   0.0065   0.0142  -0.0036   0.0038  -0.0010   0.00    1.2
2026/09/06 09:23:34.000   46.274481367    9.779912136  2415.7106   2  18   0.0076   0.0065   0.0142  -0.0036   0.0038  -0.0010   0.00    1.2
2026/09/06 09:23:35.000   46.274481347    9.779912168  2415.7061   2  18   0.0076   0.0065   0.0142  -0.0036   0.0038  -0.0010   0.00    1.1
2026/09/06 09:23:36.000   46.274481300    9.779912183  2415.6970   2  18   0.0076   0.0065   0.0142  -0.0036   0.0038  -0.0010   0.00    1.1
2026/09/06 09:23:37.000   46.274481299    9.779912200  2415.6956   2  18   0.0076   0.0065   0.0142  -0.0036   0.0038  -0.0010   0.00    1.1
2026/09/06 09:23:38.000   46.274481273    9.779912194  2415.6910   2  18   0.0076   0.0065   0.0142  -0.0036   0.0038  -0.0011   0.00    1.1
2026/09/06 09:23:39.000   46.274481286    9.779912215  2415.6894   2  18   0.0076   0.0065   0.0142  -0.0036   0.0038  -0.0011   0.00    1.1
2026/09/06 09:23:40.000   46.274481273    9.779912227  2415.6859   2  18   0.0076   0.0065   0.0142  -0.0036   0.0038  -0.0011   0.00    1.1
2026/09/06 09:23:41.000   46.274481247    9.779912220  2415.6850   2  18   0.0076   0.0065   0.0142  -0.0036   0.0038  -0.0011   0.00    1.1
2026/09/06 09:23:42.000   46.274481234    9.779912220  2415.6780   2  18   0.0076   0.0065   0.0142  -0.0036   0.0038  -0.0011   0.00    1.1
2026/09/06 09:23:43.000   46.274481227    9.779912209  2415.6751   2  18   0.0076   0.0065   0.0142  -0.0036   0.0038  -0.0011   0.00    1.1
2026/09/06 09:23:44.000   46.274481235    9.779912229  2415.6793   2  18   0.0076   0.0065   0.0142  -0.0036   0.0038  -0.0011   0.00    1.1
2026/09/06 09:23:45.000   46.274481214    9.779912212  2415.6726   2  18   0.0076   0.0065   0.0142  -0.0036   0.0038  -0.0011   0.00    1.1
2026/09/06 09:23:46.000   46.274481178    9.779912224  2415.6696   2  18   0.0076   0.0065   0.0142  -0.0036   0.0038  -0.0011   0.00    1.1
2026/09/06 09:23:47.000   46.274481169    9.779912243  2415.6637   2  18   0.0076   0.0065   0.0142  -0.0036   0.0038  -0.0011   0.00    1.1
2026/09/06 09:23:48.000   46.274481195    9.779912251  2415.6649   2  18   0.0076   0.0065   0.0142  -0.0036   0.0038  -0.0011   0.00    1.1
2026/09/06 09:23:49.000   46.274481157    9.779912226  2415.6595   2  18   0.0076   0.0065   0.0142  -0.0036   0.0038  -0.0012   0.00    1.1
2026/09/06 09:23:50.000   46.274481155    9.779912234  2415.6614   2  18   0.0076   0.0065   0.0142  -0.0036   0.0038  -0.0012   0.00    1.1
2026/09/06 09:23:51.000   46.274481139    9.779912242  2415.6580   2  18   0.0076   0.0065   0.0141  -0.0036   0.0038  -0.0012   0.00    1.1
2026/09/06 09:23:52.000   46.274481153    9.779912222  2415.6555   2  18   0.0075   0.0065   0.0141  -0.0036   0.0038  -0.0012   0.00    1.1
2026/09/06 09:23:53.000   46.274481108    9.779912228  2415.6458   2  18   0.0075   0.0065   0.0141  -0.0036   0.0038  -0.0012   0.00    1.1
2026/09/06 09:23:54.000   46.274481111    9.779912224  2415.6473   2  18   0.0075   0.0065   0.0141  -0.0036   0.0038  -0.0012   0.00    1.0
2026/09/06 09:23:55.000   46.274481103    9.779912233  2415.6432   2  18   0.0075   0.0065   0.0141  -0.0036   0.0038  -0.0012   0.00    1.0
2026/09/06 09:23:56.000   46.274481117    9.779912238  2415.6428   2  18   0.0075   0.0065   0.0141  -0.0036   0.0038  -0.0012   0.00    1.0
2026/09/06 09:23:57.000   46.274481093    9.779912266  2415.6403   2  18   0.0075   0.0065   0.0141  -0.0036   0.0038  -0.0012   0.00    1.0
2026/09/06 09:23:58.000   46.274481099    9.779912246  2415.6421   2  18   0.0075   0.0065   0.0141  -0.0036   0.0038  -0.0012   0.00    1.0
2026/09/06 09:23:59.000   46.274481079    9.779912251  2415.6405   2  18   0.0075   0.0065   0.0141  -0.0036   0.0038  -0.0012   0.00    1.0
2026/09/06 09:24:00.000   46.274481052    9.779912279  2415.6306   2  18   0.0075   0.0065   0.0141  -0.0036   0.0038  -0.0012   0.00    1.0
2026/09/06 09:24:01.000   46.274481057    9.779912263  2415.6299   2  18   0.0075   0.0065   0.0141  -0.0036   0.0038  -0.0013   0.00    1.0
2026/09/06 09:24:02.000   46.274481040    9.779912281  2415.6234   2  18   0.0075   0.0065   0.0141  -0.0036   0.0038  -0.0013   0.00    1.0
2026/09/06 09:24:03.000   46.274481033    9.779912280  2415.6196   2  18   0.0075   0.0065   0.0141  -0.0036   0.0038  -0.0013   0.00    1.0
2026/09/06 09:24:04.000   46.274481034    9.779912289  2415.6258   2  18   0.0075   0.0065   0.0141  -0.0036   0.0038  -0.0013   0.00    1.0
2026/09/06 09:24:05.000   46.274481018    9.779912277  2415.6204   2  18   0.0075   0.0065   0.0141  -0.0036   0.0038  -0.0013   0.00    1.0
2026/09/06 09:24:06.000   46.274481017    9.779912294  2415.6203   2  18   0.0075   0.0065   0.0141  -0.0036   0.0038  -0.0013   0.00    1.0
2026/09/06 09:24:07.000   46.274481023    9.779912287  2415.6186   2  18   0.0075   0.0065   0.0141  -0.0036   0.0038  -0.0013   0.00    1.0
2026/09/06 09:24:08.000   46.274481005    9.779912313  2415.6164   2  18   0.0075   0.0065   0.0141  -0.0036   0.0038  -0.0013   0.00    1.0
2026/09/06 09:24:09.000   46.274480978    9.779912305  2415.6106   2  18   0.0075   0.0065   0.0141  -0.0036   0.0038  -0.0013   0.00    1.0
2026/09/06 09:24:10.000   46.274480981    9.779912310  2415.6082   2  18   0.0075   0.0065   0.0141  -0.0036   0.0038  -0.0013   0.00    1.0
2026/09/06 09:24:11.000   46.274480979    9.779912317  2415.6074   2  18   0.0075   0.0065   0.0141  -0.0036   0.0038  -0.0013   0.00    1.0
2026/09/06 09:24:12.000   46.274480970    9.779912353  2415.6057   2  18   0.0074   0.0065   0.0141  -0.0036   0.0038  -0.0013   0.00    1.0
2026/09/06 09:24:13.000   46.274480946    9.779912335  2415.6011   2  18   0.0074   0.0065   0.0141  -0.0036   0.0038  -0.0014   0.00    1.0
2026/09/06 09:24:14.000   46.274480955    9.779912334  2415.5981   2  18   0.0074   0.0065   0.0141  -0.0036   0.0038  -0.0014   0.00    1.0
2026/09/06 09:24:15.000   46.274480935    9.779912353  2415.5960   2  18   0.0074   0.0065   0.0141  -0.0036   0.0038  -0.0014   0.00    1.0
2026/09/06 09:24:16.000   46.274480928    9.779912369  2415.5948   2  18   0.0074   0.0065   0.0141  -0.0036   0.0038  -0.0014   0.00    1.0
2026/09/06 09:24:17.000   46.274480935    9.779912363  2415.5940   2  18   0.0074   0.0065   0.0141  -0.0036   0.0038  -0.0014   0.00    1.0
2026/09/06 09:24:18.000   46.274480949    9.779912334  2415.5921   2  18   0.0074   0.0065   0.0141  -0.0036   0.0038  -0.0014   0.00    1.0
2026/09/06 09:24:19.000   46.274480935    9.779912347  2415.5872   2  18   0.0074   0.0065   0.0141  -0.0036   0.0038  -0.0014   0.00    1.0
2026/09/06 09:24:20.000   46.274480937    9.779912341  2415.5896   2  18   0.0074   0.0065   0.0141  -0.0036   0.0038  -0.0014   0.00    1.0
2026/09/06 09:24:21.000   46.274480928    9.779912339  2415.5838   2  18   0.0074   0.0065   0.0141  -0.0036   0.0038  -0.0014   0.00    1.0
2026/09/06 09:24:22.000   46.274480942    9.779912338  2415.5814   2  18   0.0074   0.0065   0.0140  -0.0036   0.0038  -0.0014   0.00    1.0
2026/09/06 09:24:23.000   46.274480942    9.779912338  2415.5793   2  18   0.0074   0.0065   0.0140  -0.0036   0.0038  -0.0014   0.00    1.0
2026/09/06 09:24:24.000   46.274480955    9.779912338  2415.5818   2  18   0.0074   0.0065   0.0140  -0.0036   0.0038  -0.0014   0.00    1.0
2026/09/06 09:24:25.000   46.274480921    9.779912382  2415.5760   2  18   0.0074   0.0065   0.0140  -0.0036   0.0038  -0.0014   0.00    1.0
2026/09/06 09:24:26.000   46.274480919    9.779912391  2415.5736   2  18   0.0074   0.0065   0.0140  -0.0036   0.0038  -0.0015   0.00    1.0
2026/09/06 09:24:27.000   46.274480930    9.779912402  2415.5714   2  18   0.0074   0.0065   0.0140  -0.0036   0.0038  -0.0015   0.00    1.0
2026/09/06 09:24:28.000   46.274480910    9.779912427  2415.5650   2  18   0.0074   0.0065   0.0140  -0.0036   0.0038  -0.0015   0.00    1.0
2026/09/06 09:24:29.000   46.274480940    9.779912418  2415.5676   2  18   0.0074   0.0065   0.0140  -0.0036   0.0038  -0.0015   0.00    1.0
2026/09/06 09:24:30.000   46.274480937    9.779912410  2415.5667   2  18   0.0074   0.0065   0.0140  -0.0036   0.0038  -0.0015   0.00    1.0
2026/09/06 09:24:31.000   46.274480909    9.779912425  2415.5578   2  18   0.0073   0.0065   0.0140  -0.0036   0.0038  -0.0015   0.00    1.0
2026/09/06 09:24:32.000   46.274480897    9.779912430  2415.5572   2  18   0.0073   0.0065   0.0140  -0.0036   0.0038  -0.0015   0.00    1.0
2026/09/06 09:24:33.000   46.274480903    9.779912425  2415.5554   2  18   0.0073   0.0065   0.0140  -0.0036   0.0038  -0.0015   0.00    1.0
2026/09/06 09:24:34.000   46.274480905    9.779912424  2415.5505   2  18   0.0073   0.0065   0.0140  -0.0036   0.0038  -0.0015   0.00    1.0
2026/09/06 09:24:35.000   46.274480900    9.779912409  2415.5476   2  18   0.0073   0.0065   0.0140  -0.0036   0.0038  -0.0015   0.00    1.0
2026/09/06 09:24:36.000   46.274480896    9.779912411  2415.5467   2  18   0.0073   0.0065   0.0140  -0.0036   0.0038  -0.0015   0.00    1.0
2026/09/06 09:24:37.000   46.274480901    9.779912394  2415.5438   2  18   0.0073   0.0065   0.0140  -0.0036   0.0038  -0.0015   0.00    1.0
2026/09/06 09:24:38.000   46.274480862    9.779912401  2415.5382   2  18   0.0073   0.0065   0.0140  -0.0036   0.0038  -0.0015   0.00    1.0
2026/09/06 09:24:39.000   46.274480882    9.779912418  2415.5379   2  18   0.0073   0.0065   0.0140  -0.0036   0.0038  -0.0015   0.00    1.0
2026/09/06 09:24:40.000   46.274480874    9.779912437  2415.5353   2  18   0.0073   0.0065   0.0140  -0.0036   0.0038  -0.0016   0.00    1.0
2026/09/06 09:24:41.000   46.274480877    9.779912449  2415.5314   2  18   0.0073   0.0065   0.0140  -0.0036   0.0038  -0.0016   0.00    1.0
2026/09/06 09:24:42.000   46.274480885    9.779912440  2415.5333   2  18   0.0073   0.0065   0.0140  -0.0036   0.0038  -0.0016   0.00    1.0
2026/09/06 09:24:43.000   46.274480898    9.779912449  2415.5324   2  18   0.0073   0.0065   0.0140  -0.0036   0.0038  -0.0016   0.00    1.0
2026/09/06 09:24:44.000   46.274480915    9.779912451  2415.5323   2  18   0.0073   0.0065   0.0140  -0.0036   0.0038  -0.0016   0.00    1.0
2026/09/06 09:24:45.000   46.274480903    9.779912466  2415.5245   2  18   0.0073   0.0065   0.0140  -0.0036   0.0038  -0.0016   0.00    1.0
2026/09/06 09:24:46.000   46.274480913    9.779912480  2415.5230   2  18   0.0073   0.0065   0.0140  -0.0036   0.0038  -0.0016   0.00    1.0
2026/09/06 09:24:47.000   46.274480909    9.779912452  2415.5191   2  18   0.0073   0.0065   0.0140  -0.0036   0.0038  -0.0016   0.00    1.0
2026/09/06 09:24:48.000   46.274480921    9.779912460  2415.5227   2  18   0.0073   0.0065   0.0140  -0.0036   0.0038  -0.0016   0.00    1.0
2026/09/06 09:24:49.000   46.274480892    9.779912461  2415.5141   2  18   0.0073   0.0065   0.0140  -0.0036   0.0038  -0.0016   0.00    1.0
2026/09/06 09:24:50.000   46.274480892    9.779912465  2415.5095   2  18   0.0072   0.0065   0.0140  -0.0036   0.0038  -0.0016   0.00    1.0
2026/09/06 09:24:51.000   46.274480894    9.779912457  2415.5123   2  18   0.0072   0.0065   0.0139  -0.0036   0.0038  -0.0016   0.00    1.0
2026/09/06 09:24:52.000   46.274480868    9.779912472  2415.5065   2  18   0.0072   0.0065   0.0139  -0.0036   0.0038  -0.0016   0.00    1.0
2026/09/06 09:24:53.000   46.274480890    9.779912456  2415.5093   2  18   0.0072   0.0065   0.0139  -0.0036   0.0038  -0.0016   0.00    1.0
2026/09/06 09:24:54.000   46.274480878    9.779912489  2415.5071   2  18   0.0072   0.0065   0.0139  -0.0036   0.0038  -0.0016   0.00    1.0
2026/09/06 09:24:55.000   46.274480888    9.779912472  2415.5027   2  18   0.0072   0.0065   0.0139  -0.0036   0.0038  -0.0017   0.00    1.0
2026/09/06 09:24:56.000   46.274480907    9.779912486  2415.5040   2  18   0.0072   0.0065   0.0139  -0.0036   0.0038  -0.0017   0.00    1.0
2026/09/06 09:24:57.000   46.274480905    9.779912476  2415.5019   2  18   0.0072   0.0065   0.0139  -0.0036   0.0038  -0.0017   0.00    1.0
2026/09/06 09:24:58.000   46.274480923    9.779912467  2415.5039   2  18   0.0072   0.0065   0.0139  -0.0036   0.0038  -0.0017   0.00    1.0
2026/09/06 09:24:59.000   46.274480926    9.779912471  2415.5021   2  18   0.0072   0.0065   0.0139  -0.0036   0.0038  -0.0017   0.00    1.0
2026/09/06 09:25:00.000   46.274480947    9.779912478  2415.5014   2  18   0.0072   0.0065   0.0139  -0.0036   0.0038  -0.0017   0.00    1.0
2026/09/06 09:25:01.000   46.274480953    9.779912456  2415.4987   2  18   0.0072   0.0065   0.0139  -0.0036   0.0038  -0.0017   0.00    1.0
2026/09/06 09:25:02.000   46.274480934    9.779912467  2415.4997   2  18   0.0072   0.0065   0.0139  -0.0036   0.0038  -0.0017   0.00    1.0
2026/09/06 09:25:03.000   46.274480912    9.779912477  2415.4948   2  18   0.0072   0.0065   0.0139  -0.0036   0.0038  -0.0017   0.00    1.0
2026/09/06 09:25:04.000   46.274480906    9.779912498  2415.4915   2  18   0.0072   0.0065   0.0139  -0.0036   0.0038  -0.0017   0.00    1.0
2026/09/06 09:25:05.000   46.274480887    9.779912484  2415.4889   2  18   0.0072   0.0065   0.0139  -0.0036   0.0038  -0.0017   0.00    1.0
2026/09/06 09:25:06.000   46.274480909    9.779912491  2415.4881   2  18   0.0072   0.0065   0.0139  -0.0036   0.0038  -0.0017   0.00    1.0
2026/09/06 09:25:07.000   46.274480919    9.779912496  2415.4893   2  18   0.0072   0.0065   0.0139  -0.0036   0.0038  -0.0017   0.00    1.0
2026/09/06 09:25:08.000   46.274480949    9.779912465  2415.4903   2  18   0.0072   0.0065   0.0139  -0.0036   0.0038  -0.0017   0.00    1.0
2026/09/06 09:25:09.000   46.274480927    9.779912489  2415.4860   2  18   0.0071   0.0065   0.0139  -0.0036   0.0038  -0.0017   0.00    1.0
2026/09/06 09:25:10.000   46.274480897    9.779912508  2415.4808   2  18   0.0071   0.0065   0.0139  -0.0036   0.0038  -0.0017   0.00    1.0
2026/09/06 09:25:11.000   46.274480921    9.779912501  2415.4842   2  18   0.0071   0.0065   0.0139  -0.0036   0.0038  -0.0018   0.00    1.0
2026/09/06 09:25:12.000   46.274480920    9.779912509  2415.4805   2  18   0.0071   0.0065   0.0139  -0.0036   0.0038  -0.0018   0.00    1.0
2026/09/06 09:25:13.000   46.274480931    9.779912524  2415.4831   2  18   0.0071   0.0065   0.0139  -0.0036   0.0038  -0.0018   0.00    1.0
2026/09/06 09:25:14.000   46.274480900    9.779912538  2415.4793   2  18   0.0071   0.0065   0.0139  -0.0036   0.0038  -0.0018   0.00    1.0
2026/09/06 09:25:15.000   46.274480918    9.779912522  2415.4799   2  18   0.0071   0.0065   0.0139  -0.0036   0.0038  -0.0018   0.00    1.0
2026/09/06 09:25:16.000   46.274480951    9.779912514  2415.4815   2  18   0.0071   0.0065   0.0139  -0.0036   0.0038  -0.0018   0.00    1.0
2026/09/06 09:25:17.000   46.274480945    9.779912531  2415.4771   2  18   0.0071   0.0065   0.0139  -0.0036   0.0038  -0.0018   0.00    1.0
2026/09/06 09:25:18.000   46.274480947    9.779912511  2415.4790   2  18   0.0071   0.0065   0.0139  -0.0036   0.0038  -0.0018   0.00    1.0
2026/09/06 09:25:19.000   46.274480941    9.779912513  2415.4768   2  18   0.0071   0.0065   0.0139  -0.0036   0.0038  -0.0018   0.00    1.0
2026/09/06 09:25:20.000   46.274480953    9.779912521  2415.4749   2  18   0.0071   0.0065   0.0139  -0.0036   0.0038  -0.0018   0.00    1.0
2026/09/06 09:25:21.000   46.274480956    9.779912509  2415.4742   2  18   0.0071   0.0065   0.0138  -0.0036   0.0038  -0.0018   0.00    1.0
2026/09/06 09:25:22.000   46.274480943    9.779912512  2415.4718   2  18   0.0071   0.0065   0.0138  -0.0036   0.0038  -0.0018   0.00    1.0
2026/09/06 09:25:23.000   46.274480952    9.779912542  2415.4704   2  18   0.0071   0.0065   0.0138  -0.0036   0.0038  -0.0018   0.00    1.0
2026/09/06 09:25:24.000   46.274480966    9.779912509  2415.4704   2  18   0.0071   0.0065   0.0138  -0.0036   0.0038  -0.0018   0.00    1.0
2026/09/06 09:25:25.000   46.274480960    9.779912515  2415.4635   2  18   0.0071   0.0065   0.0138  -0.0036   0.0038  -0.0018   0.00    1.0
2026/09/06 09:25:26.000   46.274480940    9.779912530  2415.4631   2  18   0.0071   0.0065   0.0138  -0.0036   0.0038  -0.0018   0.00    1.0
2026/09/06 09:25:27.000   46.274480954    9.779912503  2415.4602   2  18   0.0071   0.0065   0.0138  -0.0036   0.0038  -0.0018   0.00    1.0
2026/09/06 09:25:28.000   46.274480989    9.779912504  2415.4630   2  18   0.0071   0.0065   0.0138  -0.0036   0.0038  -0.0019   0.00    1.0
2026/09/06 09:25:29.000   46.274480989    9.779912538  2415.4634   2  18   0.0070   0.0065   0.0138  -0.0036   0.0038  -0.0019   0.00    1.0
2026/09/06 09:25:30.000   46.274480982    9.779912515  2415.4643   2  18   0.0070   0.0065   0.0138  -0.0036   0.0038  -0.0019   0.00    1.0
2026/09/06 09:25:31.000   46.274480989    9.779912530  2415.4598   2  18   0.0070   0.0065   0.0138  -0.0036   0.0038  -0.0019   0.00    1.0
2026/09/06 09:25:32.000   46.274480982    9.779912536  2415.4589   2  18   0.0070   0.0065   0.0138  -0.0036   0.0038  -0.0019   0.00    1.0
2026/09/06 09:25:33.000   46.274481005    9.779912542  2415.4535   2  18   0.0070   0.0064   0.0138  -0.0036   0.0038  -0.0019   0.00    1.0
2026/09/06 09:25:34.000   46.274481013    9.779912534  2415.4548   2  18   0.0070   0.0064   0.0138  -0.0036   0.0038  -0.0019   0.00    1.0
2026/09/06 09:25:35.000   46.274481024    9.779912529  2415.4565   2  18   0.0070   0.0064   0.0138  -0.0036   0.0038  -0.0019   0.00    1.0
2026/09/06 09:25:36.000   46.274481004    9.779912513  2415.4588   2  18   0.0070   0.0064   0.0138  -0.0036   0.0038  -0.0019   0.00    1.0
2026/09/06 09:25:37.000   46.274481013    9.779912502  2415.4521   2  18   0.0070   0.0064   0.0138  -0.0036   0.0038  -0.0019   0.00    1.0
2026/09/06 09:25:38.000   46.274481032    9.779912482  2415.4570   2  18   0.0070   0.0064   0.0138  -0.0036   0.0038  -0.0019   0.00    1.0
2026/09/06 09:25:39.000   46.274481037    9.779912482  2415.4548   2  18   0.0070   0.0064   0.0138  -0.0036   0.0038  -0.0019   0.00    1.0
2026/09/06 09:25:40.000   46.274481005    9.779912495  2415.4511   2  18   0.0070   0.0064   0.0138  -0.0036   0.0038  -0.0019   0.00    1.0
2026/09/06 09:25:41.000   46.274481007    9.779912468  2415.4530   2  18   0.0070   0.0064   0.0138  -0.0036   0.0038  -0.0019   0.00    1.0
2026/09/06 09:25:42.000   46.274481013    9.779912475  2415.4501   2  18   0.0070   0.0064   0.0138  -0.0036   0.0038  -0.0019   0.00    1.0
2026/09/06 09:25:43.000   46.274481001    9.779912467  2415.4492   2  18   0.0070   0.0064   0.0138  -0.0036   0.0038  -0.0020   0.00    1.0
2026/09/06 09:25:44.000   46.274481105    9.779912482  2415.4503   2  18   0.0070   0.0064   0.0138  -0.0036   0.0038  -0.0020   0.00    1.0
2026/09/06 09:25:45.000   46.274481344    9.779912464  2415.4532   2  18   0.0070   0.0064   0.0138  -0.0036   0.0038  -0.0020   0.00    1.0
2026/09/06 09:25:46.000   46.274481434    9.779912307  2415.4543   2  18   0.0070   0.0064   0.0138  -0.0036   0.0038  -0.0020   0.00    1.0
2026/09/06 09:25:47.000   46.274481502    9.779912270  2415.4581   2  18   0.0070   0.0064   0.0138  -0.0036   0.0038  -0.0020   0.00    1.0
2026/09/06 09:25:48.000   46.274481441    9.779912375  2415.4562   2  18   0.0070   0.0064   0.0138  -0.0036   0.0038  -0.0020   0.00    1.0
2026/09/06 09:25:49.000   46.274481346    9.779912464  2415.4565   2  18   0.0070   0.0064   0.0138  -0.0036   0.0038  -0.0020   0.00    1.0
2026/09/06 09:25:50.000   46.274481298    9.779912515  2415.4569   2  18   0.0070   0.0064   0.0138  -0.0036   0.0039  -0.0020   0.00    1.0
2026/09/06 09:25:51.000   46.274481259    9.779912541  2415.4606   2  18   0.0069   0.0064   0.0138  -0.0036   0.0039  -0.0020   0.00    1.0
2026/09/06 09:25:52.000   46.274481534    9.779912211  2415.4636   2  18   0.0069   0.0064   0.0138  -0.0036   0.0039  -0.0020   0.00    1.0
2026/09/06 09:25:53.000   46.274481354    9.779912185  2415.4659   2  18   0.0069   0.0064   0.0138  -0.0036   0.0039  -0.0021   0.00    1.0
2026/09/06 09:25:54.000   46.274481619    9.779912035  2415.4715   2  18   0.0069   0.0065   0.0138  -0.0036   0.0039  -0.0021   0.00    1.0
2026/09/06 09:25:55.000   46.274480790    9.779911687  2415.5127   2  18   0.0069   0.0065   0.0138  -0.0036   0.0039  -0.0021   0.00    1.0
2026/09/06 09:25:56.000   46.274479001    9.779912571  2415.5293   2  18   0.0069   0.0065   0.0138  -0.0036   0.0039  -0.0021   0.00    1.0
2026/09/06 09:25:57.000   46.274479852    9.779909919  2415.5462   2  18   0.0069   0.0065   0.0138  -0.0036   0.0039  -0.0021   0.00    1.0
2026/09/06 09:25:58.000   46.274480262    9.779910265  2415.5497   2  18   0.0069   0.0065   0.0138  -0.0036   0.0039  -0.0021   0.00    1.0
2026/09/06 09:25:59.000   46.274480450    9.779910314  2415.5512   2  18   0.0069   0.0065   0.0139  -0.0036   0.0039  -0.0022   0.00    1.0
2026/09/06 09:26:00.000   46.274480309    9.779909496  2415.5640   2  18   0.0069   0.0065   0.0139  -0.0036   0.0039  -0.0022   0.00    1.0
2026/09/06 09:26:01.000   46.274480022    9.779904249  2415.6497   2  18   0.0069   0.0065   0.0139  -0.0037   0.0040  -0.0023   0.00    1.0
2026/09/06 09:26:02.000   46.274480454    9.779897518  2415.7674   2  18   0.0069   0.0065   0.0140  -0.0037   0.0040  -0.0023   0.00    1.0
2026/09/06 09:26:03.000   46.274479282    9.779894813  2415.8598   2  18   0.0069   0.0066   0.0141  -0.0037   0.0042  -0.0026   0.00    1.0
2026/09/06 09:26:04.000   46.274479438    9.779895220  2415.7741   2  18   0.0070   0.0066   0.0141  -0.0037   0.0041  -0.0025   0.00    1.1
2026/09/06 09:26:05.000   46.274480928    9.779896207  2415.7530   2  18   0.0070   0.0065   0.0141  -0.0036   0.0041  -0.0025   0.00    1.1
2026/09/06 09:26:06.000   46.274481774    9.779897118  2415.7070   2  18   0.0070   0.0066   0.0141  -0.0037   0.0041  -0.0025   0.00    1.1
2026/09/06 09:26:07.000   46.274482456    9.779898780  2415.7218   2  18   0.0070   0.0066   0.0142  -0.0036   0.0042  -0.0025   0.00    1.0
2026/09/06 09:26:08.000   46.274480686    9.779898211  2415.6325   2  18   0.0070   0.0066   0.0143  -0.0036   0.0042  -0.0027   0.00    1.0
2026/09/06 09:26:09.000   46.274479930    9.779895645  2415.6767   2  18   0.0070   0.0066   0.0144  -0.0037   0.0043  -0.0028   0.00    1.0
2026/09/06 09:26:10.000   46.274476195    9.779896252  2415.5368   2  18   0.0070   0.0066   0.0142  -0.0037   0.0042  -0.0027   0.00    1.0
2026/09/06 09:26:11.000   46.274477135    9.779894396  2415.4975   2  18   0.0070   0.0066   0.0144  -0.0036   0.0042  -0.0027   0.00    1.0
2026/09/06 09:26:12.000   46.274476034    9.779893364  2414.9898   2  18   0.0070   0.0066   0.0143  -0.0037   0.0042  -0.0027   0.00    1.0
2026/09/06 09:26:13.000   46.274476258    9.779890992  2414.5951   2  18   0.0069   0.0066   0.0144  -0.0037   0.0042  -0.0028   0.00    1.0
2026/09/06 09:26:14.000   46.274477124    9.779888374  2414.5239   2  18   0.0069   0.0066   0.0145  -0.0037   0.0043  -0.0029   0.00    1.0
2026/09/06 09:26:15.000   46.274476983    9.779887763  2414.5921   2  18   0.0070   0.0066   0.0146  -0.0038   0.0044  -0.0031   0.00    1.0
2026/09/06 09:26:16.000   46.274476744    9.779888912  2414.5767   2  18   0.0069   0.0066   0.0146  -0.0038   0.0044  -0.0031   0.00    1.0
2026/09/06 09:26:17.000   46.274476386    9.779890430  2414.9302   2  18   0.0069   0.0066   0.0148  -0.0038   0.0043  -0.0031   0.00    1.0
2026/09/06 09:26:18.000   46.274475287    9.779889370  2415.2261   2  18   0.0070   0.0067   0.0155  -0.0039   0.0048  -0.0038   0.00    1.0
2026/09/06 09:26:19.000   46.274475553    9.779894354  2414.7581   2  17   0.0068   0.0062   0.0136  -0.0034   0.0029  -0.0010   0.00    1.0
2026/09/06 09:26:20.000   46.274477180    9.779891702  2414.6822   2  16   0.0068   0.0065   0.0141  -0.0036   0.0040  -0.0021   0.00    1.0
2026/09/06 09:26:21.000   46.274477039    9.779890326  2414.7400   2  17   0.0068   0.0063   0.0137  -0.0034   0.0031  -0.0014   0.00    1.0
2026/09/06 09:26:22.000   46.274476902    9.779889625  2414.6098   2  17   0.0068   0.0064   0.0139  -0.0035   0.0034  -0.0018   0.00    1.0
2026/09/06 09:26:23.000   46.274477654    9.779888251  2414.5184   2  17   0.0069   0.0066   0.0143  -0.0037   0.0041  -0.0024   0.00    1.0
2026/09/06 09:26:24.000   46.274481093    9.779880750  2413.4447   2  16   0.0072   0.0078   0.0166  -0.0048   0.0071  -0.0049   0.00    1.0
2026/09/06 09:26:25.000   46.274483312    9.779882232  2404.7003   2  16   0.0089   0.0088   0.0256  -0.0060   0.0095  -0.0080   0.00    1.0
2026/09/06 09:26:26.000   46.274484404    9.779877849  2407.4847   2  16   0.0082   0.0085   0.0237  -0.0057   0.0089  -0.0075   0.00    1.0
2026/09/06 09:26:27.000   46.274485840    9.779873696  2408.4368   2  15   0.0080   0.0085   0.0225  -0.0056   0.0087  -0.0073   0.00    1.1
2026/09/06 09:26:28.000   46.274488178    9.779863378  2411.8507   2  16   0.0078   0.0087   0.0188  -0.0057   0.0082  -0.0061   0.00    1.2
2026/09/06 09:26:29.000   46.274472481    9.779901194  2411.7142   2  11   0.0124   0.0078   0.0202  -0.0060   0.0026  -0.0027   0.00    1.1
2026/09/06 09:26:30.000   46.274463071    9.779883874  2413.8068   2  17   0.0180   0.0072   0.0194  -0.0036   0.0020   0.0141   0.00    1.0
2026/09/06 09:26:31.000   46.274475015    9.779876840  2414.6111   2  17   0.0179   0.0074   0.0191  -0.0043   0.0013   0.0137   0.00    1.0
2026/09/06 09:26:32.000   46.274505982    9.779843723  2417.2766   2  14   0.0188   0.0092   0.0208  -0.0071  -0.0049   0.0152   0.00    1.0
2026/09/06 09:26:33.000   46.274509956    9.779816145  2420.6450   2   8   0.0334   0.0155   0.0520  -0.0175  -0.0226   0.0374   0.00    1.2
2026/09/06 09:26:34.000   46.274507290    9.779818113  2420.3182   2   9   0.0628   0.0209   0.0624  -0.0314  -0.0326   0.0601   0.00    2.0
2026/09/06 09:26:35.000   46.274520020    9.779847969  2418.1677   2   8   0.0219   0.0121   0.0250  -0.0079  -0.0109   0.0173   0.00    0.0
2026/09/06 09:26:36.000   46.274529870    9.779880335  2418.5581   2  11   0.0248   0.0081   0.0229   0.0034   0.0059   0.0194   0.00    1.2
2026/09/06 09:26:37.000   46.274532858    9.779885984  2417.2490   2   5   0.0281   0.0083   0.0233   0.0046   0.0046   0.0198   0.00    0.0
2026/09/06 09:26:38.000   46.274561543    9.779883673  2427.0040   5   2   0.5604   0.0903   0.5833   0.1949  -0.1752   0.1725   0.00    0.0
2026/09/06 09:26:39.000   46.274593956    9.779849252  2434.4516   5   2   2.1799   0.6365   2.2324   0.7679  -0.6537   0.5353   0.00    0.0
2026/09/06 09:26:40.000   46.274625792    9.779928596  2445.9747   5   2   4.9653   2.2516   5.1797   1.6290  -1.4381   1.0028   0.00    0.0
2026/09/06 09:26:41.000   46.274607232    9.780055866  2455.2437   5   2   7.4918   4.9927   9.0879   1.5060  -2.4508  -0.5135   0.00    0.0
2026/09/06 09:26:42.000   46.274476013    9.780219036  2446.0981   5   2   6.5179   7.8536  11.3212  -4.0005  -2.9227  -2.6933   0.00    0.0
2026/09/06 09:26:47.000   46.274492009    9.779891699  2414.2740   1   8   0.0146   0.0156   0.0267  -0.0106   0.0173  -0.0054   0.00    4.7
2026/09/06 09:26:48.000   46.274501339    9.779837810  2420.1670   2  18   0.0085   0.0068   0.0156  -0.0025  -0.0021   0.0062   0.00    1.1
2026/09/06 09:26:49.000   46.274501908    9.779836666  2420.2750   2  15   0.0077   0.0067   0.0148  -0.0027  -0.0023   0.0049   0.00    1.1
2026/09/06 09:26:50.000   46.274502660    9.779840370  2420.8272   2  18   0.0077   0.0066   0.0146  -0.0028  -0.0020   0.0049   0.00    1.0
2026/09/06 09:26:51.000   46.274492707    9.779835939  2421.2227   2  17   0.0071   0.0066   0.0144  -0.0026  -0.0018   0.0038   0.00    1.0
2026/09/06 09:26:52.000   46.274494938    9.779833571  2420.7024   2  17   0.0067   0.0066   0.0142  -0.0027  -0.0013   0.0023   0.00    1.2
2026/09/06 09:26:53.000   46.274497568    9.779838022  2420.3390   2  18   0.0066   0.0064   0.0137  -0.0027  -0.0007   0.0028   0.00    1.1
2026/09/06 09:26:54.000   46.274498215    9.779841999  2420.4045   2  18   0.0066   0.0063   0.0138  -0.0027   0.0013   0.0027   0.00    1.0
2026/09/06 09:26:55.000   46.274498940    9.779845785  2420.4958   2  18   0.0066   0.0062   0.0133  -0.0026  -0.0004   0.0033   0.00    1.0
2026/09/06 09:26:56.000   46.274498163    9.779845355  2420.5970   2  18   0.0066   0.0063   0.0132  -0.0026   0.0010   0.0034   0.00    1.0
2026/09/06 09:26:57.000   46.274498254    9.779847942  2420.4501   2  18   0.0066   0.0062   0.0131  -0.0027   0.0005   0.0033   0.00    1.1
2026/09/06 09:26:58.000   46.274499813    9.779847536  2420.4628   2  18   0.0065   0.0062   0.0130  -0.0027  -0.0006   0.0033   0.00    1.0
2026/09/06 09:26:59.000   46.274501552    9.779845512  2420.4875   2  18   0.0065   0.0061   0.0130  -0.0027  -0.0004   0.0033   0.00    1.0
2026/09/06 09:27:00.000   46.274499836    9.779833436  2420.4015   2  18   0.0065   0.0061   0.0130  -0.0027  -0.0003   0.0033   0.00    1.2
2026/09/06 09:27:01.000   46.274498631    9.779825418  2420.4149   2  18   0.0065   0.0061   0.0130  -0.0027  -0.0002   0.0033   0.00    1.1
2026/09/06 09:27:02.000   46.274497921    9.779816601  2420.5432   2  18   0.0065   0.0061   0.0130  -0.0027  -0.0005   0.0033   0.00    1.0
2026/09/06 09:27:03.000   46.274498519    9.779819720  2420.2685   2  18   0.0065   0.0061   0.0130  -0.0027  -0.0009   0.0033   0.00    1.0
2026/09/06 09:27:04.000   46.274498818    9.779820325  2420.3197   2  18   0.0065   0.0061   0.0130  -0.0027  -0.0004   0.0033   0.00    1.1
2026/09/06 09:27:05.000   46.274499094    9.779820756  2420.3473   2  18   0.0065   0.0061   0.0130  -0.0028   0.0003   0.0033   0.00    1.1
2026/09/06 09:27:06.000   46.274498966    9.779821214  2420.3561   2  18   0.0065   0.0061   0.0129  -0.0028   0.0005   0.0033   0.00    1.1
2026/09/06 09:27:07.000   46.274498318    9.779820274  2420.3811   2  18   0.0065   0.0060   0.0129  -0.0028   0.0006   0.0034   0.00    1.0
2026/09/06 09:27:08.000   46.274498309    9.779820172  2420.3912   2  18   0.0065   0.0060   0.0129  -0.0028   0.0007   0.0034   0.00    1.1
2026/09/06 09:27:09.000   46.274498727    9.779819542  2420.3991   2  18   0.0066   0.0060   0.0129  -0.0028   0.0007   0.0034   0.00    1.2
2026/09/06 09:27:10.000   46.274499111    9.779822586  2420.3868   2  18   0.0066   0.0060   0.0129  -0.0028   0.0008   0.0034   0.00    1.1
2026/09/06 09:27:11.000   46.274499385    9.779824518  2420.3983   2  18   0.0066   0.0060   0.0129  -0.0028   0.0008   0.0034   0.00    1.1
2026/09/06 09:27:12.000   46.274499743    9.779825320  2420.3903   2  18   0.0066   0.0060   0.0129  -0.0028   0.0008   0.0034   0.00    1.0
2026/09/06 09:27:13.000   46.274498982    9.779825902  2420.4086   2  18   0.0066   0.0060   0.0129  -0.0028   0.0008   0.0034   0.00    1.1
2026/09/06 09:27:14.000   46.274499095    9.779826026  2420.3973   2  18   0.0066   0.0060   0.0129  -0.0028   0.0009   0.0034   0.00    1.0
2026/09/06 09:27:15.000   46.274499544    9.779825822  2420.3901   2  18   0.0066   0.0060   0.0129  -0.0028   0.0009   0.0034   0.00    1.1
2026/09/06 09:27:16.000   46.274499542    9.779826228  2420.3978   2  18   0.0066   0.0060   0.0129  -0.0028   0.0009   0.0034   0.00    1.1
2026/09/06 09:27:17.000   46.274499935    9.779825899  2420.3886   2  18   0.0066   0.0060   0.0129  -0.0028   0.0009   0.0034   0.00    1.1
2026/09/06 09:27:18.000   46.274500028    9.779825811  2420.3982   2  18   0.0066   0.0060   0.0129  -0.0028   0.0010   0.0034   0.00    1.1
2026/09/06 09:27:19.000   46.274500002    9.779825857  2420.4017   2  18   0.0066   0.0060   0.0129  -0.0028   0.0010   0.0034   0.00    1.0
2026/09/06 09:27:20.000   46.274499724    9.779825566  2420.4095   2  18   0.0066   0.0060   0.0129  -0.0028   0.0010   0.0034   0.00    1.0
2026/09/06 09:27:21.000   46.274500069    9.779826226  2420.4298   2  18   0.0066   0.0060   0.0130  -0.0028   0.0010   0.0034   0.00    1.0
2026/09/06 09:27:22.000   46.274500364    9.779827132  2420.4307   2  18   0.0066   0.0060   0.0130  -0.0028   0.0011   0.0034   0.00    1.1
2026/09/06 09:27:23.000   46.274500221    9.779826373  2420.4180   2  18   0.0066   0.0060   0.0130  -0.0028   0.0011   0.0034   0.00    1.1
2026/09/06 09:27:24.000   46.274498886    9.779818163  2420.4391   2  18   0.0066   0.0060   0.0130  -0.0028   0.0011   0.0034   0.00    1.1
2026/09/06 09:27:25.000   46.274496019    9.779808878  2420.4631   2  18   0.0066   0.0060   0.0130  -0.0028   0.0012   0.0034   0.00    1.1
2026/09/06 09:27:26.000   46.274494825    9.779796887  2420.5823   2  18   0.0067   0.0060   0.0130  -0.0028   0.0012   0.0033   0.00    1.0
2026/09/06 09:27:27.000   46.274491599    9.779789183  2420.9944   2  18   0.0066   0.0061   0.0131  -0.0029   0.0011   0.0033   0.00    1.1
2026/09/06 09:27:28.000   46.274492122    9.779784199  2421.2527   2  18   0.0066   0.0061   0.0132  -0.0029   0.0009   0.0033   0.00    1.0
2026/09/06 09:27:29.000   46.274492136    9.779775567  2421.6014   2  18   0.0066   0.0061   0.0134  -0.0029   0.0017   0.0031   0.00    1.1
2026/09/06 09:27:30.000   46.274491585    9.779766583  2421.9046   2  18   0.0066   0.0061   0.0136  -0.0029   0.0018   0.0030   0.00    1.0
2026/09/06 09:27:31.000   46.274489398    9.779759357  2422.2001   2  18   0.0066   0.0060   0.0134  -0.0029   0.0014   0.0032   0.00    1.0
2026/09/06 09:27:32.000   46.274488902    9.779753222  2422.5634   2  18   0.0066   0.0060   0.0135  -0.0029   0.0018   0.0031   0.00    1.0
2026/09/06 09:27:33.000   46.274485432    9.779746140  2422.7090   2  18   0.0066   0.0060   0.0133  -0.0029   0.0012   0.0033   0.00    1.0
2026/09/06 09:27:34.000   46.274481923    9.779738271  2423.0095   2  18   0.0066   0.0060   0.0132  -0.0029   0.0013   0.0033   0.00    1.0
2026/09/06 09:27:35.000   46.274477093    9.779731108  2423.4653   2  18   0.0066   0.0060   0.0133  -0.0029   0.0014   0.0033   0.00    1.0
2026/09/06 09:27:36.000   46.274472177    9.779726455  2423.8251   2  18   0.0067   0.0060   0.0135  -0.0029   0.0018   0.0031   0.00    1.0
2026/09/06 09:27:37.000   46.274466710    9.779721333  2423.7836   2  17   0.0066   0.0060   0.0133  -0.0028   0.0003   0.0033   0.00    1.0
2026/09/06 09:27:38.000   46.274460333    9.779716276  2424.0688   2  18   0.0066   0.0060   0.0133  -0.0028  -0.0008   0.0033   0.00    1.0
2026/09/06 09:27:39.000   46.274456916    9.779713605  2424.1745   2  18   0.0066   0.0060   0.0132  -0.0028  -0.0002   0.0034   0.00    1.0
2026/09/06 09:27:40.000   46.274450595    9.779707903  2424.3145   2  18   0.0066   0.0060   0.0131  -0.0029   0.0009   0.0035   0.00    1.0
2026/09/06 09:27:41.000   46.274442997    9.779702442  2424.4811   2  18   0.0066   0.0060   0.0131  -0.0029   0.0011   0.0035   0.00    1.0
2026/09/06 09:27:42.000   46.274436332    9.779694243  2424.6730   2  18   0.0066   0.0060   0.0132  -0.0029   0.0012   0.0034   0.00    1.0
2026/09/06 09:27:43.000   46.274431656    9.779686341  2424.7573   2  18   0.0067   0.0060   0.0132  -0.0029   0.0014   0.0034   0.00    1.0
2026/09/06 09:27:44.000   46.274424964    9.779679112  2424.7754   2  18   0.0067   0.0060   0.0134  -0.0029   0.0018   0.0032   0.00    1.0
2026/09/06 09:27:45.000   46.274418400    9.779669643  2424.8960   2  18   0.0067   0.0060   0.0132  -0.0028   0.0008   0.0035   0.00    1.0
2026/09/06 09:27:46.000   46.274412819    9.779661983  2425.0797   2  18   0.0067   0.0060   0.0131  -0.0029   0.0008   0.0036   0.00    1.0
2026/09/06 09:27:47.000   46.274407575    9.779659155  2425.2489   2  18   0.0067   0.0060   0.0130  -0.0029   0.0009   0.0036   0.00    1.1
2026/09/06 09:27:48.000   46.274400685    9.779655559  2425.4158   2  18   0.0067   0.0060   0.0130  -0.0029   0.0009   0.0036   0.00    1.1
2026/09/06 09:27:49.000   46.274396766    9.779656661  2425.5052   2  18   0.0067   0.0060   0.0130  -0.0029   0.0009   0.0036   0.00    1.0
2026/09/06 09:27:50.000   46.274391449    9.779655982  2425.8239   2  18   0.0067   0.0060   0.0130  -0.0029   0.0009   0.0037   0.00    1.0
2026/09/06 09:27:51.000   46.274387139    9.779661472  2425.9105   2  18   0.0067   0.0060   0.0130  -0.0029   0.0009   0.0037   0.00    1.0
2026/09/06 09:27:52.000   46.274379617    9.779662189  2426.0462   2  18   0.0067   0.0060   0.0130  -0.0029   0.0009   0.0037   0.00    1.1
2026/09/06 09:27:53.000   46.274374981    9.779658169  2426.3023   2  18   0.0067   0.0060   0.0131  -0.0029   0.0008   0.0037   0.00    1.0
2026/09/06 09:27:54.000   46.274372976    9.779652959  2426.5258   2  18   0.0067   0.0060   0.0131  -0.0029   0.0005   0.0037   0.00    1.0
2026/09/06 09:27:55.000   46.274376886    9.779647364  2426.5397   2  18   0.0067   0.0060   0.0131  -0.0029  -0.0006   0.0038   0.00    1.0
2026/09/06 09:27:56.000   46.274377959    9.779640233  2426.7538   2  18   0.0068   0.0060   0.0131  -0.0029   0.0005   0.0038   0.00    1.0
2026/09/06 09:27:57.000   46.274379976    9.779633674  2426.9587   2  18   0.0068   0.0060   0.0131  -0.0029   0.0007   0.0039   0.00    1.0
2026/09/06 09:27:58.000   46.274380416    9.779625263  2427.2722   2  18   0.0069   0.0060   0.0131  -0.0029   0.0007   0.0040   0.00    1.0
2026/09/06 09:27:59.000   46.274381721    9.779618390  2427.5868   2  18   0.0069   0.0060   0.0131  -0.0029   0.0007   0.0041   0.00    1.0
2026/09/06 09:28:00.000   46.274384616    9.779611272  2427.8719   2  18   0.0071   0.0060   0.0132  -0.0030   0.0005   0.0044   0.00    1.0
2026/09/06 09:28:01.000   46.274387712    9.779604279  2428.4186   2  18   0.0075   0.0060   0.0134  -0.0031  -0.0007   0.0050   0.00    1.0
2026/09/06 09:28:02.000   46.274383303    9.779597646  2427.7320   2  18   0.0066   0.0060   0.0130  -0.0029   0.0009   0.0036   0.00    1.1
2026/09/06 09:28:03.000   46.274381558    9.779590218  2428.0245   2  18   0.0066   0.0060   0.0130  -0.0028   0.0010   0.0036   0.00    1.1
2026/09/06 09:28:04.000   46.274376833    9.779586297  2428.2768   2  18   0.0066   0.0060   0.0130  -0.0028   0.0010   0.0036   0.00    1.1
2026/09/06 09:28:05.000   46.274371029    9.779584253  2428.5035   2  18   0.0066   0.0060   0.0130  -0.0028   0.0011   0.0036   0.00    1.1
2026/09/06 09:28:06.000   46.274366823    9.779584809  2428.8321   2  18   0.0066   0.0060   0.0130  -0.0028   0.0011   0.0036   0.00    1.1
2026/09/06 09:28:07.000   46.274362090    9.779582161  2429.1205   2  18   0.0067   0.0060   0.0130  -0.0028   0.0011   0.0036   0.00    1.0
2026/09/06 09:28:08.000   46.274358184    9.779582339  2429.3294   2  18   0.0067   0.0060   0.0130  -0.0029   0.0011   0.0036   0.00    1.0
2026/09/06 09:28:09.000   46.274354154    9.779578215  2429.5582   2  18   0.0067   0.0060   0.0130  -0.0029   0.0011   0.0036   0.00    1.0
2026/09/06 09:28:10.000   46.274351832    9.779573794  2429.8640   2  18   0.0067   0.0060   0.0130  -0.0029   0.0011   0.0036   0.00    1.1
2026/09/06 09:28:11.000   46.274350949    9.779569259  2430.1829   2  18   0.0067   0.0060   0.0130  -0.0029   0.0011   0.0036   0.00    1.1
2026/09/06 09:28:12.000   46.274346496    9.779561894  2430.3558   2  18   0.0067   0.0060   0.0130  -0.0028   0.0010   0.0037   0.00    1.0
2026/09/06 09:28:13.000   46.274341860    9.779560826  2430.6268   2  18   0.0067   0.0060   0.0130  -0.0028   0.0011   0.0037   0.00    1.0
2026/09/06 09:28:14.000   46.274337292    9.779555576  2430.8423   2  18   0.0067   0.0060   0.0130  -0.0028   0.0011   0.0037   0.00    1.0
2026/09/06 09:28:15.000   46.274333208    9.779550889  2431.1125   2  18   0.0067   0.0060   0.0130  -0.0028   0.0011   0.0037   0.00    1.0
2026/09/06 09:28:16.000   46.274328713    9.779548489  2431.2779   2  18   0.0067   0.0060   0.0130  -0.0028   0.0012   0.0037   0.00    1.0
2026/09/06 09:28:17.000   46.274324690    9.779539921  2431.4169   2  18   0.0067   0.0060   0.0130  -0.0028   0.0012   0.0037   0.00    1.1
2026/09/06 09:28:18.000   46.274319716    9.779532968  2431.6449   2  18   0.0067   0.0060   0.0130  -0.0028   0.0012   0.0037   0.00    1.1
2026/09/06 09:28:19.000   46.274313716    9.779528482  2431.8450   2  18   0.0067   0.0060   0.0131  -0.0028   0.0011   0.0037   0.00    1.1
2026/09/06 09:28:20.000   46.274310169    9.779521362  2431.9219   2  18   0.0067   0.0060   0.0131  -0.0028   0.0008   0.0036   0.00    1.0
2026/09/06 09:28:21.000   46.274305824    9.779516909  2432.0947   2  18   0.0067   0.0060   0.0130  -0.0028   0.0010   0.0037   0.00    1.0
2026/09/06 09:28:22.000   46.274301098    9.779511580  2432.2522   2  18   0.0067   0.0060   0.0130  -0.0028   0.0011   0.0037   0.00    1.0
2026/09/06 09:28:23.000   46.274298691    9.779505539  2432.5003   2  18   0.0067   0.0060   0.0130  -0.0028   0.0011   0.0037   0.00    1.0
2026/09/06 09:28:24.000   46.274297261    9.779500103  2432.7320   2  18   0.0067   0.0060   0.0130  -0.0028   0.0011   0.0037   0.00    1.0
2026/09/06 09:28:25.000   46.274298115    9.779494636  2433.0213   2  18   0.0067   0.0060   0.0130  -0.0028   0.0012   0.0037   0.00    1.0
2026/09/06 09:28:26.000   46.274298016    9.779488383  2433.2029   2  18   0.0067   0.0060   0.0130  -0.0028   0.0012   0.0037   0.00    1.0
2026/09/06 09:28:27.000   46.274298243    9.779481416  2433.4668   2  18   0.0067   0.0060   0.0130  -0.0028   0.0012   0.0037   0.00    1.0
2026/09/06 09:28:28.000   46.274299924    9.779472709  2433.7074   2  18   0.0067   0.0060   0.0130  -0.0028   0.0012   0.0037   0.00    1.0
2026/09/06 09:28:29.000   46.274299545    9.779463873  2433.9320   2  19   0.0067   0.0060   0.0130  -0.0028   0.0012   0.0037   0.00    1.0
2026/09/06 09:28:30.000   46.274299747    9.779453301  2434.0965   2  19   0.0067   0.0060   0.0130  -0.0028   0.0012   0.0037   0.00    1.0
2026/09/06 09:28:31.000   46.274300695    9.779444874  2434.4214   2  19   0.0067   0.0060   0.0130  -0.0028   0.0012   0.0037   0.00    1.0
2026/09/06 09:28:32.000   46.274298992    9.779438053  2434.8016   2  19   0.0067   0.0060   0.0130  -0.0028   0.0012   0.0037   0.00    1.0
2026/09/06 09:28:33.000   46.274300313    9.779433255  2434.9968   2  19   0.0067   0.0060   0.0130  -0.0028   0.0012   0.0037   0.00    1.0
2026/09/06 09:28:34.000   46.274298258    9.779426210  2435.3214   2  19   0.0067   0.0060   0.0131  -0.0028   0.0011   0.0037   0.00    1.1
2026/09/06 09:28:35.000   46.274298663    9.779422720  2435.2855   2  19   0.0067   0.0060   0.0131  -0.0028   0.0007   0.0037   0.00    1.2
2026/09/06 09:28:36.000   46.274295208    9.779419165  2435.3749   2  18   0.0067   0.0060   0.0131  -0.0028   0.0010   0.0037   0.00    1.2
2026/09/06 09:28:37.000   46.274294430    9.779411563  2435.6219   2  18   0.0068   0.0060   0.0131  -0.0028   0.0011   0.0037   0.00    1.2
2026/09/06 09:28:38.000   46.274287782    9.779406339  2435.6540   2  18   0.0068   0.0060   0.0131  -0.0028   0.0012   0.0036   0.00    1.1
2026/09/06 09:28:39.000   46.274284145    9.779402043  2436.0751   2  18   0.0067   0.0060   0.0131  -0.0028   0.0010   0.0037   0.00    1.0
2026/09/06 09:28:40.000   46.274285253    9.779399564  2436.2041   2  19   0.0067   0.0060   0.0131  -0.0028   0.0011   0.0038   0.00    1.0
2026/09/06 09:28:41.000   46.274283367    9.779394073  2436.2423   2  18   0.0067   0.0061   0.0131  -0.0028   0.0016   0.0037   0.00    1.0
2026/09/06 09:28:42.000   46.274282770    9.779394233  2436.3859   2  19   0.0067   0.0060   0.0130  -0.0028   0.0012   0.0038   0.00    1.1
2026/09/06 09:28:43.000   46.274284789    9.779388004  2436.4547   2  19   0.0067   0.0060   0.0130  -0.0028   0.0012   0.0038   0.00    1.1
2026/09/06 09:28:44.000   46.274285194    9.779379228  2436.7108   2  19   0.0067   0.0060   0.0130  -0.0028   0.0012   0.0038   0.00    1.1
2026/09/06 09:28:45.000   46.274288242    9.779376593  2437.0454   2  18   0.0067   0.0060   0.0131  -0.0028   0.0013   0.0037   0.00    1.1
2026/09/06 09:28:46.000   46.274288482    9.779369702  2437.1440   2  19   0.0067   0.0060   0.0130  -0.0028   0.0013   0.0038   0.00    1.1
2026/09/06 09:28:47.000   46.274290349    9.779360408  2437.3691   2  17   0.0068   0.0061   0.0134  -0.0029   0.0021   0.0035   0.00    1.1
2026/09/06 09:28:48.000   46.274289552    9.779352415  2437.5694   2  17   0.0068   0.0061   0.0134  -0.0029   0.0021   0.0035   0.00    1.1
2026/09/06 09:28:49.000   46.274290874    9.779346756  2437.9066   2  17   0.0068   0.0061   0.0134  -0.0029   0.0021   0.0035   0.00    1.1
2026/09/06 09:28:50.000   46.274293144    9.779346551  2438.1689   2  18   0.0068   0.0061   0.0134  -0.0029   0.0021   0.0036   0.00    1.2
2026/09/06 09:28:51.000   46.274295899    9.779346218  2438.2450   2  18   0.0068   0.0061   0.0134  -0.0029   0.0021   0.0036   0.00    1.2
2026/09/06 09:28:52.000   46.274299311    9.779344855  2438.5481   2  18   0.0068   0.0061   0.0134  -0.0029   0.0021   0.0036   0.00    1.2
2026/09/06 09:28:53.000   46.274301976    9.779341279  2438.7752   2  18   0.0068   0.0061   0.0131  -0.0029   0.0017   0.0038   0.00    1.2
2026/09/06 09:28:54.000   46.274302761    9.779342912  2438.8354   2  18   0.0068   0.0061   0.0131  -0.0029   0.0018   0.0038   0.00    1.2
2026/09/06 09:28:55.000   46.274301473    9.779341975  2438.8762   2  19   0.0068   0.0060   0.0131  -0.0028   0.0014   0.0038   0.00    1.1
2026/09/06 09:28:56.000   46.274300642    9.779342217  2438.8566   2  19   0.0068   0.0060   0.0131  -0.0028   0.0014   0.0038   0.00    1.1
2026/09/06 09:28:57.000   46.274301620    9.779344254  2438.8488   2  19   0.0068   0.0060   0.0131  -0.0028   0.0014   0.0038   0.00    1.1
2026/09/06 09:28:58.000   46.274301467    9.779344296  2438.8384   2  19   0.0068   0.0060   0.0131  -0.0028   0.0015   0.0038   0.00    1.1
2026/09/06 09:28:59.000   46.274300315    9.779343368  2438.8376   2  19   0.0068   0.0060   0.0131  -0.0028   0.0015   0.0038   0.00    1.2
2026/09/06 09:29:00.000   46.274300595    9.779343025  2438.8478   2  19   0.0068   0.0060   0.0131  -0.0028   0.0015   0.0038   0.00    1.2
2026/09/06 09:29:01.000   46.274300552    9.779343109  2438.8425   2  18   0.0068   0.0060   0.0131  -0.0028   0.0016   0.0038   0.00    1.1
2026/09/06 09:29:02.000   46.274300246    9.779343561  2438.8443   2  18   0.0068   0.0060   0.0132  -0.0028   0.0016   0.0038   0.00    1.1
2026/09/06 09:29:03.000   46.274299857    9.779343928  2438.8432   2  18   0.0068   0.0060   0.0132  -0.0028   0.0017   0.0038   0.00    1.0
2026/09/06 09:29:04.000   46.274301320    9.779341896  2438.8498   2  18   0.0068   0.0060   0.0132  -0.0028   0.0017   0.0038   0.00    1.0
2026/09/06 09:29:05.000   46.274305730    9.779339428  2438.9331   2  18   0.0068   0.0062   0.0133  -0.0029   0.0022   0.0038   0.00    1.0
2026/09/06 09:29:06.000   46.274306935    9.779336912  2438.9337   2  18   0.0068   0.0062   0.0134  -0.0029   0.0025   0.0038   0.00    1.0
2026/09/06 09:29:07.000   46.274314337    9.779338151  2439.2033   2  18   0.0069   0.0062   0.0133  -0.0029   0.0022   0.0037   0.00    1.0
2026/09/06 09:29:08.000   46.274317104    9.779333789  2439.7150   2  18   0.0069   0.0063   0.0134  -0.0029   0.0019   0.0037   0.00    1.0
2026/09/06 09:29:09.000   46.274319213    9.779335995  2440.0326   2  18   0.0068   0.0062   0.0133  -0.0028   0.0017   0.0038   0.00    1.0
2026/09/06 09:29:10.000   46.274321895    9.779330887  2440.3534   2  19   0.0068   0.0060   0.0132  -0.0028   0.0014   0.0039   0.00    1.0
2026/09/06 09:29:11.000   46.274321554    9.779328951  2440.4878   2  19   0.0068   0.0060   0.0132  -0.0028   0.0014   0.0039   0.00    1.0
2026/09/06 09:29:12.000   46.274322000    9.779330825  2440.4956   2  19   0.0068   0.0060   0.0132  -0.0028   0.0015   0.0039   0.00    1.0
2026/09/06 09:29:13.000   46.274321786    9.779330961  2440.4926   2  19   0.0068   0.0060   0.0132  -0.0028   0.0015   0.0039   0.00    1.0
2026/09/06 09:29:14.000   46.274322509    9.779329642  2440.5023   2  19   0.0068   0.0060   0.0132  -0.0028   0.0015   0.0039   0.00    1.0
2026/09/06 09:29:15.000   46.274321212    9.779329132  2440.5083   2  19   0.0068   0.0060   0.0132  -0.0028   0.0015   0.0039   0.00    1.0
2026/09/06 09:29:16.000   46.274321396    9.779326034  2440.5147   2  19   0.0068   0.0060   0.0132  -0.0028   0.0015   0.0039   0.00    1.0
2026/09/06 09:29:17.000   46.274322447    9.779317367  2440.6678   2  19   0.0068   0.0060   0.0132  -0.0028   0.0015   0.0039   0.00    1.1
2026/09/06 09:29:18.000   46.274322823    9.779314232  2440.9042   2  19   0.0068   0.0060   0.0132  -0.0028   0.0016   0.0039   0.00    1.1
2026/09/06 09:29:19.000   46.274322790    9.779314470  2440.9358   2  19   0.0068   0.0060   0.0132  -0.0028   0.0016   0.0039   0.00    1.1
2026/09/06 09:29:20.000   46.274321598    9.779311924  2440.9602   2  19   0.0069   0.0060   0.0132  -0.0028   0.0016   0.0040   0.00    1.1
2026/09/06 09:29:21.000   46.274320738    9.779312300  2441.0327   2  19   0.0069   0.0060   0.0132  -0.0029   0.0016   0.0040   0.00    1.1
2026/09/06 09:29:22.000   46.274320588    9.779310965  2441.0608   2  19   0.0069   0.0060   0.0133  -0.0029   0.0016   0.0040   0.00    1.1
2026/09/06 09:29:23.000   46.274320501    9.779311390  2441.0810   2  19   0.0069   0.0060   0.0133  -0.0029   0.0017   0.0040   0.00    1.1
2026/09/06 09:29:24.000   46.274320214    9.779312779  2441.1305   2  19   0.0069   0.0060   0.0134  -0.0029   0.0017   0.0040   0.00    1.1
2026/09/06 09:29:25.000   46.274321126    9.779309825  2441.2155   2  19   0.0070   0.0061   0.0135  -0.0029   0.0017   0.0040   0.00    1.1
2026/09/06 09:29:26.000   46.274319669    9.779302075  2440.9851   2  19   0.0070   0.0061   0.0136  -0.0029   0.0017   0.0040   0.00    1.0
2026/09/06 09:29:27.000   46.274315525    9.779297188  2441.0233   2  19   0.0071   0.0061   0.0137  -0.0030   0.0022   0.0040   0.00    1.0
2026/09/06 09:29:28.000   46.274313138    9.779285937  2441.0377   2  18   0.0072   0.0062   0.0141  -0.0031   0.0026   0.0041   0.00    1.2
2026/09/06 09:29:29.000   46.274309022    9.779279631  2441.2469   2  17   0.0076   0.0062   0.0144  -0.0032   0.0025   0.0047   0.00    1.2
2026/09/06 09:29:30.000   46.274296040    9.779270780  2440.1751   2  16   0.0070   0.0062   0.0141  -0.0031   0.0027   0.0036   0.00    1.2
2026/09/06 09:29:31.000   46.274291665    9.779265588  2440.3835   2  16   0.0070   0.0062   0.0141  -0.0031   0.0027   0.0036   0.00    1.2
2026/09/06 09:29:32.000   46.274285786    9.779257729  2440.4121   2  16   0.0070   0.0062   0.0141  -0.0031   0.0028   0.0036   0.00    1.2
2026/09/06 09:29:33.000   46.274280668    9.779243813  2440.4601   2  16   0.0071   0.0062   0.0141  -0.0031   0.0028   0.0037   0.00    1.2
2026/09/06 09:29:34.000   46.274279468    9.779233639  2440.8169   2  16   0.0071   0.0062   0.0141  -0.0031   0.0029   0.0038   0.00    1.2
2026/09/06 09:29:35.000   46.274280159    9.779224968  2441.0859   2  16   0.0073   0.0063   0.0143  -0.0033   0.0030   0.0039   0.00    1.1
2026/09/06 09:29:36.000   46.274281969    9.779220380  2441.7179   2  16   0.0076   0.0063   0.0144  -0.0032   0.0027   0.0047   0.00    1.0
2026/09/06 09:29:37.000   46.274277090    9.779215627  2441.1579   2  16   0.0069   0.0062   0.0141  -0.0030   0.0028   0.0035   0.00    1.0
2026/09/06 09:29:38.000   46.274281073    9.779210445  2441.5920   2  16   0.0069   0.0062   0.0140  -0.0030   0.0028   0.0035   0.00    1.0
2026/09/06 09:29:39.000   46.274280941    9.779202765  2441.8578   2  16   0.0069   0.0062   0.0140  -0.0030   0.0028   0.0035   0.00    1.0
2026/09/06 09:29:40.000   46.274285511    9.779196832  2442.0435   2  16   0.0069   0.0062   0.0140  -0.0030   0.0028   0.0035   0.00    1.0
2026/09/06 09:29:41.000   46.274286427    9.779192818  2442.2899   2  16   0.0069   0.0062   0.0140  -0.0030   0.0028   0.0035   0.00    1.0
2026/09/06 09:29:42.000   46.274286757    9.779186789  2442.5544   2  16   0.0070   0.0062   0.0140  -0.0030   0.0028   0.0035   0.00    1.0
2026/09/06 09:29:43.000   46.274282075    9.779179299  2442.7462   2  16   0.0070   0.0062   0.0140  -0.0030   0.0028   0.0035   0.00    1.0
2026/09/06 09:29:44.000   46.274281372    9.779170995  2442.9609   2  16   0.0070   0.0062   0.0140  -0.0030   0.0028   0.0036   0.00    1.0
2026/09/06 09:29:45.000   46.274285929    9.779165594  2443.1340   2  16   0.0070   0.0062   0.0140  -0.0030   0.0028   0.0036   0.00    1.1
2026/09/06 09:29:46.000   46.274285206    9.779165893  2443.4176   2  16   0.0070   0.0062   0.0141  -0.0030   0.0028   0.0037   0.00    1.1
2026/09/06 09:29:47.000   46.274286603    9.779160466  2443.5758   2  16   0.0071   0.0062   0.0141  -0.0030   0.0028   0.0037   0.00    1.1
2026/09/06 09:29:48.000   46.274285103    9.779154658  2443.8546   2  16   0.0071   0.0062   0.0141  -0.0031   0.0028   0.0039   0.00    1.1
2026/09/06 09:29:49.000   46.274284023    9.779147451  2444.0315   2  16   0.0073   0.0062   0.0142  -0.0031   0.0028   0.0041   0.00    1.1
2026/09/06 09:29:50.000   46.274282672    9.779140359  2444.4495   2  16   0.0076   0.0062   0.0144  -0.0032   0.0026   0.0047   0.00    1.1
2026/09/06 09:29:51.000   46.274280239    9.779134347  2444.2196   2  15   0.0072   0.0062   0.0142  -0.0031   0.0028   0.0040   0.00    1.0
2026/09/06 09:29:52.000   46.274274992    9.779128532  2444.0751   2  16   0.0069   0.0062   0.0141  -0.0030   0.0029   0.0035   0.00    1.0
2026/09/06 09:29:53.000   46.274276646    9.779126736  2444.4603   2  16   0.0069   0.0062   0.0140  -0.0030   0.0029   0.0034   0.00    1.0
2026/09/06 09:29:54.000   46.274279702    9.779121647  2444.7502   2  16   0.0069   0.0062   0.0140  -0.0030   0.0029   0.0034   0.00    1.0
2026/09/06 09:29:55.000   46.274280169    9.779122358  2444.9279   2  16   0.0069   0.0062   0.0140  -0.0030   0.0029   0.0034   0.00    1.0
2026/09/06 09:29:56.000   46.274278639    9.779120043  2444.9231   2  16   0.0069   0.0062   0.0140  -0.0030   0.0030   0.0034   0.00    1.0
2026/09/06 09:29:57.000   46.274277002    9.779116001  2444.8746   2  16   0.0069   0.0062   0.0141  -0.0030   0.0030   0.0034   0.00    1.0
2026/09/06 09:29:58.000   46.274275200    9.779108395  2445.1869   2  16   0.0069   0.0062   0.0141  -0.0030   0.0030   0.0033   0.00    1.0
2026/09/06 09:29:59.000   46.274273850    9.779103316  2445.4822   2  16   0.0069   0.0062   0.0141  -0.0030   0.0030   0.0033   0.00    1.0
2026/09/06 09:30:00.000   46.274275534    9.779102699  2445.5882   2  16   0.0069   0.0063   0.0141  -0.0030   0.0031   0.0033   0.00    1.0
2026/09/06 09:30:01.000   46.274275280    9.779093495  2445.7480   2  16   0.0070   0.0063   0.0143  -0.0030   0.0033   0.0031   0.00    1.0
2026/09/06 09:30:02.000   46.274271881    9.779090061  2445.9746   2  16   0.0069   0.0064   0.0144  -0.0029   0.0028   0.0031   0.00    1.1
2026/09/06 09:30:03.000   46.274269392    9.779089709  2446.2238   2  16   0.0069   0.0064   0.0142  -0.0029   0.0026   0.0033   0.00    1.0
2026/09/06 09:30:04.000   46.274268233    9.779084864  2446.4460   2  16   0.0069   0.0063   0.0141  -0.0029   0.0028   0.0033   0.00    1.0
2026/09/06 09:30:05.000   46.274267366    9.779082947  2446.6529   2  16   0.0069   0.0063   0.0141  -0.0029   0.0028   0.0034   0.00    1.1
2026/09/06 09:30:06.000   46.274268052    9.779082346  2446.7169   2  16   0.0069   0.0062   0.0141  -0.0029   0.0029   0.0034   0.00    1.1
2026/09/06 09:30:07.000   46.274267867    9.779081387  2446.7325   2  16   0.0069   0.0062   0.0141  -0.0029   0.0029   0.0034   0.00    1.1
2026/09/06 09:30:08.000   46.274266605    9.779080778  2446.7487   2  16   0.0069   0.0062   0.0141  -0.0029   0.0029   0.0034   0.00    1.1
2026/09/06 09:30:09.000   46.274266354    9.779080028  2446.7659   2  16   0.0069   0.0062   0.0141  -0.0029   0.0029   0.0034   0.00    1.2
2026/09/06 09:30:10.000   46.274266893    9.779081510  2446.7762   2  16   0.0069   0.0062   0.0141  -0.0029   0.0029   0.0034   0.00    1.2
2026/09/06 09:30:11.000   46.274266975    9.779082329  2446.7686   2  16   0.0069   0.0062   0.0141  -0.0029   0.0029   0.0034   0.00    1.2
2026/09/06 09:30:12.000   46.274266568    9.779082152  2446.7822   2  16   0.0069   0.0062   0.0141  -0.0029   0.0029   0.0034   0.00    1.3
2026/09/06 09:30:13.000   46.274266300    9.779082004  2446.7866   2  16   0.0069   0.0062   0.0141  -0.0029   0.0029   0.0034   0.00    1.3
2026/09/06 09:30:14.000   46.274267452    9.779079432  2446.7812   2  16   0.0069   0.0062   0.0141  -0.0029   0.0030   0.0034   0.00    1.3
2026/09/06 09:30:15.000   46.274270094    9.779076834  2446.9895   2  16   0.0069   0.0062   0.0141  -0.0029   0.0030   0.0033   0.00    1.3
2026/09/06 09:30:16.000   46.274270928    9.779069770  2447.2110   2  16   0.0069   0.0062   0.0141  -0.0029   0.0030   0.0033   0.00    1.3
2026/09/06 09:30:17.000   46.274272452    9.779066427  2447.4888   2  16   0.0070   0.0062   0.0142  -0.0029   0.0030   0.0032   0.00    1.3
2026/09/06 09:30:18.000   46.274271560    9.779061429  2447.5112   2  16   0.0069   0.0062   0.0142  -0.0029   0.0027   0.0033   0.00    1.1
2026/09/06 09:30:19.000   46.274278255    9.779059815  2447.7404   2  16   0.0069   0.0062   0.0141  -0.0029   0.0028   0.0033   0.00    1.0
2026/09/06 09:30:20.000   46.274283132    9.779061419  2448.0076   2  16   0.0069   0.0062   0.0141  -0.0029   0.0029   0.0034   0.00    1.0
2026/09/06 09:30:21.000   46.274286536    9.779064583  2448.1345   2  16   0.0069   0.0062   0.0141  -0.0029   0.0029   0.0034   0.00    1.1
2026/09/06 09:30:22.000   46.274294087    9.779064822  2448.3760   2  16   0.0069   0.0062   0.0141  -0.0029   0.0029   0.0034   0.00    1.1
2026/09/06 09:30:23.000   46.274301161    9.779069217  2448.5285   2  17   0.0069   0.0062   0.0138  -0.0029   0.0026   0.0037   0.00    1.0
2026/09/06 09:30:24.000   46.274304523    9.779074012  2448.7525   2  17   0.0069   0.0062   0.0138  -0.0029   0.0026   0.0037   0.00    1.0
2026/09/06 09:30:25.000   46.274306353    9.779078584  2448.7463   2  17   0.0068   0.0061   0.0135  -0.0028   0.0023   0.0038   0.00    1.0
2026/09/06 09:30:26.000   46.274309416    9.779090161  2448.8899   2  18   0.0068   0.0061   0.0134  -0.0028   0.0022   0.0039   0.00    1.0
2026/09/06 09:30:27.000   46.274313966    9.779094554  2449.0436   2  18   0.0068   0.0061   0.0134  -0.0028   0.0022   0.0039   0.00    1.0
2026/09/06 09:30:28.000   46.274318070    9.779097331  2449.1659   2  18   0.0068   0.0061   0.0134  -0.0028   0.0022   0.0039   0.00    1.0
2026/09/06 09:30:29.000   46.274320929    9.779096987  2449.4127   2  18   0.0069   0.0062   0.0136  -0.0029   0.0026   0.0037   0.00    1.1
2026/09/06 09:30:30.000   46.274325639    9.779098806  2449.6053   2  18   0.0068   0.0061   0.0134  -0.0028   0.0022   0.0039   0.00    1.0
2026/09/06 09:30:31.000   46.274330727    9.779099847  2449.6784   2  18   0.0068   0.0061   0.0134  -0.0028   0.0023   0.0039   0.00    1.0
2026/09/06 09:30:32.000   46.274333300    9.779098959  2449.8853   2  18   0.0068   0.0061   0.0134  -0.0028   0.0023   0.0039   0.00    1.0
2026/09/06 09:30:33.000   46.274332543    9.779098638  2449.9008   2  18   0.0068   0.0061   0.0134  -0.0028   0.0023   0.0039   0.00    1.0
2026/09/06 09:30:34.000   46.274333212    9.779102282  2449.8524   2  18   0.0068   0.0061   0.0134  -0.0028   0.0024   0.0039   0.00    1.0
2026/09/06 09:30:35.000   46.274339896    9.779104223  2449.7804   2  18   0.0068   0.0062   0.0135  -0.0028   0.0025   0.0038   0.00    1.0
2026/09/06 09:30:36.000   46.274347225    9.779105811  2450.0330   2  18   0.0069   0.0062   0.0137  -0.0029   0.0028   0.0037   0.00    1.1
2026/09/06 09:30:37.000   46.274349174    9.779105072  2449.9926   2  18   0.0068   0.0061   0.0135  -0.0028   0.0023   0.0039   0.00    1.0
2026/09/06 09:30:38.000   46.274347223    9.779106133  2450.0079   2  18   0.0068   0.0061   0.0134  -0.0028   0.0022   0.0040   0.00    1.0
2026/09/06 09:30:39.000   46.274347220    9.779105658  2450.0059   2  18   0.0068   0.0061   0.0133  -0.0028   0.0022   0.0040   0.00    1.0
2026/09/06 09:30:40.000   46.274347136    9.779106685  2450.0026   2  18   0.0068   0.0061   0.0133  -0.0028   0.0022   0.0040   0.00    1.1
2026/09/06 09:30:41.000   46.274346600    9.779107861  2449.8970   2  18   0.0068   0.0061   0.0133  -0.0028   0.0022   0.0040   0.00    1.1
2026/09/06 09:30:42.000   46.274346491    9.779110938  2449.7592   2  18   0.0068   0.0061   0.0133  -0.0028   0.0022   0.0040   0.00    1.1
2026/09/06 09:30:43.000   46.274344469    9.779114125  2449.4651   2  18   0.0068   0.0061   0.0133  -0.0028   0.0022   0.0040   0.00    1.1
2026/09/06 09:30:44.000   46.274341711    9.779121350  2449.2273   2  18   0.0068   0.0061   0.0133  -0.0028   0.0022   0.0040   0.00    1.1
2026/09/06 09:30:45.000   46.274338032    9.779124291  2448.9172   2  18   0.0068   0.0061   0.0133  -0.0028   0.0022   0.0040   0.00    1.1
2026/09/06 09:30:46.000   46.274334237    9.779127539  2448.9500   2  18   0.0068   0.0061   0.0133  -0.0028   0.0022   0.0040   0.00    1.1
2026/09/06 09:30:47.000   46.274332025    9.779127828  2448.9944   2  18   0.0068   0.0061   0.0133  -0.0028   0.0022   0.0040   0.00    1.1
2026/09/06 09:30:48.000   46.274329874    9.779127717  2449.0149   2  18   0.0068   0.0061   0.0133  -0.0028   0.0022   0.0040   0.00    1.1
2026/09/06 09:30:49.000   46.274329164    9.779127300  2449.0374   2  18   0.0068   0.0061   0.0133  -0.0028   0.0022   0.0040   0.00    1.1
2026/09/06 09:30:50.000   46.274329834    9.779128939  2448.9971   2  18   0.0068   0.0061   0.0133  -0.0028   0.0022   0.0040   0.00    1.1
2026/09/06 09:30:51.000   46.274331151    9.779128394  2449.0262   2  18   0.0068   0.0061   0.0133  -0.0028   0.0023   0.0040   0.00    1.1
2026/09/06 09:30:52.000   46.274330976    9.779128858  2449.0125   2  18   0.0068   0.0061   0.0133  -0.0028   0.0023   0.0040   0.00    1.0
2026/09/06 09:30:53.000   46.274330592    9.779129388  2448.9936   2  18   0.0068   0.0061   0.0133  -0.0028   0.0023   0.0040   0.00    1.0
2026/09/06 09:30:54.000   46.274330589    9.779129689  2448.9896   2  18   0.0068   0.0061   0.0133  -0.0028   0.0023   0.0040   0.00    1.0
2026/09/06 09:30:55.000   46.274329355    9.779127667  2449.0053   2  18   0.0068   0.0061   0.0133  -0.0028   0.0023   0.0040   0.00    1.0
2026/09/06 09:30:56.000   46.274330738    9.779127829  2448.9964   2  18   0.0068   0.0061   0.0133  -0.0028   0.0023   0.0040   0.00    1.0
2026/09/06 09:30:57.000   46.274330157    9.779126907  2449.0223   2  18   0.0068   0.0061   0.0133  -0.0028   0.0023   0.0040   0.00    1.0
2026/09/06 09:30:58.000   46.274329257    9.779128857  2449.0301   2  18   0.0068   0.0061   0.0133  -0.0028   0.0023   0.0040   0.00    1.0
2026/09/06 09:30:59.000   46.274330515    9.779129697  2449.0150   2  18   0.0068   0.0061   0.0133  -0.0028   0.0023   0.0040   0.00    1.0
2026/09/06 09:31:00.000   46.274331079    9.779128287  2449.0184   2  18   0.0068   0.0061   0.0133  -0.0028   0.0023   0.0040   0.00    1.0
2026/09/06 09:31:01.000   46.274329932    9.779128991  2449.0373   2  18   0.0069   0.0061   0.0133  -0.0028   0.0023   0.0040   0.00    1.0
2026/09/06 09:31:02.000   46.274329162    9.779129932  2449.0364   2  18   0.0069   0.0061   0.0133  -0.0028   0.0023   0.0041   0.00    1.0
2026/09/06 09:31:03.000   46.274329606    9.779129536  2449.0654   2  18   0.0069   0.0061   0.0133  -0.0028   0.0023   0.0041   0.00    1.0
2026/09/06 09:31:04.000   46.274329967    9.779128856  2449.0504   2  18   0.0069   0.0061   0.0133  -0.0028   0.0023   0.0041   0.00    1.0
2026/09/06 09:31:05.000   46.274329720    9.779128644  2449.0849   2  18   0.0069   0.0061   0.0133  -0.0028   0.0023   0.0041   0.00    1.1
2026/09/06 09:31:06.000   46.274329269    9.779128523  2449.0996   2  18   0.0069   0.0061   0.0134  -0.0028   0.0023   0.0041   0.00    1.1
2026/09/06 09:31:07.000   46.274329588    9.779129644  2449.0932   2  18   0.0069   0.0061   0.0134  -0.0028   0.0023   0.0042   0.00    1.1
2026/09/06 09:31:08.000   46.274329773    9.779129274  2449.1326   2  18   0.0070   0.0061   0.0134  -0.0028   0.0023   0.0043   0.00    1.1
2026/09/06 09:31:09.000   46.274330625    9.779129549  2449.2069   2  18   0.0071   0.0061   0.0135  -0.0029   0.0022   0.0044   0.00    1.1
2026/09/06 09:31:10.000   46.274331686    9.779123859  2449.4479   2  18   0.0073   0.0061   0.0136  -0.0030   0.0021   0.0048   0.00    1.1
2026/09/06 09:31:11.000   46.274327109    9.779113686  2449.2258   2  18   0.0074   0.0061   0.0138  -0.0030   0.0019   0.0051   0.00    1.1
2026/09/06 09:31:12.000   46.274329420    9.779101525  2449.4985   2  18   0.0074   0.0061   0.0138  -0.0030   0.0019   0.0051   0.00    1.1
2026/09/06 09:31:13.000   46.274330588    9.779093458  2449.9081   2  18   0.0074   0.0062   0.0138  -0.0030   0.0019   0.0051   0.00    1.1
2026/09/06 09:31:14.000   46.274324544    9.779089090  2449.6329   2  18   0.0069   0.0061   0.0135  -0.0028   0.0023   0.0041   0.00    1.1
2026/09/06 09:31:15.000   46.274322641    9.779091215  2449.6665   2  18   0.0068   0.0061   0.0134  -0.0028   0.0023   0.0040   0.00    1.1
2026/09/06 09:31:16.000   46.274321588    9.779094058  2449.5281   2  18   0.0068   0.0062   0.0134  -0.0028   0.0023   0.0040   0.00    1.2
2026/09/06 09:31:17.000   46.274320258    9.779091260  2449.4865   2  18   0.0068   0.0061   0.0134  -0.0028   0.0023   0.0039   0.00    1.2
2026/09/06 09:31:18.000   46.274317500    9.779093615  2449.0978   2  18   0.0068   0.0062   0.0135  -0.0028   0.0022   0.0039   0.00    1.2
2026/09/06 09:31:19.000   46.274315017    9.779092496  2449.0020   2  18   0.0068   0.0062   0.0134  -0.0028   0.0023   0.0039   0.00    1.2
2026/09/06 09:31:20.000   46.274313109    9.779096004  2449.0283   2  18   0.0068   0.0061   0.0134  -0.0028   0.0024   0.0039   0.00    1.2
2026/09/06 09:31:21.000   46.274311664    9.779093162  2448.9595   2  18   0.0068   0.0061   0.0134  -0.0028   0.0024   0.0039   0.00    1.2
2026/09/06 09:31:22.000   46.274309145    9.779086641  2448.6576   2  18   0.0068   0.0061   0.0134  -0.0028   0.0025   0.0038   0.00    1.2
2026/09/06 09:31:23.000   46.274305788    9.779082550  2448.5575   2  18   0.0068   0.0062   0.0135  -0.0028   0.0023   0.0038   0.00    1.0
2026/09/06 09:31:24.000   46.274303260    9.779070266  2448.5910   2  18   0.0068   0.0062   0.0135  -0.0028   0.0025   0.0038   0.00    1.0
2026/09/06 09:31:25.000   46.274300771    9.779065713  2448.6932   2  18   0.0068   0.0062   0.0135  -0.0028   0.0026   0.0038   0.00    1.0
2026/09/06 09:31:26.000   46.274296547    9.779057055  2448.7356   2  17   0.0068   0.0062   0.0136  -0.0029   0.0028   0.0037   0.00    1.0
2026/09/06 09:31:27.000   46.274295546    9.779056058  2448.6925   2  17   0.0068   0.0062   0.0138  -0.0029   0.0029   0.0036   0.00    1.0
2026/09/06 09:31:28.000   46.274294873    9.779056360  2448.7115   2  17   0.0068   0.0062   0.0139  -0.0029   0.0031   0.0035   0.00    1.0
2026/09/06 09:31:29.000   46.274294724    9.779055953  2448.6561   2  17   0.0068   0.0062   0.0137  -0.0028   0.0028   0.0037   0.00    1.1
2026/09/06 09:31:30.000   46.274294756    9.779056441  2448.6625   2  17   0.0068   0.0062   0.0137  -0.0028   0.0028   0.0037   0.00    1.1
2026/09/06 09:31:31.000   46.274294789    9.779056259  2448.6702   2  17   0.0068   0.0062   0.0137  -0.0028   0.0028   0.0037   0.00    1.1
2026/09/06 09:31:32.000   46.274295225    9.779056605  2448.6860   2  17   0.0068   0.0062   0.0137  -0.0028   0.0028   0.0037   0.00    1.1
2026/09/06 09:31:33.000   46.274295456    9.779056015  2448.6651   2  17   0.0068   0.0062   0.0137  -0.0029   0.0028   0.0037   0.00    1.1
2026/09/06 09:31:34.000   46.274295669    9.779056317  2448.6687   2  17   0.0068   0.0062   0.0137  -0.0029   0.0028   0.0037   0.00    1.1
2026/09/06 09:31:35.000   46.274295740    9.779056774  2448.6762   2  17   0.0068   0.0062   0.0137  -0.0029   0.0028   0.0037   0.00    1.1
2026/09/06 09:31:36.000   46.274295521    9.779056666  2448.6735   2  17   0.0068   0.0062   0.0137  -0.0029   0.0029   0.0037   0.00    1.1
2026/09/06 09:31:37.000   46.274295740    9.779055905  2448.6672   2  17   0.0068   0.0062   0.0138  -0.0029   0.0029   0.0037   0.00    1.1
2026/09/06 09:31:38.000   46.274295692    9.779055904  2448.6809   2  17   0.0068   0.0062   0.0138  -0.0029   0.0030   0.0036   0.00    1.1
2026/09/06 09:31:39.000   46.274295455    9.779055816  2448.7108   2  17   0.0069   0.0062   0.0140  -0.0029   0.0032   0.0035   0.00    1.1
2026/09/06 09:31:40.000   46.274295381    9.779048533  2448.7494   2  16   0.0069   0.0062   0.0142  -0.0030   0.0032   0.0034   0.00    1.0
2026/09/06 09:31:41.000   46.274292083    9.779046365  2448.7869   2  16   0.0069   0.0062   0.0142  -0.0030   0.0032   0.0035   0.00    1.0
2026/09/06 09:31:42.000   46.274292084    9.779044926  2448.8264   2  16   0.0069   0.0062   0.0142  -0.0030   0.0032   0.0035   0.00    1.0
2026/09/06 09:31:43.000   46.274291009    9.779042859  2448.8148   2  16   0.0069   0.0062   0.0142  -0.0030   0.0032   0.0035   0.00    1.0
2026/09/06 09:31:44.000   46.274287553    9.779036429  2448.9092   2  16   0.0070   0.0062   0.0142  -0.0030   0.0032   0.0036   0.00    1.0
2026/09/06 09:31:45.000   46.274288274    9.779034851  2449.1180   2  16   0.0070   0.0062   0.0143  -0.0030   0.0032   0.0038   0.00    1.0
2026/09/06 09:31:46.000   46.274287198    9.779030073  2449.2490   2  16   0.0072   0.0063   0.0144  -0.0031   0.0031   0.0042   0.00    1.0
2026/09/06 09:31:47.000   46.274285210    9.779027020  2448.8454   2  16   0.0074   0.0063   0.0146  -0.0032   0.0030   0.0046   0.00    1.0
2026/09/06 09:31:48.000   46.274279915    9.779024185  2448.4759   2  16   0.0069   0.0062   0.0143  -0.0030   0.0032   0.0036   0.00    1.0
2026/09/06 09:31:49.000   46.274275272    9.779015704  2448.7866   2  16   0.0068   0.0062   0.0142  -0.0030   0.0033   0.0034   0.00    1.0
2026/09/06 09:31:50.000   46.274274562    9.779009400  2449.1703   2  16   0.0068   0.0062   0.0142  -0.0030   0.0033   0.0034   0.00    1.0
2026/09/06 09:31:51.000   46.274273844    9.779005763  2449.2966   2  16   0.0068   0.0062   0.0142  -0.0030   0.0033   0.0033   0.00    1.1
2026/09/06 09:31:52.000   46.274274577    9.779001618  2449.3837   2  16   0.0068   0.0063   0.0142  -0.0030   0.0034   0.0033   0.00    1.0
2026/09/06 09:31:53.000   46.274273391    9.778993380  2449.5473   2  16   0.0068   0.0063   0.0142  -0.0030   0.0034   0.0033   0.00    1.0
2026/09/06 09:31:54.000   46.274277109    9.778989065  2449.7998   2  16   0.0068   0.0063   0.0142  -0.0030   0.0034   0.0032   0.00    1.0
2026/09/06 09:31:55.000   46.274277741    9.778983745  2449.9402   2  16   0.0068   0.0063   0.0143  -0.0030   0.0036   0.0031   0.00    1.0
2026/09/06 09:31:56.000   46.274276875    9.778976735  2450.4755   2  16   0.0068   0.0063   0.0142  -0.0030   0.0034   0.0032   0.00    1.0
2026/09/06 09:31:57.000   46.274274036    9.778972461  2450.5784   2  16   0.0068   0.0063   0.0142  -0.0029   0.0034   0.0032   0.00    1.1
2026/09/06 09:31:58.000   46.274273423    9.778964860  2450.6707   2  16   0.0068   0.0062   0.0142  -0.0029   0.0034   0.0032   0.00    1.1
2026/09/06 09:31:59.000   46.274273303    9.778962100  2451.0789   2  16   0.0068   0.0063   0.0142  -0.0029   0.0033   0.0032   0.00    1.0
2026/09/06 09:32:00.000   46.274270946    9.778959584  2451.2959   2  16   0.0068   0.0063   0.0142  -0.0029   0.0033   0.0032   0.00    1.0
2026/09/06 09:32:01.000   46.274268671    9.778953997  2451.5019   2  16   0.0068   0.0062   0.0142  -0.0029   0.0033   0.0032   0.00    1.0
2026/09/06 09:32:02.000   46.274263113    9.778954285  2451.7234   2  16   0.0068   0.0062   0.0142  -0.0029   0.0033   0.0032   0.00    1.0
2026/09/06 09:32:03.000   46.274259808    9.778949845  2451.8068   2  16   0.0068   0.0062   0.0142  -0.0029   0.0033   0.0032   0.00    1.0
2026/09/06 09:32:04.000   46.274259294    9.778942235  2451.9236   2  16   0.0068   0.0062   0.0142  -0.0029   0.0033   0.0032   0.00    1.0
2026/09/06 09:32:05.000   46.274263327    9.778937086  2452.1312   2  16   0.0068   0.0062   0.0142  -0.0029   0.0033   0.0032   0.00    1.0
2026/09/06 09:32:06.000   46.274262254    9.778928425  2452.4952   2  16   0.0068   0.0062   0.0142  -0.0029   0.0033   0.0031   0.00    1.0
2026/09/06 09:32:07.000   46.274259807    9.778922020  2452.8287   2  16   0.0068   0.0062   0.0142  -0.0029   0.0033   0.0032   0.00    1.0
2026/09/06 09:32:08.000   46.274261271    9.778917521  2453.1723   2  16   0.0067   0.0062   0.0142  -0.0029   0.0033   0.0032   0.00    1.0
2026/09/06 09:32:09.000   46.274260452    9.778911701  2453.3435   2  16   0.0067   0.0062   0.0142  -0.0029   0.0033   0.0032   0.00    1.0
2026/09/06 09:32:10.000   46.274265975    9.778907102  2453.6465   2  16   0.0067   0.0062   0.0142  -0.0029   0.0034   0.0032   0.00    1.0
2026/09/06 09:32:11.000   46.274269573    9.778901236  2453.9730   2  16   0.0067   0.0062   0.0142  -0.0029   0.0034   0.0032   0.00    1.0
2026/09/06 09:32:12.000   46.274270031    9.778893766  2454.2894   2  16   0.0067   0.0062   0.0142  -0.0029   0.0034   0.0032   0.00    1.0
2026/09/06 09:32:13.000   46.274266725    9.778888440  2454.5735   2  16   0.0067   0.0062   0.0142  -0.0029   0.0034   0.0032   0.00    1.0
2026/09/06 09:32:14.000   46.274260823    9.778887359  2454.8342   2  16   0.0067   0.0062   0.0142  -0.0029   0.0034   0.0031   0.00    1.0
2026/09/06 09:32:15.000   46.274256123    9.778883192  2455.0256   2  16   0.0067   0.0062   0.0143  -0.0029   0.0034   0.0031   0.00    1.0
2026/09/06 09:32:16.000   46.274255697    9.778884663  2455.0113   2  16   0.0067   0.0063   0.0143  -0.0029   0.0032   0.0031   0.00    1.0
2026/09/06 09:32:17.000   46.274257239    9.778880937  2455.0787   2  16   0.0067   0.0062   0.0143  -0.0029   0.0033   0.0031   0.00    1.0
2026/09/06 09:32:18.000   46.274256918    9.778879354  2455.1087   2  16   0.0067   0.0062   0.0142  -0.0029   0.0033   0.0031   0.00    1.0
2026/09/06 09:32:19.000   46.274253508    9.778879985  2455.0414   2  16   0.0067   0.0062   0.0142  -0.0029   0.0034   0.0031   0.00    1.0
2026/09/06 09:32:20.000   46.274248293    9.778876527  2455.2560   2  16   0.0067   0.0062   0.0142  -0.0029   0.0034   0.0031   0.00    1.0
2026/09/06 09:32:21.000   46.274246520    9.778874728  2455.5310   2  17   0.0067   0.0062   0.0139  -0.0028   0.0030   0.0034   0.00    1.0
2026/09/06 09:32:22.000   46.274243913    9.778876892  2455.8028   2  16   0.0067   0.0062   0.0142  -0.0029   0.0034   0.0031   0.00    1.0
2026/09/06 09:32:23.000   46.274244092    9.778877134  2455.8111   2  17   0.0067   0.0062   0.0138  -0.0028   0.0030   0.0035   0.00    1.0
2026/09/06 09:32:24.000   46.274244195    9.778877052  2455.8332   2  17   0.0067   0.0062   0.0138  -0.0028   0.0030   0.0035   0.00    1.0
2026/09/06 09:32:25.000   46.274244287    9.778877260  2455.8491   2  17   0.0067   0.0062   0.0138  -0.0028   0.0030   0.0035   0.00    1.0
2026/09/06 09:32:26.000   46.274244246    9.778877170  2455.8513   2  17   0.0067   0.0062   0.0138  -0.0028   0.0030   0.0035   0.00    1.1
2026/09/06 09:32:27.000   46.274244044    9.778872719  2455.8225   2  17   0.0067   0.0062   0.0138  -0.0028   0.0030   0.0035   0.00    1.0
2026/09/06 09:32:28.000   46.274242213    9.778865834  2455.9296   2  17   0.0067   0.0062   0.0139  -0.0028   0.0030   0.0034   0.00    1.1
2026/09/06 09:32:29.000   46.274244349    9.778859795  2456.1019   2  17   0.0067   0.0062   0.0139  -0.0028   0.0029   0.0034   0.00    1.0
2026/09/06 09:32:30.000   46.274242928    9.778852802  2456.5634   2  17   0.0067   0.0062   0.0140  -0.0029   0.0030   0.0034   0.00    1.0
2026/09/06 09:32:31.000   46.274248088    9.778850882  2456.9450   2  17   0.0067   0.0062   0.0139  -0.0029   0.0030   0.0034   0.00    1.0
2026/09/06 09:32:32.000   46.274249581    9.778843938  2457.1952   2  17   0.0067   0.0062   0.0139  -0.0029   0.0031   0.0034   0.00    1.0
2026/09/06 09:32:33.000   46.274250366    9.778835961  2457.7392   2  16   0.0067   0.0063   0.0141  -0.0029   0.0029   0.0034   0.00    1.0
2026/09/06 09:32:34.000   46.274248409    9.778832829  2457.9709   2  17   0.0067   0.0062   0.0139  -0.0029   0.0031   0.0034   0.00    1.0
2026/09/06 09:32:35.000   46.274248896    9.778831932  2458.0951   2  17   0.0067   0.0062   0.0140  -0.0029   0.0031   0.0034   0.00    1.0
2026/09/06 09:32:36.000   46.274249785    9.778831893  2458.1647   2  17   0.0067   0.0062   0.0141  -0.0029   0.0032   0.0034   0.00    1.0
2026/09/06 09:32:37.000   46.274249889    9.778830439  2458.2613   2  17   0.0068   0.0063   0.0143  -0.0030   0.0033   0.0033   0.00    1.0
2026/09/06 09:32:38.000   46.274248833    9.778821487  2458.2668   2  17   0.0068   0.0062   0.0143  -0.0029   0.0029   0.0037   0.00    1.0
2026/09/06 09:32:39.000   46.274247984    9.778817934  2458.4540   2  17   0.0070   0.0062   0.0142  -0.0030   0.0026   0.0040   0.00    1.0
2026/09/06 09:32:40.000   46.274242376    9.778812394  2458.2542   2  17   0.0068   0.0062   0.0142  -0.0029   0.0028   0.0038   0.00    1.0
2026/09/06 09:32:41.000   46.274238925    9.778808210  2458.6145   2  17   0.0067   0.0062   0.0138  -0.0027   0.0024   0.0038   0.00    1.0
2026/09/06 09:32:42.000   46.274234679    9.778808533  2459.0266   2  17   0.0066   0.0062   0.0137  -0.0027   0.0025   0.0037   0.00    1.0
2026/09/06 09:32:43.000   46.274232058    9.778805344  2458.9342   2  17   0.0066   0.0062   0.0137  -0.0027   0.0024   0.0037   0.00    1.0
2026/09/06 09:32:44.000   46.274229010    9.778800391  2459.1067   2  16   0.0066   0.0063   0.0139  -0.0027   0.0020   0.0036   0.00    1.0
2026/09/06 09:32:45.000   46.274227795    9.778801390  2459.9247   2  17   0.0066   0.0062   0.0137  -0.0027   0.0022   0.0037   0.00    1.0
2026/09/06 09:32:46.000   46.274229637    9.778799254  2460.1724   2  18   0.0066   0.0062   0.0135  -0.0027   0.0024   0.0037   0.00    1.0
2026/09/06 09:32:47.000   46.274228372    9.778795692  2460.3644   2  18   0.0066   0.0062   0.0135  -0.0027   0.0025   0.0037   0.00    1.0
2026/09/06 09:32:48.000   46.274230454    9.778797231  2460.4492   2  18   0.0066   0.0062   0.0134  -0.0027   0.0026   0.0037   0.00    1.0
2026/09/06 09:32:49.000   46.274229997    9.778797521  2460.4445   2  18   0.0066   0.0062   0.0134  -0.0027   0.0026   0.0037   0.00    1.0
2026/09/06 09:32:50.000   46.274230003    9.778797643  2460.4613   2  18   0.0065   0.0061   0.0134  -0.0027   0.0026   0.0037   0.00    1.0
2026/09/06 09:32:51.000   46.274230979    9.778795928  2460.5174   2  18   0.0065   0.0061   0.0134  -0.0027   0.0026   0.0037   0.00    1.0
2026/09/06 09:32:52.000   46.274229422    9.778794740  2460.5512   2  18   0.0065   0.0061   0.0134  -0.0027   0.0026   0.0037   0.00    1.0
2026/09/06 09:32:53.000   46.274228031    9.778795735  2460.5549   2  18   0.0065   0.0061   0.0134  -0.0027   0.0026   0.0037   0.00    1.0
2026/09/06 09:32:54.000   46.274225453    9.778791234  2460.5889   2  18   0.0065   0.0061   0.0134  -0.0027   0.0027   0.0037   0.00    1.0
2026/09/06 09:32:55.000   46.274221603    9.778788562  2460.8275   2  17   0.0065   0.0061   0.0134  -0.0027   0.0027   0.0036   0.00    1.0
2026/09/06 09:32:56.000   46.274222428    9.778788988  2460.9185   2  18   0.0065   0.0061   0.0134  -0.0027   0.0027   0.0037   0.00    1.0
2026/09/06 09:32:57.000   46.274220275    9.778789466  2460.8882   2  18   0.0065   0.0061   0.0134  -0.0027   0.0027   0.0037   0.00    1.0
2026/09/06 09:32:58.000   46.274210920    9.778792015  2460.8359   2  18   0.0065   0.0061   0.0134  -0.0027   0.0027   0.0037   0.00    1.0
2026/09/06 09:32:59.000   46.274205920    9.778794506  2461.0773   2  18   0.0065   0.0061   0.0134  -0.0027   0.0027   0.0037   0.00    1.0
2026/09/06 09:33:00.000   46.274203989    9.778798382  2461.1398   2  18   0.0065   0.0061   0.0134  -0.0027   0.0027   0.0037   0.00    1.0
2026/09/06 09:33:01.000   46.274198412    9.778802013  2461.0895   2  18   0.0065   0.0061   0.0134  -0.0027   0.0027   0.0037   0.00    1.0
2026/09/06 09:33:02.000   46.274196894    9.778805487  2461.0847   2  18   0.0065   0.0061   0.0133  -0.0027   0.0027   0.0037   0.00    1.0
2026/09/06 09:33:03.000   46.274195045    9.778805795  2461.0681   2  18   0.0065   0.0061   0.0133  -0.0027   0.0027   0.0037   0.00    1.0
2026/09/06 09:33:04.000   46.274191927    9.778808087  2461.0586   2  18   0.0065   0.0061   0.0133  -0.0027   0.0027   0.0037   0.00    1.0
2026/09/06 09:33:05.000   46.274190910    9.778808692  2461.0806   2  18   0.0065   0.0061   0.0133  -0.0027   0.0027   0.0037   0.00    1.0
2026/09/06 09:33:06.000   46.274191797    9.778807879  2461.0624   2  18   0.0065   0.0061   0.0133  -0.0027   0.0027   0.0037   0.00    1.0
2026/09/06 09:33:07.000   46.274192073    9.778807218  2461.0625   2  18   0.0065   0.0061   0.0133  -0.0027   0.0027   0.0036   0.00    1.0
2026/09/06 09:33:08.000   46.274192350    9.778806575  2461.0614   2  18   0.0065   0.0061   0.0133  -0.0027   0.0027   0.0036   0.00    1.0
2026/09/06 09:33:09.000   46.274192672    9.778806256  2461.0478   2  18   0.0065   0.0061   0.0133  -0.0027   0.0027   0.0036   0.00    1.0
2026/09/06 09:33:10.000   46.274192503    9.778806545  2461.0519   2  18   0.0065   0.0061   0.0133  -0.0027   0.0027   0.0036   0.00    1.1
2026/09/06 09:33:11.000   46.274191355    9.778808296  2461.0325   2  18   0.0065   0.0061   0.0133  -0.0027   0.0027   0.0036   0.00    1.1
2026/09/06 09:33:12.000   46.274187215    9.778811482  2460.9634   2  18   0.0065   0.0061   0.0133  -0.0027   0.0027   0.0036   0.00    1.1
2026/09/06 09:33:13.000   46.274183650    9.778815758  2460.8208   2  18   0.0065   0.0061   0.0133  -0.0027   0.0027   0.0036   0.00    1.1
2026/09/06 09:33:14.000   46.274177394    9.778818493  2460.7167   2  18   0.0065   0.0061   0.0133  -0.0027   0.0027   0.0036   0.00    1.2
2026/09/06 09:33:15.000   46.274171592    9.778821084  2460.7223   2  18   0.0065   0.0061   0.0133  -0.0027   0.0027   0.0036   0.00    1.2
2026/09/06 09:33:16.000   46.274165285    9.778824299  2460.5382   2  18   0.0065   0.0061   0.0133  -0.0027   0.0027   0.0036   0.00    1.2
2026/09/06 09:33:17.000   46.274159234    9.778828019  2460.4586   2  18   0.0065   0.0061   0.0133  -0.0027   0.0027   0.0036   0.00    1.2
2026/09/06 09:33:18.000   46.274155246    9.778831275  2460.3682   2  18   0.0065   0.0061   0.0133  -0.0027   0.0027   0.0036   0.00    1.2
2026/09/06 09:33:19.000   46.274149444    9.778837084  2460.2749   2  18   0.0065   0.0061   0.0133  -0.0027   0.0027   0.0036   0.00    1.2
2026/09/06 09:33:20.000   46.274144165    9.778843904  2460.0977   2  18   0.0065   0.0061   0.0133  -0.0027   0.0028   0.0036   0.00    1.2
2026/09/06 09:33:21.000   46.274142970    9.778850064  2460.0390   2  18   0.0065   0.0061   0.0133  -0.0027   0.0028   0.0036   0.00    1.2
2026/09/06 09:33:22.000   46.274141397    9.778855017  2459.9173   2  18   0.0065   0.0061   0.0133  -0.0027   0.0028   0.0036   0.00    1.2
2026/09/06 09:33:23.000   46.274141426    9.778860493  2459.9053   2  18   0.0065   0.0061   0.0133  -0.0027   0.0028   0.0036   0.00    1.2
2026/09/06 09:33:24.000   46.274141487    9.778864871  2459.6164   2  18   0.0065   0.0061   0.0133  -0.0027   0.0028   0.0036   0.00    1.2
2026/09/06 09:33:25.000   46.274140138    9.778869521  2459.6350   2  18   0.0065   0.0061   0.0133  -0.0027   0.0028   0.0036   0.00    1.2
2026/09/06 09:33:26.000   46.274140869    9.778871355  2459.5730   2  18   0.0065   0.0061   0.0133  -0.0027   0.0028   0.0036   0.00    1.3
2026/09/06 09:33:27.000   46.274142839    9.778874577  2459.4646   2  18   0.0065   0.0061   0.0133  -0.0027   0.0028   0.0036   0.00    1.3
2026/09/06 09:33:28.000   46.274144327    9.778876194  2459.3385   2  18   0.0064   0.0061   0.0133  -0.0027   0.0028   0.0036   0.00    1.3
2026/09/06 09:33:29.000   46.274145608    9.778879081  2459.2656   2  18   0.0064   0.0061   0.0133  -0.0027   0.0028   0.0036   0.00    1.3
2026/09/06 09:33:30.000   46.274146588    9.778879684  2459.2641   2  18   0.0064   0.0061   0.0133  -0.0027   0.0028   0.0036   0.00    1.2
2026/09/06 09:33:31.000   46.274145909    9.778879384  2459.2709   2  18   0.0064   0.0061   0.0133  -0.0027   0.0028   0.0036   0.00    1.2
2026/09/06 09:33:32.000   46.274145547    9.778881462  2459.1522   2  18   0.0064   0.0061   0.0133  -0.0027   0.0028   0.0035   0.00    1.2
2026/09/06 09:33:33.000   46.274148094    9.778887731  2458.8527   2  18   0.0064   0.0061   0.0133  -0.0027   0.0028   0.0035   0.00    1.2
2026/09/06 09:33:34.000   46.274147274    9.778890409  2458.8509   2  18   0.0064   0.0061   0.0133  -0.0027   0.0028   0.0035   0.00    1.2
2026/09/06 09:33:35.000   46.274147042    9.778890661  2458.8562   2  18   0.0064   0.0061   0.0133  -0.0027   0.0028   0.0035   0.00    1.2
2026/09/06 09:33:36.000   46.274146956    9.778889354  2458.8664   2  18   0.0064   0.0061   0.0133  -0.0027   0.0028   0.0035   0.00    1.1
2026/09/06 09:33:37.000   46.274146915    9.778888199  2458.8598   2  18   0.0064   0.0061   0.0133  -0.0027   0.0028   0.0035   0.00    1.1
2026/09/06 09:33:38.000   46.274147114    9.778886715  2458.8528   2  18   0.0064   0.0061   0.0133  -0.0027   0.0028   0.0035   0.00    1.1
2026/09/06 09:33:39.000   46.274147455    9.778886729  2458.8629   2  18   0.0064   0.0062   0.0136  -0.0028   0.0031   0.0033   0.00    1.2
2026/09/06 09:33:40.000   46.274148001    9.778887533  2458.8608   2  18   0.0064   0.0062   0.0136  -0.0028   0.0031   0.0033   0.00    1.2
2026/09/06 09:33:41.000   46.274147857    9.778886916  2458.8423   2  18   0.0064   0.0061   0.0133  -0.0027   0.0028   0.0035   0.00    1.1
2026/09/06 09:33:42.000   46.274147779    9.778886652  2458.8387   2  18   0.0064   0.0061   0.0133  -0.0027   0.0028   0.0035   0.00    1.1
2026/09/06 09:33:43.000   46.274147344    9.778887372  2458.8362   2  18   0.0064   0.0061   0.0133  -0.0027   0.0028   0.0035   0.00    1.1
2026/09/06 09:33:44.000   46.274147737    9.778887616  2458.8434   2  18   0.0064   0.0061   0.0133  -0.0027   0.0028   0.0035   0.00    1.0
2026/09/06 09:33:45.000   46.274147140    9.778887387  2458.8388   2  18   0.0064   0.0061   0.0133  -0.0027   0.0028   0.0035   0.00    1.0
2026/09/06 09:33:46.000   46.274147528    9.778887144  2458.8347   2  18   0.0064   0.0061   0.0133  -0.0027   0.0028   0.0035   0.00    1.0
2026/09/06 09:33:47.000   46.274147701    9.778886954  2458.8228   2  18   0.0064   0.0061   0.0133  -0.0027   0.0028   0.0035   0.00    1.0
2026/09/06 09:33:48.000   46.274147740    9.778887047  2458.8315   2  18   0.0064   0.0061   0.0133  -0.0027   0.0028   0.0035   0.00    1.0
2026/09/06 09:33:49.000   46.274147372    9.778887174  2458.8270   2  18   0.0064   0.0061   0.0133  -0.0027   0.0028   0.0035   0.00    1.0
2026/09/06 09:33:50.000   46.274147190    9.778887365  2458.8326   2  18   0.0064   0.0062   0.0136  -0.0028   0.0031   0.0033   0.00    1.0
2026/09/06 09:33:51.000   46.274147208    9.778888663  2458.8293   2  18   0.0064   0.0061   0.0133  -0.0027   0.0028   0.0035   0.00    1.0
2026/09/06 09:33:52.000   46.274145743    9.778889286  2458.8161   2  18   0.0064   0.0062   0.0136  -0.0028   0.0031   0.0032   0.00    1.0
2026/09/06 09:33:53.000   46.274145217    9.778889350  2458.8072   2  18   0.0064   0.0062   0.0136  -0.0028   0.0031   0.0032   0.00    1.0
2026/09/06 09:33:54.000   46.274145859    9.778889115  2458.8096   2  18   0.0064   0.0062   0.0136  -0.0028   0.0031   0.0032   0.00    1.0
2026/09/06 09:33:55.000   46.274145583    9.778889724  2458.8064   2  18   0.0064   0.0061   0.0133  -0.0027   0.0028   0.0034   0.00    1.1
2026/09/06 09:33:56.000   46.274146756    9.778889185  2458.8120   2  18   0.0064   0.0061   0.0133  -0.0027   0.0028   0.0034   0.00    1.1
2026/09/06 09:33:57.000   46.274147355    9.778889844  2458.8312   2  18   0.0064   0.0062   0.0136  -0.0028   0.0031   0.0032   0.00    1.0
2026/09/06 09:33:58.000   46.274146804    9.778888991  2458.8236   2  18   0.0064   0.0061   0.0133  -0.0027   0.0028   0.0034   0.00    1.1
2026/09/06 09:33:59.000   46.274147215    9.778887650  2458.8114   2  18   0.0064   0.0061   0.0133  -0.0027   0.0028   0.0034   0.00    1.1
2026/09/06 09:34:00.000   46.274147223    9.778887964  2458.8121   2  18   0.0064   0.0061   0.0133  -0.0027   0.0028   0.0034   0.00    1.1
2026/09/06 09:34:01.000   46.274147128    9.778887670  2458.8069   2  18   0.0064   0.0061   0.0133  -0.0027   0.0028   0.0034   0.00    1.1
2026/09/06 09:34:02.000   46.274147135    9.778887466  2458.8086   2  18   0.0064   0.0061   0.0133  -0.0027   0.0028   0.0034   0.00    1.1
2026/09/06 09:34:03.000   46.274147105    9.778887429  2458.8038   2  18   0.0063   0.0061   0.0133  -0.0027   0.0028   0.0034   0.00    1.1
2026/09/06 09:34:04.000   46.274146388    9.778888042  2458.8257   2  18   0.0064   0.0062   0.0136  -0.0028   0.0031   0.0032   0.00    1.0
2026/09/06 09:34:05.000   46.274146476    9.778887898  2458.8304   2  18   0.0064   0.0062   0.0136  -0.0028   0.0031   0.0032   0.00    1.0
2026/09/06 09:34:06.000   46.274146454    9.778887284  2458.8221   2  18   0.0064   0.0062   0.0136  -0.0028   0.0031   0.0032   0.00    1.0
2026/09/06 09:34:07.000   46.274146293    9.778887727  2458.8282   2  18   0.0064   0.0062   0.0136  -0.0028   0.0031   0.0032   0.00    1.1
2026/09/06 09:34:08.000   46.274146481    9.778888056  2458.8379   2  18   0.0064   0.0062   0.0136  -0.0028   0.0031   0.0032   0.00    1.1
2026/09/06 09:34:09.000   46.274146325    9.778887810  2458.8209   2  18   0.0063   0.0061   0.0133  -0.0027   0.0029   0.0034   0.00    1.2
2026/09/06 09:34:10.000   46.274146617    9.778890082  2458.8033   2  18   0.0063   0.0061   0.0133  -0.0027   0.0029   0.0033   0.00    1.1
2026/09/06 09:34:11.000   46.274147011    9.778889479  2458.8360   2  18   0.0063   0.0061   0.0133  -0.0027   0.0029   0.0033   0.00    1.1
2026/09/06 09:34:12.000   46.274146956    9.778888873  2458.8484   2  18   0.0063   0.0061   0.0133  -0.0027   0.0029   0.0033   0.00    1.2
2026/09/06 09:34:13.000   46.274146442    9.778889333  2458.8219   2  18   0.0063   0.0061   0.0133  -0.0027   0.0029   0.0033   0.00    1.1
2026/09/06 09:34:14.000   46.274146669    9.778888379  2458.8361   2  18   0.0063   0.0061   0.0133  -0.0027   0.0029   0.0033   0.00    1.2
2026/09/06 09:34:15.000   46.274146255    9.778888083  2458.8405   2  18   0.0063   0.0061   0.0133  -0.0027   0.0029   0.0033   0.00    1.2
2026/09/06 09:34:16.000   46.274145654    9.778889460  2458.8291   2  18   0.0063   0.0061   0.0133  -0.0027   0.0029   0.0033   0.00    1.2
2026/09/06 09:34:17.000   46.274146323    9.778889594  2458.8257   2  18   0.0063   0.0061   0.0133  -0.0027   0.0028   0.0034   0.00    1.2
2026/09/06 09:34:18.000   46.274146092    9.778888807  2458.8316   2  18   0.0063   0.0061   0.0133  -0.0027   0.0028   0.0034   0.00    1.2
2026/09/06 09:34:19.000   46.274145771    9.778888260  2458.8223   2  18   0.0063   0.0061   0.0133  -0.0027   0.0028   0.0033   0.00    1.2
2026/09/06 09:34:20.000   46.274145423    9.778888274  2458.7869   2  18   0.0063   0.0061   0.0133  -0.0027   0.0028   0.0033   0.00    1.2
2026/09/06 09:34:21.000   46.274145731    9.778887869  2458.8111   2  18   0.0063   0.0061   0.0133  -0.0027   0.0028   0.0033   0.00    1.1
2026/09/06 09:34:22.000   46.274145535    9.778887481  2458.8023   2  18   0.0063   0.0062   0.0135  -0.0028   0.0031   0.0031   0.00    1.1
2026/09/06 09:34:23.000   46.274145657    9.778887623  2458.8172   2  18   0.0063   0.0062   0.0135  -0.0028   0.0031   0.0031   0.00    1.1
2026/09/06 09:34:24.000   46.274145221    9.778888149  2458.8441   2  18   0.0063   0.0062   0.0135  -0.0028   0.0031   0.0031   0.00    1.1
2026/09/06 09:34:25.000   46.274145506    9.778888662  2458.8324   2  18   0.0063   0.0062   0.0135  -0.0028   0.0031   0.0031   0.00    1.1
2026/09/06 09:34:26.000   46.274145118    9.778888773  2458.8134   2  18   0.0063   0.0061   0.0133  -0.0027   0.0028   0.0033   0.00    1.2
2026/09/06 09:34:27.000   46.274145698    9.778888960  2458.8196   2  18   0.0063   0.0061   0.0133  -0.0027   0.0029   0.0032   0.00    1.2
2026/09/06 09:34:28.000   46.274146579    9.778887296  2458.7984   2  18   0.0063   0.0061   0.0133  -0.0027   0.0028   0.0033   0.00    1.2
2026/09/06 09:34:29.000   46.274146708    9.778887104  2458.7865   2  18   0.0063   0.0061   0.0133  -0.0027   0.0028   0.0033   0.00    1.2
2026/09/06 09:34:30.000   46.274146752    9.778886870  2458.7877   2  18   0.0063   0.0061   0.0133  -0.0027   0.0028   0.0033   0.00    1.2
2026/09/06 09:34:31.000   46.274146834    9.778886984  2458.7899   2  18   0.0063   0.0062   0.0136  -0.0028   0.0032   0.0030   0.00    1.1
2026/09/06 09:34:32.000   46.274146416    9.778886952  2458.7845   2  18   0.0063   0.0061   0.0133  -0.0027   0.0029   0.0032   0.00    1.2
2026/09/06 09:34:33.000   46.274146586    9.778887164  2458.7808   2  18   0.0062   0.0061   0.0133  -0.0027   0.0029   0.0033   0.00    1.2
2026/09/06 09:34:34.000   46.274145562    9.778887658  2458.8098   2  18   0.0062   0.0061   0.0133  -0.0027   0.0029   0.0033   0.00    1.2
2026/09/06 09:34:35.000   46.274144907    9.778887662  2458.7993   2  18   0.0062   0.0061   0.0133  -0.0027   0.0029   0.0033   0.00    1.2
2026/09/06 09:34:36.000   46.274145757    9.778887523  2458.8175   2  18   0.0062   0.0061   0.0133  -0.0027   0.0029   0.0032   0.00    1.1
2026/09/06 09:34:37.000   46.274146061    9.778887593  2458.7773   2  18   0.0062   0.0061   0.0133  -0.0027   0.0029   0.0032   0.00    1.1
2026/09/06 09:34:38.000   46.274146577    9.778887711  2458.7803   2  18   0.0062   0.0062   0.0135  -0.0028   0.0031   0.0030   0.00    1.0
2026/09/06 09:34:39.000   46.274146389    9.778887298  2458.7694   2  18   0.0062   0.0062   0.0135  -0.0028   0.0031   0.0030   0.00    1.0
2026/09/06 09:34:40.000   46.274146251    9.778887357  2458.7666   2  18   0.0062   0.0062   0.0135  -0.0028   0.0031   0.0030   0.00    1.0
2026/09/06 09:34:41.000   46.274145709    9.778887592  2458.7600   2  18   0.0062   0.0062   0.0135  -0.0028   0.0031   0.0030   0.00    1.0
2026/09/06 09:34:42.000   46.274146063    9.778886906  2458.7602   2  18   0.0062   0.0062   0.0135  -0.0028   0.0031   0.0030   0.00    1.0
2026/09/06 09:34:43.000   46.274145823    9.778886994  2458.8125   2  18   0.0062   0.0062   0.0135  -0.0028   0.0031   0.0030   0.00    1.0
2026/09/06 09:34:44.000   46.274144958    9.778887959  2458.8091   2  18   0.0062   0.0062   0.0135  -0.0028   0.0031   0.0030   0.00    1.0
2026/09/06 09:34:45.000   46.274144933    9.778887268  2458.7887   2  18   0.0062   0.0061   0.0132  -0.0027   0.0029   0.0032   0.00    1.0
2026/09/06 09:34:46.000   46.274145677    9.778888063  2458.7955   2  18   0.0062   0.0061   0.0132  -0.0027   0.0029   0.0032   0.00    1.0
2026/09/06 09:34:47.000   46.274145608    9.778888044  2458.7967   2  18   0.0062   0.0061   0.0133  -0.0027   0.0029   0.0031   0.00    1.0
2026/09/06 09:34:48.000   46.274146079    9.778887928  2458.8054   2  18   0.0062   0.0062   0.0135  -0.0028   0.0031   0.0030   0.00    1.1
2026/09/06 09:34:49.000   46.274146468    9.778887421  2458.8226   2  18   0.0062   0.0062   0.0136  -0.0028   0.0032   0.0029   0.00    1.1
2026/09/06 09:34:50.000   46.274146185    9.778887695  2458.8133   2  18   0.0062   0.0062   0.0135  -0.0028   0.0031   0.0030   0.00    1.1
2026/09/06 09:34:51.000   46.274145681    9.778888270  2458.8043   2  18   0.0062   0.0062   0.0135  -0.0028   0.0031   0.0029   0.00    1.1
2026/09/06 09:34:52.000   46.274145597    9.778888191  2458.7866   2  18   0.0062   0.0061   0.0132  -0.0027   0.0029   0.0031   0.00    1.0
2026/09/06 09:34:53.000   46.274145558    9.778888245  2458.7865   2  18   0.0062   0.0061   0.0132  -0.0027   0.0029   0.0031   0.00    1.0
2026/09/06 09:34:54.000   46.274145435    9.778888128  2458.7809   2  18   0.0062   0.0061   0.0132  -0.0027   0.0029   0.0031   0.00    1.0
2026/09/06 09:34:55.000   46.274145337    9.778888243  2458.7769   2  18   0.0062   0.0061   0.0132  -0.0027   0.0029   0.0031   0.00    1.0
2026/09/06 09:34:56.000   46.274145528    9.778887769  2458.7756   2  18   0.0062   0.0061   0.0132  -0.0027   0.0029   0.0031   0.00    1.0
2026/09/06 09:34:57.000   46.274145980    9.778888135  2458.7795   2  18   0.0062   0.0061   0.0132  -0.0027   0.0029   0.0031   0.00    1.0
2026/09/06 09:34:58.000   46.274146487    9.778888546  2458.7674   2  18   0.0062   0.0061   0.0132  -0.0027   0.0029   0.0031   0.00    1.0
2026/09/06 09:34:59.000   46.274145864    9.778888659  2458.7908   2  18   0.0062   0.0061   0.0135  -0.0028   0.0031   0.0029   0.00    1.0
2026/09/06 09:35:00.000   46.274145392    9.778888716  2458.7822   2  18   0.0062   0.0061   0.0132  -0.0027   0.0029   0.0031   0.00    1.0
2026/09/06 09:35:01.000   46.274146168    9.778888417  2458.7633   2  18   0.0062   0.0061   0.0132  -0.0027   0.0029   0.0031   0.00    1.0
2026/09/06 09:35:02.000   46.274145295    9.778888000  2458.7617   2  18   0.0062   0.0061   0.0133  -0.0027   0.0029   0.0030   0.00    1.0
2026/09/06 09:35:03.000   46.274144861    9.778887616  2458.7527   2  18   0.0062   0.0062   0.0136  -0.0028   0.0032   0.0028   0.00    1.1
2026/09/06 09:35:04.000   46.274145048    9.778886977  2458.7465   2  18   0.0062   0.0061   0.0135  -0.0028   0.0032   0.0028   0.00    1.1
2026/09/06 09:35:05.000   46.274145139    9.778887202  2458.7410   2  18   0.0062   0.0061   0.0135  -0.0028   0.0032   0.0028   0.00    1.1
2026/09/06 09:35:06.000   46.274145511    9.778887867  2458.7412   2  18   0.0062   0.0062   0.0136  -0.0028   0.0032   0.0027   0.00    1.1
2026/09/06 09:35:07.000   46.274145095    9.778888604  2458.7537   2  18   0.0061   0.0061   0.0133  -0.0027   0.0029   0.0030   0.00    1.0
2026/09/06 09:35:08.000   46.274144903    9.778889491  2458.7658   2  18   0.0061   0.0061   0.0133  -0.0027   0.0029   0.0030   0.00    1.0
2026/09/06 09:35:09.000   46.274144984    9.778889446  2458.7595   2  18   0.0061   0.0061   0.0133  -0.0027   0.0029   0.0029   0.00    1.0
2026/09/06 09:35:10.000   46.274144587    9.778889448  2458.7509   2  18   0.0061   0.0061   0.0132  -0.0027   0.0029   0.0030   0.00    1.0
2026/09/06 09:35:11.000   46.274144926    9.778889572  2458.7489   2  18   0.0061   0.0061   0.0132  -0.0027   0.0029   0.0030   0.00    1.0
2026/09/06 09:35:12.000   46.274145163    9.778889270  2458.7212   2  18   0.0061   0.0061   0.0132  -0.0027   0.0029   0.0030   0.00    1.0
2026/09/06 09:35:13.000   46.274146671    9.778886460  2458.7598   2  18   0.0061   0.0061   0.0132  -0.0027   0.0029   0.0030   0.00    1.0
2026/09/06 09:35:14.000   46.274147164    9.778889447  2458.7499   2  18   0.0061   0.0061   0.0132  -0.0027   0.0029   0.0030   0.00    1.0
2026/09/06 09:35:15.000   46.274146093    9.778890374  2458.7715   2  18   0.0061   0.0061   0.0132  -0.0027   0.0029   0.0030   0.00    1.0
2026/09/06 09:35:16.000   46.274145780    9.778891213  2458.7388   2  18   0.0061   0.0061   0.0132  -0.0027   0.0029   0.0030   0.00    1.0
2026/09/06 09:35:17.000   46.274145802    9.778890499  2458.7298   2  18   0.0061   0.0061   0.0132  -0.0027   0.0029   0.0030   0.00    1.0
2026/09/06 09:35:18.000   46.274146265    9.778886203  2458.7839   2  18   0.0061   0.0061   0.0132  -0.0027   0.0029   0.0029   0.00    1.0
2026/09/06 09:35:19.000   46.274145747    9.778888236  2458.7223   2  18   0.0061   0.0061   0.0132  -0.0027   0.0029   0.0029   0.00    1.1
2026/09/06 09:35:20.000   46.274146096    9.778886324  2458.8275   2  18   0.0061   0.0061   0.0135  -0.0028   0.0032   0.0027   0.00    1.1
2026/09/06 09:35:21.000   46.274145859    9.778885334  2458.8353   2  18   0.0061   0.0061   0.0135  -0.0028   0.0032   0.0027   0.00    1.1
2026/09/06 09:35:22.000   46.274145755    9.778885906  2458.8291   2  18   0.0061   0.0061   0.0135  -0.0028   0.0032   0.0027   0.00    1.1
2026/09/06 09:35:23.000   46.274145061    9.778886089  2458.8180   2  18   0.0061   0.0061   0.0135  -0.0028   0.0032   0.0027   0.00    1.1
2026/09/06 09:35:24.000   46.274144785    9.778885862  2458.8136   2  18   0.0061   0.0061   0.0135  -0.0028   0.0032   0.0027   0.00    1.1
2026/09/06 09:35:25.000   46.274145220    9.778885998  2458.8361   2  18   0.0061   0.0061   0.0135  -0.0028   0.0032   0.0027   0.00    1.1
2026/09/06 09:35:26.000   46.274146047    9.778885665  2458.8552   2  18   0.0061   0.0061   0.0135  -0.0028   0.0032   0.0027   0.00    1.1
2026/09/06 09:35:27.000   46.274146424    9.778885420  2458.8553   2  18   0.0061   0.0061   0.0135  -0.0028   0.0032   0.0027   0.00    1.2
2026/09/06 09:35:28.000   46.274145644    9.778885796  2458.8459   2  18   0.0061   0.0061   0.0135  -0.0028   0.0032   0.0026   0.00    1.2
2026/09/06 09:35:29.000   46.274145266    9.778885995  2458.8378   2  18   0.0061   0.0061   0.0135  -0.0028   0.0032   0.0026   0.00    1.2
2026/09/06 09:35:30.000   46.274144696    9.778886826  2458.8247   2  18   0.0061   0.0061   0.0135  -0.0028   0.0032   0.0026   0.00    1.2
2026/09/06 09:35:31.000   46.274144649    9.778888998  2458.7574   2  18   0.0061   0.0061   0.0135  -0.0028   0.0032   0.0026   0.00    1.2
2026/09/06 09:35:32.000   46.274144673    9.778889989  2458.7121   2  18   0.0060   0.0061   0.0132  -0.0027   0.0029   0.0028   0.00    1.1
2026/09/06 09:35:33.000   46.274145395    9.778890104  2458.7477   2  18   0.0061   0.0061   0.0132  -0.0028   0.0030   0.0028   0.00    1.1
2026/09/06 09:35:34.000   46.274145459    9.778890095  2458.7675   2  18   0.0060   0.0061   0.0132  -0.0028   0.0029   0.0028   0.00    1.1
2026/09/06 09:35:35.000   46.274145607    9.778890605  2458.7608   2  18   0.0060   0.0061   0.0132  -0.0028   0.0030   0.0027   0.00    1.1
2026/09/06 09:35:36.000   46.274145734    9.778889852  2458.7581   2  18   0.0060   0.0061   0.0132  -0.0028   0.0030   0.0027   0.00    1.1
2026/09/06 09:35:37.000   46.274145809    9.778889726  2458.7420   2  18   0.0060   0.0061   0.0132  -0.0028   0.0029   0.0028   0.00    1.1
2026/09/06 09:35:38.000   46.274144282    9.778889801  2458.7577   2  18   0.0060   0.0061   0.0132  -0.0028   0.0029   0.0028   0.00    1.1
2026/09/06 09:35:39.000   46.274145709    9.778890245  2458.7294   2  18   0.0060   0.0061   0.0132  -0.0028   0.0030   0.0027   0.00    1.0
2026/09/06 09:35:40.000   46.274143730    9.778890862  2458.7132   2  18   0.0060   0.0061   0.0132  -0.0028   0.0029   0.0028   0.00    1.0
2026/09/06 09:35:41.000   46.274144173    9.778891001  2458.7058   2  18   0.0060   0.0061   0.0132  -0.0028   0.0029   0.0028   0.00    1.0
2026/09/06 09:35:42.000   46.274144657    9.778889709  2458.7346   2  18   0.0060   0.0061   0.0132  -0.0028   0.0029   0.0028   0.00    1.0
2026/09/06 09:35:43.000   46.274146534    9.778888796  2458.6844   2  18   0.0060   0.0061   0.0132  -0.0028   0.0029   0.0027   0.00    1.0
2026/09/06 09:35:44.000   46.274146818    9.778890232  2458.6722   2  18   0.0060   0.0061   0.0132  -0.0028   0.0029   0.0027   0.00    1.0
2026/09/06 09:35:45.000   46.274147040    9.778890554  2458.6533   2  18   0.0060   0.0061   0.0132  -0.0028   0.0029   0.0027   0.00    1.0
2026/09/06 09:35:46.000   46.274146868    9.778890589  2458.6484   2  18   0.0060   0.0061   0.0132  -0.0028   0.0029   0.0027   0.00    1.0
2026/09/06 09:35:47.000   46.274145884    9.778892651  2458.6583   2  18   0.0060   0.0061   0.0132  -0.0028   0.0029   0.0027   0.00    1.0
2026/09/06 09:35:48.000   46.274144337    9.778889658  2458.7275   2  18   0.0060   0.0061   0.0132  -0.0028   0.0029   0.0027   0.00    1.0
2026/09/06 09:35:49.000   46.274146725    9.778888740  2458.6730   2  18   0.0060   0.0061   0.0132  -0.0028   0.0029   0.0027   0.00    1.0
2026/09/06 09:35:50.000   46.274148572    9.778888839  2458.6023   2  18   0.0060   0.0061   0.0132  -0.0028   0.0029   0.0027   0.00    1.0
2026/09/06 09:35:51.000   46.274149370    9.778889674  2458.5796   2  18   0.0060   0.0061   0.0132  -0.0028   0.0029   0.0027   0.00    1.0
2026/09/06 09:35:52.000   46.274148807    9.778890690  2458.6091   2  18   0.0060   0.0061   0.0132  -0.0028   0.0029   0.0027   0.00    1.0
2026/09/06 09:35:53.000   46.274146358    9.778891250  2458.6956   2  18   0.0060   0.0061   0.0132  -0.0028   0.0029   0.0027   0.00    1.0
2026/09/06 09:35:54.000   46.274148545    9.778890269  2458.6157   2  18   0.0060   0.0061   0.0132  -0.0028   0.0029   0.0027   0.00    1.0
2026/09/06 09:35:55.000   46.274149358    9.778891897  2458.5944   2  18   0.0060   0.0061   0.0132  -0.0028   0.0029   0.0027   0.00    1.0
2026/09/06 09:35:56.000   46.274147295    9.778891171  2458.6549   2  18   0.0060   0.0061   0.0132  -0.0028   0.0029   0.0026   0.00    1.0
2026/09/06 09:35:57.000   46.274145650    9.778891036  2458.6902   2  18   0.0060   0.0061   0.0132  -0.0028   0.0029   0.0026   0.00    1.1
2026/09/06 09:35:58.000   46.274147873    9.778890865  2458.6293   2  18   0.0060   0.0061   0.0132  -0.0028   0.0029   0.0026   0.00    1.1
2026/09/06 09:35:59.000   46.274148562    9.778889716  2458.5774   2  18   0.0060   0.0061   0.0132  -0.0028   0.0029   0.0026   0.00    1.1
2026/09/06 09:36:00.000   46.274148283    9.778891077  2458.6043   2  18   0.0060   0.0061   0.0132  -0.0028   0.0029   0.0026   0.00    1.1
2026/09/06 09:36:01.000   46.274144914    9.778891639  2458.6821   2  18   0.0060   0.0061   0.0132  -0.0028   0.0029   0.0026   0.00    1.1
2026/09/06 09:36:02.000   46.274144011    9.778891029  2458.6767   2  18   0.0059   0.0061   0.0132  -0.0028   0.0029   0.0026   0.00    1.1
2026/09/06 09:36:03.000   46.274144187    9.778890031  2458.6925   2  18   0.0059   0.0061   0.0132  -0.0028   0.0029   0.0026   0.00    1.1
2026/09/06 09:36:04.000   46.274145057    9.778888550  2458.7455   2  18   0.0059   0.0061   0.0132  -0.0028   0.0029   0.0026   0.00    1.1
2026/09/06 09:36:05.000   46.274145789    9.778888981  2458.7374   2  18   0.0059   0.0061   0.0132  -0.0028   0.0029   0.0026   0.00    1.1
2026/09/06 09:36:06.000   46.274146347    9.778889393  2458.7258   2  18   0.0059   0.0061   0.0132  -0.0028   0.0029   0.0026   0.00    1.1
2026/09/06 09:36:07.000   46.274145759    9.778890423  2458.7195   2  18   0.0059   0.0061   0.0132  -0.0028   0.0030   0.0026   0.00    1.1
2026/09/06 09:36:08.000   46.274146149    9.778889584  2458.7170   2  18   0.0059   0.0061   0.0132  -0.0028   0.0030   0.0025   0.00    1.1
2026/09/06 09:36:09.000   46.274146838    9.778888472  2458.7168   2  18   0.0059   0.0061   0.0132  -0.0028   0.0030   0.0025   0.00    1.1
2026/09/06 09:36:10.000   46.274148035    9.778888841  2458.6837   2  18   0.0059   0.0061   0.0132  -0.0028   0.0030   0.0025   0.00    1.1
2026/09/06 09:36:11.000   46.274148369    9.778889469  2458.6679   2  18   0.0059   0.0061   0.0132  -0.0028   0.0030   0.0025   0.00    1.1
2026/09/06 09:36:12.000   46.274147924    9.778889341  2458.6833   2  18   0.0059   0.0061   0.0132  -0.0028   0.0030   0.0025   0.00    1.1
2026/09/06 09:36:13.000   46.274146621    9.778889306  2458.7253   2  18   0.0059   0.0061   0.0132  -0.0028   0.0030   0.0025   0.00    1.1
2026/09/06 09:36:14.000   46.274145885    9.778889271  2458.7291   2  18   0.0059   0.0061   0.0132  -0.0028   0.0030   0.0025   0.00    1.1
2026/09/06 09:36:15.000   46.274145928    9.778890405  2458.7182   2  18   0.0059   0.0061   0.0132  -0.0028   0.0030   0.0025   0.00    1.1
2026/09/06 09:36:16.000   46.274146256    9.778890481  2458.7133   2  18   0.0059   0.0061   0.0132  -0.0028   0.0030   0.0025   0.00    1.0
2026/09/06 09:36:17.000   46.274146562    9.778890174  2458.7117   2  18   0.0059   0.0061   0.0132  -0.0028   0.0030   0.0025   0.00    1.0
2026/09/06 09:36:18.000   46.274146462    9.778890938  2458.7095   2  18   0.0059   0.0061   0.0132  -0.0028   0.0030   0.0025   0.00    1.0
2026/09/06 09:36:19.000   46.274146891    9.778890983  2458.7032   2  18   0.0059   0.0061   0.0132  -0.0028   0.0030   0.0025   0.00    1.0
2026/09/06 09:36:20.000   46.274146280    9.778891260  2458.7139   2  18   0.0059   0.0061   0.0132  -0.0028   0.0030   0.0024   0.00    1.0
2026/09/06 09:36:21.000   46.274146009    9.778891133  2458.7173   2  18   0.0059   0.0061   0.0132  -0.0028   0.0030   0.0024   0.00    1.0
2026/09/06 09:36:22.000   46.274145189    9.778890839  2458.7324   2  18   0.0059   0.0061   0.0132  -0.0028   0.0030   0.0024   0.00    1.0
2026/09/06 09:36:23.000   46.274144836    9.778890318  2458.7402   2  18   0.0059   0.0061   0.0132  -0.0028   0.0030   0.0024   0.00    1.0
2026/09/06 09:36:24.000   46.274145405    9.778890811  2458.7208   2  18   0.0059   0.0061   0.0132  -0.0028   0.0030   0.0024   0.00    1.0
2026/09/06 09:36:25.000   46.274145783    9.778890974  2458.7193   2  18   0.0059   0.0061   0.0131  -0.0028   0.0030   0.0024   0.00    1.0
2026/09/06 09:36:26.000   46.274146135    9.778891111  2458.7142   2  18   0.0059   0.0061   0.0131  -0.0028   0.0030   0.0024   0.00    1.0
2026/09/06 09:36:27.000   46.274146162    9.778891258  2458.7103   2  18   0.0059   0.0061   0.0131  -0.0028   0.0030   0.0024   0.00    1.0
2026/09/06 09:36:28.000   46.274146271    9.778891416  2458.7086   2  18   0.0059   0.0061   0.0132  -0.0028   0.0030   0.0024   0.00    1.0
2026/09/06 09:36:29.000   46.274146363    9.778891700  2458.7106   2  18   0.0059   0.0061   0.0132  -0.0028   0.0030   0.0024   0.00    1.0
2026/09/06 09:36:30.000   46.274146704    9.778891863  2458.6987   2  18   0.0059   0.0061   0.0132  -0.0028   0.0030   0.0024   0.00    1.0
2026/09/06 09:36:31.000   46.274146353    9.778891675  2458.7258   2  18   0.0059   0.0061   0.0132  -0.0028   0.0030   0.0024   0.00    1.0
2026/09/06 09:36:32.000   46.274144766    9.778890707  2458.7218   2  18   0.0059   0.0061   0.0132  -0.0028   0.0030   0.0023   0.00    1.0
2026/09/06 09:36:33.000   46.274144254    9.778889051  2458.7445   2  18   0.0059   0.0061   0.0132  -0.0028   0.0030   0.0023   0.00    1.0
2026/09/06 09:36:34.000   46.274144368    9.778889625  2458.7417   2  18   0.0059   0.0061   0.0132  -0.0028   0.0030   0.0023   0.00    1.0
2026/09/06 09:36:35.000   46.274144147    9.778889163  2458.7678   2  18   0.0059   0.0061   0.0132  -0.0028   0.0030   0.0023   0.00    1.0
2026/09/06 09:36:36.000   46.274144440    9.778887661  2458.8127   2  18   0.0058   0.0061   0.0132  -0.0028   0.0030   0.0023   0.00    1.0
2026/09/06 09:36:37.000   46.274144077    9.778888202  2458.8207   2  18   0.0058   0.0061   0.0132  -0.0028   0.0030   0.0023   0.00    1.0
2026/09/06 09:36:38.000   46.274143830    9.778888534  2458.8065   2  18   0.0058   0.0061   0.0132  -0.0028   0.0030   0.0023   0.00    1.0
2026/09/06 09:36:39.000   46.274143671    9.778888234  2458.8119   2  18   0.0058   0.0061   0.0132  -0.0028   0.0030   0.0023   0.00    1.0
2026/09/06 09:36:40.000   46.274143438    9.778888464  2458.8434   2  18   0.0059   0.0061   0.0134  -0.0029   0.0032   0.0020   0.00    1.1
2026/09/06 09:36:41.000   46.274143135    9.778888073  2458.8317   2  18   0.0059   0.0061   0.0134  -0.0029   0.0032   0.0020   0.00    1.1
2026/09/06 09:36:42.000   46.274142325    9.778889255  2458.7719   2  18   0.0058   0.0061   0.0132  -0.0028   0.0030   0.0023   0.00    1.0
2026/09/06 09:36:43.000   46.274146003    9.778892221  2458.8191   2  18   0.0058   0.0061   0.0132  -0.0028   0.0030   0.0023   0.00    1.0
2026/09/06 09:36:44.000   46.274146392    9.778892610  2458.8060   2  18   0.0058   0.0061   0.0132  -0.0028   0.0030   0.0023   0.00    1.0
2026/09/06 09:36:45.000   46.274145925    9.778892223  2458.8490   2  18   0.0058   0.0061   0.0132  -0.0028   0.0030   0.0023   0.00    1.0
2026/09/06 09:36:46.000   46.274145064    9.778891068  2458.8531   2  18   0.0058   0.0061   0.0132  -0.0028   0.0030   0.0023   0.00    1.0
2026/09/06 09:36:47.000   46.274145648    9.778891157  2458.8559   2  18   0.0058   0.0061   0.0132  -0.0028   0.0030   0.0022   0.00    1.0
2026/09/06 09:36:48.000   46.274146444    9.778892652  2458.8441   2  18   0.0058   0.0061   0.0132  -0.0028   0.0030   0.0022   0.00    1.0
2026/09/06 09:36:49.000   46.274144961    9.778892554  2458.8499   2  18   0.0058   0.0061   0.0132  -0.0028   0.0030   0.0022   0.00    1.0
2026/09/06 09:36:50.000   46.274145464    9.778892143  2458.8238   2  18   0.0058   0.0061   0.0132  -0.0028   0.0029   0.0022   0.00    1.0
2026/09/06 09:36:51.000   46.274144739    9.778892211  2458.8488   2  18   0.0058   0.0061   0.0132  -0.0028   0.0029   0.0022   0.00    1.0
2026/09/06 09:36:52.000   46.274144594    9.778891777  2458.8685   2  18   0.0058   0.0061   0.0132  -0.0028   0.0029   0.0022   0.00    1.0
2026/09/06 09:36:53.000   46.274144767    9.778891468  2458.8792   2  18   0.0058   0.0061   0.0132  -0.0028   0.0029   0.0022   0.00    1.0
2026/09/06 09:36:54.000   46.274144611    9.778891701  2458.8794   2  18   0.0058   0.0061   0.0133  -0.0028   0.0029   0.0022   0.00    1.0
2026/09/06 09:36:55.000   46.274144390    9.778890839  2458.8994   2  18   0.0058   0.0061   0.0133  -0.0028   0.0029   0.0022   0.00    1.0
2026/09/06 09:36:56.000   46.274143781    9.778889588  2458.9227   2  18   0.0058   0.0061   0.0133  -0.0028   0.0029   0.0022   0.00    1.0
2026/09/06 09:36:57.000   46.274144909    9.778890430  2458.9639   2  18   0.0058   0.0061   0.0133  -0.0028   0.0029   0.0022   0.00    1.0
2026/09/06 09:36:58.000   46.274145408    9.778891259  2458.8949   2  18   0.0058   0.0061   0.0133  -0.0028   0.0029   0.0023   0.00    1.0
2026/09/06 09:36:59.000   46.274141982    9.778891299  2458.9717   2  18   0.0058   0.0062   0.0134  -0.0029   0.0028   0.0023   0.00    1.0
2026/09/06 09:37:00.000   46.274141269    9.778892263  2459.0054   2  18   0.0058   0.0062   0.0134  -0.0029   0.0028   0.0023   0.00    1.0
2026/09/06 09:37:01.000   46.274143803    9.778891595  2459.0426   2  18   0.0058   0.0062   0.0135  -0.0029   0.0027   0.0023   0.00    1.0
2026/09/06 09:37:02.000   46.274145908    9.778893616  2459.0987   2  18   0.0059   0.0062   0.0136  -0.0029   0.0026   0.0024   0.00    1.0
2026/09/06 09:37:03.000   46.274146564    9.778892684  2458.9596   2  18   0.0059   0.0062   0.0139  -0.0030   0.0024   0.0025   0.00    1.0
2026/09/06 09:37:04.000   46.274141410    9.778883891  2459.2329   2  18   0.0065   0.0063   0.0150  -0.0031   0.0018   0.0043   0.00    1.0
2026/09/06 09:37:05.000   46.274133094    9.778900279  2453.2431   2  15   0.0064   0.0067   0.0168  -0.0029  -0.0030   0.0041   0.00    1.0
2026/09/06 09:37:06.000   46.274134462    9.778893052  2455.1894   2  17   0.0061   0.0065   0.0142  -0.0027   0.0025   0.0034   0.00    1.0
2026/09/06 09:37:07.000   46.274135102    9.778895778  2455.0041   2  16   0.0061   0.0067   0.0148  -0.0025   0.0015   0.0029   0.00    1.0
2026/09/06 09:37:08.000   46.274135023    9.778894445  2455.2111   2  15   0.0060   0.0067   0.0149  -0.0026   0.0014   0.0026   0.00    1.0
2026/09/06 09:37:09.000   46.274135558    9.778891458  2455.9853   2  14   0.0060   0.0073   0.0163  -0.0027  -0.0037   0.0031   0.00    1.0
2026/09/06 09:37:10.000   46.274135230    9.778891336  2455.7898   2  16   0.0060   0.0068   0.0150  -0.0026   0.0026   0.0023   0.00    1.0
2026/09/06 09:37:11.000   46.274136277    9.778894409  2456.1739   2  15   0.0068   0.0082   0.0159   0.0027   0.0046   0.0035   0.00    1.0
2026/09/06 09:37:12.000   46.274136403    9.778894437  2456.2142   2  16   0.0067   0.0078   0.0155   0.0021   0.0043   0.0038   0.00    1.0
2026/09/06 09:37:13.000   46.274137245    9.778891758  2456.6864   2  18   0.0064   0.0075   0.0142   0.0012   0.0045   0.0036   0.00    1.0
2026/09/06 09:37:14.000   46.274140483    9.778888639  2457.5569   2  16   0.0064   0.0081   0.0144   0.0007   0.0037   0.0035   0.00    1.0
2026/09/06 09:37:15.000   46.274141804    9.778888670  2457.2248   2  18   0.0064   0.0077   0.0145   0.0006   0.0052   0.0031   0.00    1.0
2026/09/06 09:37:16.000   46.274144080    9.778891437  2457.0290   2  15   0.0067   0.0081   0.0141   0.0025   0.0033   0.0039   0.00    1.0
2026/09/06 09:37:17.000   46.274142314    9.778886972  2457.8646   2  18   0.0067   0.0073   0.0133   0.0021   0.0046   0.0040   0.00    1.0
2026/09/06 09:37:18.000   46.274137387    9.778880835  2458.1616   2  17   0.0064   0.0069   0.0131  -0.0004   0.0042   0.0036   0.00    1.0
2026/09/06 09:37:19.000   46.274134410    9.778879221  2458.3094   2  18   0.0063   0.0067   0.0130  -0.0015   0.0041   0.0034   0.00    1.0
2026/09/06 09:37:20.000   46.274131768    9.778876823  2458.5363   2  18   0.0062   0.0066   0.0129  -0.0018   0.0040   0.0032   0.00    1.1
2026/09/06 09:37:21.000   46.274127430    9.778877565  2458.0503   2  18   0.0062   0.0066   0.0128  -0.0020   0.0039   0.0031   0.00    1.0
2026/09/06 09:37:22.000   46.274123864    9.778869389  2458.1600   2  17   0.0062   0.0067   0.0130  -0.0024   0.0035   0.0033   0.00    1.0
2026/09/06 09:37:23.000   46.274120104    9.778862995  2458.1431   2  18   0.0061   0.0065   0.0128  -0.0022   0.0039   0.0030   0.00    1.0
2026/09/06 09:37:24.000   46.274119992    9.778852802  2458.5994   2  18   0.0061   0.0065   0.0128  -0.0023   0.0039   0.0029   0.00    1.1
2026/09/06 09:37:25.000   46.274118068    9.778847839  2458.6993   2  18   0.0061   0.0065   0.0129  -0.0024   0.0039   0.0028   0.00    1.0
2026/09/06 09:37:26.000   46.274119850    9.778847886  2458.9747   2  18   0.0061   0.0065   0.0129  -0.0025   0.0039   0.0027   0.00    1.0
2026/09/06 09:37:27.000   46.274120254    9.778844388  2458.9891   2  16   0.0062   0.0065   0.0135  -0.0025   0.0037   0.0023   0.00    1.3
2026/09/06 09:37:28.000   46.274121550    9.778839371  2459.0013   2  17   0.0062   0.0066   0.0131  -0.0026   0.0039   0.0024   0.00    1.0
2026/09/06 09:37:29.000   46.274123742    9.778838163  2459.1160   2  18   0.0062   0.0066   0.0130  -0.0027   0.0040   0.0024   0.00    1.0
2026/09/06 09:37:30.000   46.274121784    9.778836011  2459.1835   2  18   0.0063   0.0066   0.0131  -0.0029   0.0043   0.0022   0.00    1.1
2026/09/06 09:37:31.000   46.274118548    9.778837015  2459.5908   2  18   0.0064   0.0068   0.0134  -0.0030   0.0045   0.0016   0.00    1.1
2026/09/06 09:37:32.000   46.274115081    9.778834002  2459.4041   2  15   0.0067   0.0070   0.0149  -0.0034   0.0047  -0.0023   0.00    1.2
2026/09/06 09:37:33.000   46.274116229    9.778838316  2459.1869   2  13   0.0074   0.0069   0.0144  -0.0019   0.0031   0.0029   0.00    1.0
2026/09/06 09:37:34.000   46.274116695    9.778840616  2459.1963   2  14   0.0079   0.0071   0.0153  -0.0027   0.0034  -0.0016   0.00    1.0
2026/09/06 09:37:35.000   46.274114624    9.778840271  2459.0868   2  14   0.0074   0.0070   0.0149  -0.0026   0.0033  -0.0005   0.00    1.2
2026/09/06 09:37:36.000   46.274116021    9.778838572  2459.3030   2  15   0.0072   0.0069   0.0140  -0.0024   0.0030   0.0021   0.00    1.2
2026/09/06 09:37:37.000   46.274119958    9.778840156  2459.2478   2  15   0.0072   0.0067   0.0139  -0.0024   0.0025   0.0016   0.00    1.2
2026/09/06 09:37:38.000   46.274121745    9.778842637  2459.7411   2  16   0.0070   0.0065   0.0134  -0.0025   0.0026   0.0027   0.00    1.0
2026/09/06 09:37:39.000   46.274118008    9.778837945  2459.4198   2  16   0.0070   0.0065   0.0133  -0.0026   0.0027   0.0029   0.00    1.1
2026/09/06 09:37:40.000   46.274117083    9.778838517  2459.6003   2  15   0.0069   0.0064   0.0134  -0.0026   0.0027   0.0029   0.00    1.1
2026/09/06 09:37:41.000   46.274119131    9.778841320  2459.9982   2  16   0.0069   0.0064   0.0132  -0.0026   0.0028   0.0032   0.00    1.1
2026/09/06 09:37:42.000   46.274120898    9.778845586  2460.1994   2  18   0.0069   0.0064   0.0130  -0.0027   0.0029   0.0034   0.00    1.0
2026/09/06 09:37:43.000   46.274123540    9.778843896  2460.2592   2  18   0.0070   0.0064   0.0129  -0.0027   0.0031   0.0036   0.00    1.1
2026/09/06 09:37:44.000   46.274126401    9.778843658  2460.3563   2  18   0.0070   0.0064   0.0129  -0.0028   0.0032   0.0037   0.00    1.0
2026/09/06 09:37:45.000   46.274126715    9.778842089  2460.1254   2  18   0.0071   0.0064   0.0129  -0.0028   0.0032   0.0039   0.00    1.0
2026/09/06 09:37:46.000   46.274127211    9.778841297  2460.2216   2  18   0.0072   0.0064   0.0130  -0.0029   0.0033   0.0040   0.00    1.0
2026/09/06 09:37:47.000   46.274127201    9.778840355  2460.3152   2  18   0.0074   0.0064   0.0131  -0.0030   0.0034   0.0042   0.00    1.0
2026/09/06 09:37:48.000   46.274127958    9.778839583  2460.5775   2  18   0.0076   0.0066   0.0135  -0.0031   0.0035   0.0046   0.00    1.2
2026/09/06 09:37:49.000   46.274118186    9.778842951  2459.7486   2  18   0.0061   0.0064   0.0128  -0.0027   0.0028   0.0027   0.00    1.0
2026/09/06 09:37:50.000   46.274120046    9.778843740  2459.6703   2  18   0.0061   0.0064   0.0124  -0.0022   0.0028   0.0026   0.00    1.1
2026/09/06 09:37:51.000   46.274122611    9.778844214  2459.7605   2  18   0.0060   0.0064   0.0123  -0.0022   0.0029   0.0025   0.00    1.0
2026/09/06 09:37:52.000   46.274120829    9.778845366  2459.8127   2  18   0.0060   0.0064   0.0122  -0.0022   0.0030   0.0025   0.00    1.0
2026/09/06 09:37:53.000   46.274121615    9.778843934  2459.8579   2  18   0.0060   0.0064   0.0122  -0.0022   0.0032   0.0024   0.00    1.1
2026/09/06 09:37:54.000   46.274120800    9.778843650  2459.9159   2  18   0.0060   0.0063   0.0122  -0.0022   0.0030   0.0024   0.00    1.4
2026/09/06 09:37:55.000   46.274120811    9.778843273  2459.8466   2  18   0.0059   0.0062   0.0121  -0.0022   0.0029   0.0023   0.00    1.0
2026/09/06 09:37:56.000   46.274119948    9.778844623  2459.9938   2  18   0.0059   0.0062   0.0121  -0.0022   0.0029   0.0023   0.00    1.0
2026/09/06 09:37:57.000   46.274119465    9.778840860  2459.9810   2  18   0.0059   0.0062   0.0121  -0.0022   0.0029   0.0022   0.00    1.0
2026/09/06 09:37:58.000   46.274118854    9.778842852  2460.0570   2  18   0.0059   0.0062   0.0121  -0.0022   0.0030   0.0022   0.00    1.0
2026/09/06 09:37:59.000   46.274119299    9.778841816  2460.0528   2  18   0.0059   0.0062   0.0121  -0.0022   0.0030   0.0022   0.00    1.1
2026/09/06 09:38:00.000   46.274118606    9.778841760  2460.0507   2  18   0.0059   0.0062   0.0121  -0.0022   0.0030   0.0022   0.00    1.1
2026/09/06 09:38:01.000   46.274119280    9.778841471  2460.0662   2  18   0.0059   0.0062   0.0121  -0.0022   0.0030   0.0022   0.00    1.1
2026/09/06 09:38:02.000   46.274119009    9.778842217  2460.0796   2  18   0.0059   0.0061   0.0121  -0.0022   0.0030   0.0021   0.00    1.1
2026/09/06 09:38:03.000   46.274118741    9.778842695  2460.0746   2  18   0.0059   0.0061   0.0120  -0.0022   0.0030   0.0021   0.00    1.1
2026/09/06 09:38:04.000   46.274118999    9.778841502  2460.0797   2  18   0.0059   0.0061   0.0120  -0.0022   0.0030   0.0021   0.00    1.1
2026/09/06 09:38:05.000   46.274120398    9.778843527  2460.2017   2  18   0.0059   0.0061   0.0120  -0.0022   0.0030   0.0021   0.00    1.1
2026/09/06 09:38:06.000   46.274121606    9.778842845  2460.2095   2  18   0.0059   0.0061   0.0120  -0.0022   0.0030   0.0021   0.00    1.1
2026/09/06 09:38:07.000   46.274122129    9.778840234  2460.2114   2  18   0.0059   0.0061   0.0120  -0.0022   0.0030   0.0021   0.00    1.0
2026/09/06 09:38:08.000   46.274119795    9.778838773  2460.1260   2  18   0.0058   0.0061   0.0120  -0.0022   0.0030   0.0021   0.00    1.0
2026/09/06 09:38:09.000   46.274120058    9.778837009  2460.0836   2  18   0.0058   0.0061   0.0120  -0.0022   0.0030   0.0021   0.00    1.0
2026/09/06 09:38:10.000   46.274121710    9.778836715  2460.0736   2  18   0.0058   0.0061   0.0120  -0.0021   0.0030   0.0021   0.00    1.0
2026/09/06 09:38:11.000   46.274119281    9.778838321  2460.0162   2  18   0.0058   0.0061   0.0120  -0.0021   0.0030   0.0021   0.00    1.0
2026/09/06 09:38:12.000   46.274120015    9.778838662  2460.0186   2  18   0.0058   0.0061   0.0120  -0.0021   0.0030   0.0021   0.00    1.1
2026/09/06 09:38:13.000   46.274119988    9.778838614  2460.0234   2  18   0.0058   0.0061   0.0120  -0.0021   0.0030   0.0021   0.00    1.1
2026/09/06 09:38:14.000   46.274119935    9.778839590  2460.0313   2  18   0.0058   0.0061   0.0120  -0.0021   0.0030   0.0020   0.00    1.1
2026/09/06 09:38:15.000   46.274120432    9.778839280  2460.0430   2  18   0.0058   0.0061   0.0120  -0.0021   0.0030   0.0020   0.00    1.1
2026/09/06 09:38:16.000   46.274121037    9.778837178  2460.0485   2  18   0.0058   0.0061   0.0120  -0.0021   0.0030   0.0020   0.00    1.1
2026/09/06 09:38:17.000   46.274121032    9.778837278  2460.0467   2  18   0.0058   0.0061   0.0120  -0.0021   0.0030   0.0020   0.00    1.1
2026/09/06 09:38:18.000   46.274121053    9.778836947  2460.0441   2  18   0.0058   0.0061   0.0120  -0.0021   0.0030   0.0020   0.00    1.1
2026/09/06 09:38:19.000   46.274121134    9.778837013  2460.0503   2  18   0.0058   0.0061   0.0120  -0.0021   0.0031   0.0020   0.00    1.1
2026/09/06 09:38:20.000   46.274121143    9.778837023  2460.0509   2  18   0.0058   0.0061   0.0120  -0.0021   0.0031   0.0020   0.00    1.1
2026/09/06 09:38:21.000   46.274121143    9.778836996  2460.0540   2  18   0.0058   0.0061   0.0120  -0.0021   0.0031   0.0020   0.00    1.2
2026/09/06 09:38:22.000   46.274121159    9.778836987  2460.0574   2  18   0.0058   0.0061   0.0120  -0.0021   0.0031   0.0020   0.00    1.2
2026/09/06 09:38:23.000   46.274121164    9.778836980  2460.0577   2  18   0.0058   0.0061   0.0120  -0.0021   0.0031   0.0020   0.00    1.2
2026/09/06 09:38:24.000   46.274121155    9.778836963  2460.0613   2  18   0.0058   0.0061   0.0120  -0.0021   0.0031   0.0020   0.00    1.2
2026/09/06 09:38:25.000   46.274121161    9.778836978  2460.0636   2  18   0.0058   0.0061   0.0120  -0.0021   0.0031   0.0020   0.00    1.2
2026/09/06 09:38:26.000   46.274121166    9.778836964  2460.0615   2  18   0.0058   0.0061   0.0120  -0.0021   0.0031   0.0020   0.00    1.2
2026/09/06 09:38:27.000   46.274121186    9.778836977  2460.0667   2  18   0.0058   0.0061   0.0120  -0.0021   0.0031   0.0020   0.00    1.2
2026/09/06 09:38:28.000   46.274121194    9.778836937  2460.0667   2  18   0.0058   0.0061   0.0120  -0.0021   0.0031   0.0020   0.00    1.2
2026/09/06 09:38:29.000   46.274121192    9.778836929  2460.0703   2  18   0.0058   0.0061   0.0120  -0.0021   0.0031   0.0020   0.00    1.2
2026/09/06 09:38:30.000   46.274121188    9.778836922  2460.0672   2  18   0.0058   0.0061   0.0120  -0.0021   0.0031   0.0020   0.00    1.2
2026/09/06 09:38:31.000   46.274121163    9.778836900  2460.0718   2  18   0.0058   0.0061   0.0120  -0.0021   0.0031   0.0020   0.00    1.2
2026/09/06 09:38:32.000   46.274121152    9.778836909  2460.0739   2  18   0.0058   0.0061   0.0120  -0.0021   0.0031   0.0020   0.00    1.2
2026/09/06 09:38:33.000   46.274121153    9.778836890  2460.0713   2  18   0.0058   0.0061   0.0120  -0.0021   0.0031   0.0020   0.00    1.2
2026/09/06 09:38:34.000   46.274121172    9.778836862  2460.0781   2  18   0.0058   0.0061   0.0120  -0.0021   0.0031   0.0020   0.00    1.2
2026/09/06 09:38:35.000   46.274121180    9.778836849  2460.0756   2  18   0.0058   0.0061   0.0120  -0.0021   0.0031   0.0020   0.00    1.2
2026/09/06 09:38:36.000   46.274121189    9.778836857  2460.0792   2  18   0.0058   0.0061   0.0120  -0.0021   0.0031   0.0020   0.00    1.2
2026/09/06 09:38:37.000   46.274121172    9.778836860  2460.0784   2  18   0.0058   0.0061   0.0120  -0.0021   0.0031   0.0020   0.00    1.2
2026/09/06 09:38:38.000   46.274121168    9.778836827  2460.0817   2  18   0.0058   0.0061   0.0120  -0.0021   0.0031   0.0020   0.00    1.2
2026/09/06 09:38:39.000   46.274121159    9.778836854  2460.0806   2  18   0.0058   0.0061   0.0120  -0.0021   0.0031   0.0020   0.00    1.2
2026/09/06 09:38:40.000   46.274121199    9.778836835  2460.0849   2  18   0.0058   0.0061   0.0120  -0.0021   0.0031   0.0020   0.00    1.2
2026/09/06 09:38:41.000   46.274121209    9.778836834  2460.0839   2  18   0.0058   0.0061   0.0120  -0.0021   0.0031   0.0020   0.00    1.2
2026/09/06 09:38:42.000   46.274121195    9.778836842  2460.0902   2  18   0.0058   0.0062   0.0120  -0.0021   0.0031   0.0020   0.00    1.2
2026/09/06 09:38:43.000   46.274121204    9.778836809  2460.0922   2  18   0.0058   0.0062   0.0120  -0.0021   0.0031   0.0020   0.00    1.2
2026/09/06 09:38:44.000   46.274121215    9.778836784  2460.0942   2  18   0.0058   0.0062   0.0120  -0.0021   0.0031   0.0020   0.00    1.2
2026/09/06 09:38:45.000   46.274121229    9.778836761  2460.0933   2  18   0.0058   0.0062   0.0120  -0.0021   0.0031   0.0020   0.00    1.2
2026/09/06 09:38:46.000   46.274121239    9.778836756  2460.0957   2  18   0.0058   0.0062   0.0120  -0.0021   0.0031   0.0020   0.00    1.2
2026/09/06 09:38:47.000   46.274121219    9.778836762  2460.0958   2  18   0.0058   0.0062   0.0120  -0.0021   0.0031   0.0020   0.00    1.2
2026/09/06 09:38:48.000   46.274121232    9.778836755  2460.0941   2  18   0.0058   0.0062   0.0120  -0.0021   0.0031   0.0020   0.00    1.2
2026/09/06 09:38:49.000   46.274121207    9.778836763  2460.0945   2  18   0.0058   0.0062   0.0120  -0.0021   0.0031   0.0020   0.00    1.2
2026/09/06 09:38:50.000   46.274121227    9.778836743  2460.0930   2  18   0.0058   0.0062   0.0120  -0.0021   0.0031   0.0020   0.00    1.2
2026/09/06 09:38:51.000   46.274121214    9.778836726  2460.0955   2  18   0.0058   0.0062   0.0120  -0.0021   0.0031   0.0020   0.00    1.2
2026/09/06 09:38:52.000   46.274121203    9.778836711  2460.0979   2  18   0.0058   0.0062   0.0120  -0.0021   0.0031   0.0020   0.00    1.2
2026/09/06 09:38:53.000   46.274121207    9.778836701  2460.0986   2  18   0.0058   0.0062   0.0120  -0.0021   0.0031   0.0020   0.00    1.2
2026/09/06 09:38:54.000   46.274121217    9.778836710  2460.0998   2  18   0.0058   0.0062   0.0120  -0.0021   0.0031   0.0020   0.00    1.2
2026/09/06 09:38:55.000   46.274121191    9.778836703  2460.1005   2  18   0.0058   0.0062   0.0120  -0.0021   0.0031   0.0020   0.00    1.2
2026/09/06 09:38:56.000   46.274121182    9.778836714  2460.0952   2  18   0.0058   0.0062   0.0120  -0.0021   0.0031   0.0020   0.00    1.2
2026/09/06 09:38:57.000   46.274121197    9.778836704  2460.0982   2  18   0.0058   0.0062   0.0120  -0.0021   0.0032   0.0019   0.00    1.2
2026/09/06 09:38:58.000   46.274121183    9.778836699  2460.0976   2  18   0.0058   0.0062   0.0120  -0.0021   0.0032   0.0019   0.00    1.2
2026/09/06 09:38:59.000   46.274121184    9.778836679  2460.0996   2  18   0.0058   0.0062   0.0120  -0.0021   0.0032   0.0019   0.00    1.2
2026/09/06 09:39:00.000   46.274121176    9.778836725  2460.1006   2  18   0.0058   0.0062   0.0120  -0.0021   0.0032   0.0019   0.00    1.2
2026/09/06 09:39:01.000   46.274121190    9.778836724  2460.0998   2  18   0.0058   0.0062   0.0120  -0.0021   0.0032   0.0019   0.00    1.2
2026/09/06 09:39:02.000   46.274121187    9.778836709  2460.0998   2  18   0.0058   0.0062   0.0120  -0.0021   0.0032   0.0019   0.00    1.2
2026/09/06 09:39:03.000   46.274121187    9.778836696  2460.1041   2  18   0.0058   0.0062   0.0120  -0.0021   0.0032   0.0019   0.00    1.2
2026/09/06 09:39:04.000   46.274121180    9.778836678  2460.1065   2  18   0.0058   0.0062   0.0120  -0.0021   0.0032   0.0019   0.00    1.2
2026/09/06 09:39:05.000   46.274121180    9.778836693  2460.1096   2  18   0.0058   0.0062   0.0120  -0.0021   0.0032   0.0019   0.00    1.2
2026/09/06 09:39:06.000   46.274121150    9.778836689  2460.1059   2  18   0.0058   0.0062   0.0120  -0.0021   0.0032   0.0019   0.00    1.2
2026/09/06 09:39:07.000   46.274121161    9.778836672  2460.1050   2  18   0.0058   0.0062   0.0120  -0.0021   0.0032   0.0019   0.00    1.2
2026/09/06 09:39:08.000   46.274121138    9.778836669  2460.1068   2  18   0.0058   0.0062   0.0120  -0.0021   0.0032   0.0019   0.00    1.2
2026/09/06 09:39:09.000   46.274121123    9.778836664  2460.1067   2  18   0.0058   0.0062   0.0120  -0.0021   0.0032   0.0019   0.00    1.2
2026/09/06 09:39:10.000   46.274121134    9.778836657  2460.1052   2  18   0.0058   0.0062   0.0120  -0.0021   0.0032   0.0019   0.00    1.2
2026/09/06 09:39:11.000   46.274121154    9.778836675  2460.1089   2  18   0.0058   0.0062   0.0120  -0.0021   0.0032   0.0019   0.00    1.2
2026/09/06 09:39:12.000   46.274121149    9.778836659  2460.1134   2  18   0.0058   0.0062   0.0121  -0.0021   0.0032   0.0019   0.00    1.2
2026/09/06 09:39:13.000   46.274121155    9.778836630  2460.1128   2  18   0.0058   0.0062   0.0121  -0.0021   0.0032   0.0019   0.00    1.3
2026/09/06 09:39:14.000   46.274121179    9.778836625  2460.1160   2  18   0.0058   0.0062   0.0121  -0.0021   0.0032   0.0019   0.00    1.3
2026/09/06 09:39:15.000   46.274121200    9.778836632  2460.1209   2  18   0.0058   0.0062   0.0121  -0.0021   0.0032   0.0019   0.00    1.3
2026/09/06 09:39:16.000   46.274121198    9.778836601  2460.1175   2  18   0.0058   0.0062   0.0121  -0.0021   0.0032   0.0019   0.00    1.3
2026/09/06 09:39:17.000   46.274121183    9.778836616  2460.1204   2  18   0.0058   0.0062   0.0121  -0.0021   0.0032   0.0019   0.00    1.3
2026/09/06 09:39:18.000   46.274121179    9.778836616  2460.1220   2  18   0.0058   0.0062   0.0121  -0.0021   0.0032   0.0019   0.00    1.3
2026/09/06 09:39:19.000   46.274119747    9.778836801  2459.8678   2  19   0.0055   0.0062   0.0116  -0.0020   0.0033  -0.0017   0.00    1.0
2026/09/06 09:39:20.000   46.274121181    9.778836600  2460.1291   2  18   0.0058   0.0062   0.0121  -0.0020   0.0032   0.0019   0.00    1.3
2026/09/06 09:39:21.000   46.274121172    9.778836594  2460.1292   2  18   0.0058   0.0062   0.0121  -0.0020   0.0032   0.0019   0.00    1.3
2026/09/06 09:39:22.000   46.274121163    9.778836603  2460.1261   2  18   0.0058   0.0062   0.0121  -0.0020   0.0032   0.0019   0.00    1.3
2026/09/06 09:39:23.000   46.274121164    9.778836600  2460.1244   2  18   0.0058   0.0062   0.0121  -0.0020   0.0032   0.0019   0.00    1.3
2026/09/06 09:39:24.000   46.274121169    9.778836594  2460.1269   2  18   0.0058   0.0062   0.0121  -0.0020   0.0032   0.0019   0.00    1.3
2026/09/06 09:39:25.000   46.274119912    9.778836488  2459.9293   2  19   0.0055   0.0062   0.0116  -0.0019   0.0034  -0.0018   0.00    1.0
2026/09/06 09:39:26.000   46.274119968    9.778836382  2459.9497   2  19   0.0055   0.0062   0.0116  -0.0019   0.0034  -0.0018   0.00    1.0
2026/09/06 09:39:27.000   46.274120003    9.778836327  2459.9647   2  19   0.0055   0.0062   0.0116  -0.0019   0.0034  -0.0018   0.00    1.0
2026/09/06 09:39:28.000   46.274120030    9.778836288  2459.9710   2  19   0.0055   0.0062   0.0116  -0.0019   0.0034  -0.0018   0.00    1.0
2026/09/06 09:39:29.000   46.274120044    9.778836299  2459.9812   2  19   0.0055   0.0062   0.0116  -0.0019   0.0034  -0.0018   0.00    1.0
2026/09/06 09:39:30.000   46.274120060    9.778836260  2459.9855   2  19   0.0055   0.0062   0.0116  -0.0019   0.0034  -0.0018   0.00    1.0
2026/09/06 09:39:31.000   46.274120167    9.778836608  2459.9885   2  19   0.0055   0.0062   0.0116  -0.0019   0.0034  -0.0018   0.00    1.0
2026/09/06 09:39:32.000   46.274119034    9.778844465  2460.1778   2  19   0.0055   0.0062   0.0116  -0.0019   0.0034  -0.0018   0.00    1.0
2026/09/06 09:39:33.000   46.274117296    9.778845076  2460.1492   2  19   0.0055   0.0062   0.0116  -0.0019   0.0035  -0.0018   0.00    1.0
2026/09/06 09:39:34.000   46.274116603    9.778846418  2460.0499   2  19   0.0055   0.0062   0.0116  -0.0019   0.0035  -0.0018   0.00    1.0
2026/09/06 09:39:35.000   46.274117290    9.778847210  2460.0287   2  19   0.0055   0.0062   0.0116  -0.0019   0.0035  -0.0018   0.00    1.1
2026/09/06 09:39:36.000   46.274116969    9.778847214  2460.0168   2  19   0.0055   0.0062   0.0116  -0.0019   0.0035  -0.0019   0.00    1.1
2026/09/06 09:39:37.000   46.274116577    9.778846947  2460.0324   2  19   0.0055   0.0062   0.0116  -0.0019   0.0035  -0.0019   0.00    1.1
2026/09/06 09:39:38.000   46.274114401    9.778848347  2459.9613   2  19   0.0055   0.0062   0.0116  -0.0019   0.0035  -0.0019   0.00    1.1
2026/09/06 09:39:39.000   46.274113993    9.778849266  2459.9230   2  19   0.0055   0.0062   0.0116  -0.0019   0.0035  -0.0019   0.00    1.1
2026/09/06 09:39:40.000   46.274111138    9.778848504  2459.8620   2  19   0.0055   0.0062   0.0116  -0.0019   0.0035  -0.0019   0.00    1.1
2026/09/06 09:39:41.000   46.274109732    9.778848723  2459.8237   2  19   0.0055   0.0062   0.0116  -0.0019   0.0035  -0.0019   0.00    1.1
2026/09/06 09:39:42.000   46.274109544    9.778849092  2459.8252   2  19   0.0055   0.0062   0.0116  -0.0019   0.0035  -0.0019   0.00    1.1
2026/09/06 09:39:43.000   46.274109622    9.778849173  2459.8248   2  19   0.0055   0.0062   0.0116  -0.0019   0.0035  -0.0019   0.00    1.1
2026/09/06 09:39:44.000   46.274109626    9.778849173  2459.8286   2  19   0.0055   0.0062   0.0116  -0.0019   0.0035  -0.0019   0.00    1.1
2026/09/06 09:39:45.000   46.274109630    9.778849216  2459.8353   2  19   0.0055   0.0062   0.0116  -0.0019   0.0035  -0.0019   0.00    1.1
2026/09/06 09:39:46.000   46.274109619    9.778849234  2459.8312   2  19   0.0055   0.0062   0.0116  -0.0019   0.0035  -0.0019   0.00    1.1
2026/09/06 09:39:47.000   46.274109577    9.778849311  2459.8353   2  19   0.0055   0.0062   0.0116  -0.0019   0.0035  -0.0019   0.00    1.1
2026/09/06 09:39:48.000   46.274109455    9.778849587  2459.8339   2  19   0.0055   0.0062   0.0116  -0.0019   0.0035  -0.0019   0.00    1.1
2026/09/06 09:39:49.000   46.274109381    9.778849795  2459.8271   2  19   0.0055   0.0062   0.0116  -0.0019   0.0035  -0.0019   0.00    1.1
2026/09/06 09:39:50.000   46.274109916    9.778849741  2459.8307   2  19   0.0055   0.0062   0.0116  -0.0019   0.0035  -0.0019   0.00    1.1
2026/09/06 09:39:51.000   46.274109880    9.778849771  2459.8350   2  19   0.0055   0.0062   0.0116  -0.0019   0.0035  -0.0019   0.00    1.1
2026/09/06 09:39:52.000   46.274109884    9.778849751  2459.8399   2  19   0.0055   0.0062   0.0116  -0.0019   0.0035  -0.0019   0.00    1.1
2026/09/06 09:39:53.000   46.274109891    9.778849665  2459.8443   2  19   0.0055   0.0062   0.0116  -0.0019   0.0035  -0.0019   0.00    1.1
2026/09/06 09:39:54.000   46.274110260    9.778848828  2459.8480   2  19   0.0055   0.0062   0.0116  -0.0019   0.0035  -0.0019   0.00    1.1
2026/09/06 09:39:55.000   46.274110399    9.778848384  2459.8531   2  19   0.0055   0.0062   0.0116  -0.0019   0.0035  -0.0019   0.00    1.1
2026/09/06 09:39:56.000   46.274110365    9.778848353  2459.8584   2  19   0.0055   0.0062   0.0116  -0.0019   0.0035  -0.0019   0.00    1.1
2026/09/06 09:39:57.000   46.274109961    9.778848062  2459.8596   2  19   0.0055   0.0062   0.0116  -0.0019   0.0035  -0.0019   0.00    1.1
2026/09/06 09:39:58.000   46.274109771    9.778847965  2459.8580   2  19   0.0055   0.0062   0.0116  -0.0019   0.0035  -0.0019   0.00    1.1
2026/09/06 09:39:59.000   46.274109731    9.778848117  2459.8586   2  19   0.0055   0.0062   0.0116  -0.0019   0.0035  -0.0019   0.00    1.1
2026/09/06 09:40:00.000   46.274109995    9.778847350  2459.8616   2  19   0.0055   0.0062   0.0116  -0.0019   0.0035  -0.0019   0.00    1.0
2026/09/06 09:40:01.000   46.274109944    9.778847518  2459.8648   2  19   0.0055   0.0062   0.0116  -0.0019   0.0035  -0.0019   0.00    1.0
2026/09/06 09:40:02.000   46.274109953    9.778847523  2459.8685   2  19   0.0055   0.0062   0.0117  -0.0019   0.0035  -0.0019   0.00    1.0
2026/09/06 09:40:03.000   46.274110320    9.778846364  2459.8649   2  19   0.0055   0.0062   0.0117  -0.0019   0.0035  -0.0019   0.00    1.0
2026/09/06 09:40:04.000   46.274110307    9.778846381  2459.8647   2  19   0.0055   0.0062   0.0117  -0.0019   0.0036  -0.0019   0.00    1.0
2026/09/06 09:40:05.000   46.274110312    9.778846389  2459.8681   2  19   0.0055   0.0062   0.0117  -0.0019   0.0036  -0.0019   0.00    1.0
2026/09/06 09:40:06.000   46.274110305    9.778846400  2459.8702   2  19   0.0055   0.0062   0.0117  -0.0019   0.0036  -0.0019   0.00    1.0
2026/09/06 09:40:07.000   46.274110303    9.778846377  2459.8701   2  19   0.0055   0.0062   0.0117  -0.0019   0.0036  -0.0019   0.00    1.0
2026/09/06 09:40:08.000   46.274110278    9.778846385  2459.8687   2  19   0.0055   0.0062   0.0117  -0.0019   0.0036  -0.0019   0.00    1.0
2026/09/06 09:40:09.000   46.274110397    9.778846382  2459.8745   2  19   0.0055   0.0062   0.0117  -0.0019   0.0036  -0.0019   0.00    1.0
2026/09/06 09:40:10.000   46.274110655    9.778846539  2459.8764   2  19   0.0055   0.0062   0.0117  -0.0019   0.0036  -0.0019   0.00    1.0
2026/09/06 09:40:11.000   46.274110700    9.778846578  2459.8778   2  19   0.0055   0.0062   0.0117  -0.0019   0.0036  -0.0019   0.00    1.0
2026/09/06 09:40:12.000   46.274110860    9.778846695  2459.8786   2  19   0.0055   0.0062   0.0117  -0.0019   0.0036  -0.0019   0.00    1.0
2026/09/06 09:40:13.000   46.274110971    9.778846768  2459.8838   2  19   0.0055   0.0062   0.0117  -0.0019   0.0036  -0.0019   0.00    1.0
2026/09/06 09:40:14.000   46.274111196    9.778846891  2459.8815   2  19   0.0055   0.0062   0.0117  -0.0019   0.0036  -0.0019   0.00    1.0
2026/09/06 09:40:15.000   46.274111219    9.778846900  2459.8823   2  19   0.0055   0.0062   0.0117  -0.0019   0.0036  -0.0019   0.00    1.0
2026/09/06 09:40:16.000   46.274111280    9.778846927  2459.8880   2  19   0.0055   0.0062   0.0117  -0.0019   0.0036  -0.0019   0.00    1.0
2026/09/06 09:40:17.000   46.274111222    9.778846895  2459.8862   2  19   0.0055   0.0062   0.0117  -0.0019   0.0036  -0.0019   0.00    1.0
2026/09/06 09:40:18.000   46.274111132    9.778847220  2459.8934   2  19   0.0055   0.0062   0.0117  -0.0019   0.0036  -0.0019   0.00    1.0
2026/09/06 09:40:19.000   46.274111230    9.778847231  2459.8940   2  19   0.0055   0.0062   0.0117  -0.0019   0.0036  -0.0019   0.00    1.0
2026/09/06 09:40:20.000   46.274111346    9.778847163  2459.8986   2  19   0.0055   0.0062   0.0117  -0.0019   0.0036  -0.0019   0.00    1.0
2026/09/06 09:40:21.000   46.274111298    9.778847323  2459.8992   2  19   0.0055   0.0062   0.0117  -0.0019   0.0036  -0.0019   0.00    1.0
2026/09/06 09:40:22.000   46.274111287    9.778847384  2459.8963   2  19   0.0055   0.0062   0.0117  -0.0019   0.0036  -0.0019   0.00    1.0
2026/09/06 09:40:23.000   46.274111282    9.778847364  2459.8999   2  19   0.0055   0.0062   0.0117  -0.0019   0.0036  -0.0019   0.00    1.0
2026/09/06 09:40:24.000   46.274111274    9.778847348  2459.9022   2  19   0.0055   0.0062   0.0117  -0.0019   0.0036  -0.0019   0.00    1.0
2026/09/06 09:40:25.000   46.274111282    9.778847347  2459.9008   2  19   0.0055   0.0062   0.0117  -0.0019   0.0036  -0.0019   0.00    1.0
2026/09/06 09:40:26.000   46.274111273    9.778847351  2459.9059   2  19   0.0055   0.0062   0.0117  -0.0019   0.0036  -0.0019   0.00    1.0
2026/09/06 09:40:27.000   46.274111280    9.778847358  2459.9108   2  19   0.0055   0.0062   0.0117  -0.0019   0.0036  -0.0019   0.00    1.0
2026/09/06 09:40:28.000   46.274111289    9.778847343  2459.9106   2  19   0.0055   0.0062   0.0117  -0.0019   0.0036  -0.0019   0.00    1.0
2026/09/06 09:40:29.000   46.274111292    9.778847322  2459.9081   2  19   0.0055   0.0062   0.0117  -0.0019   0.0036  -0.0019   0.00    1.0
2026/09/06 09:40:30.000   46.274111291    9.778847337  2459.9122   2  19   0.0055   0.0062   0.0117  -0.0019   0.0036  -0.0019   0.00    1.0
2026/09/06 09:40:31.000   46.274111287    9.778847338  2459.9123   2  19   0.0055   0.0062   0.0117  -0.0019   0.0036  -0.0019   0.00    1.0
2026/09/06 09:40:32.000   46.274111269    9.778847325  2459.9111   2  19   0.0055   0.0062   0.0117  -0.0019   0.0036  -0.0019   0.00    1.0
2026/09/06 09:40:33.000   46.274111266    9.778847325  2459.9179   2  19   0.0055   0.0062   0.0117  -0.0019   0.0036  -0.0019   0.00    1.0
2026/09/06 09:40:34.000   46.274111262    9.778847340  2459.9181   2  19   0.0055   0.0062   0.0117  -0.0019   0.0036  -0.0019   0.00    1.0
2026/09/06 09:40:35.000   46.274111264    9.778847350  2459.9184   2  19   0.0055   0.0062   0.0117  -0.0019   0.0036  -0.0019   0.00    1.0
2026/09/06 09:40:36.000   46.274111256    9.778847344  2459.9170   2  19   0.0055   0.0062   0.0117  -0.0019   0.0036  -0.0019   0.00    1.0
2026/09/06 09:40:37.000   46.274111257    9.778847339  2459.9186   2  19   0.0055   0.0062   0.0117  -0.0019   0.0036  -0.0019   0.00    1.0
2026/09/06 09:40:38.000   46.274111256    9.778847310  2459.9175   2  19   0.0055   0.0062   0.0117  -0.0019   0.0036  -0.0019   0.00    1.0
2026/09/06 09:40:39.000   46.274111266    9.778847313  2459.9209   2  19   0.0055   0.0062   0.0117  -0.0019   0.0036  -0.0019   0.00    1.0
2026/09/06 09:40:40.000   46.274111264    9.778847322  2459.9214   2  19   0.0055   0.0062   0.0117  -0.0019   0.0036  -0.0019   0.00    1.0
2026/09/06 09:40:41.000   46.274111269    9.778847316  2459.9237   2  19   0.0055   0.0062   0.0117  -0.0019   0.0036  -0.0019   0.00    1.0
2026/09/06 09:40:42.000   46.274111265    9.778847361  2459.9247   2  19   0.0055   0.0062   0.0117  -0.0019   0.0036  -0.0020   0.00    1.0
2026/09/06 09:40:43.000   46.274111270    9.778847334  2459.9254   2  19   0.0055   0.0062   0.0118  -0.0019   0.0036  -0.0020   0.00    1.0
2026/09/06 09:40:44.000   46.274111280    9.778847338  2459.9284   2  19   0.0055   0.0062   0.0118  -0.0019   0.0036  -0.0020   0.00    1.0
2026/09/06 09:40:45.000   46.274111280    9.778847340  2459.9286   2  19   0.0055   0.0062   0.0118  -0.0019   0.0036  -0.0020   0.00    1.0
2026/09/06 09:40:46.000   46.274111259    9.778847362  2459.9311   2  19   0.0055   0.0062   0.0118  -0.0019   0.0036  -0.0020   0.00    1.0
2026/09/06 09:40:47.000   46.274111252    9.778847358  2459.9281   2  19   0.0055   0.0062   0.0118  -0.0019   0.0036  -0.0020   0.00    1.0
2026/09/06 09:40:48.000   46.274111251    9.778847362  2459.9270   2  19   0.0055   0.0062   0.0118  -0.0019   0.0036  -0.0020   0.00    1.0
2026/09/06 09:40:49.000   46.274111234    9.778847365  2459.9278   2  19   0.0055   0.0062   0.0118  -0.0019   0.0036  -0.0020   0.00    1.0
2026/09/06 09:40:50.000   46.274111223    9.778847371  2459.9296   2  19   0.0055   0.0062   0.0118  -0.0019   0.0036  -0.0020   0.00    1.0
2026/09/06 09:40:51.000   46.274111215    9.778847378  2459.9298   2  19   0.0055   0.0062   0.0118  -0.0019   0.0037  -0.0020   0.00    1.0
2026/09/06 09:40:52.000   46.274111212    9.778847384  2459.9284   2  19   0.0055   0.0062   0.0118  -0.0019   0.0037  -0.0020   0.00    1.0
2026/09/06 09:40:53.000   46.274111210    9.778847383  2459.9298   2  19   0.0055   0.0062   0.0118  -0.0019   0.0037  -0.0020   0.00    1.0
2026/09/06 09:40:54.000   46.274111205    9.778847404  2459.9304   2  19   0.0055   0.0062   0.0118  -0.0019   0.0037  -0.0020   0.00    1.0
2026/09/06 09:40:55.000   46.274111202    9.778847390  2459.9329   2  19   0.0055   0.0062   0.0118  -0.0019   0.0037  -0.0020   0.00    1.0
2026/09/06 09:40:56.000   46.274111214    9.778847373  2459.9346   2  19   0.0055   0.0062   0.0118  -0.0019   0.0037  -0.0020   0.00    1.0
2026/09/06 09:40:57.000   46.274111219    9.778847373  2459.9335   2  19   0.0055   0.0062   0.0118  -0.0019   0.0037  -0.0020   0.00    1.0
2026/09/06 09:40:58.000   46.274111207    9.778847393  2459.9352   2  19   0.0055   0.0062   0.0118  -0.0019   0.0037  -0.0020   0.00    1.0
2026/09/06 09:40:59.000   46.274111207    9.778847379  2459.9348   2  19   0.0055   0.0062   0.0118  -0.0019   0.0037  -0.0020   0.00    1.0
2026/09/06 09:41:00.000   46.274111207    9.778847360  2459.9351   2  19   0.0055   0.0062   0.0118  -0.0019   0.0037  -0.0020   0.00    1.0
2026/09/06 09:41:01.000   46.274111202    9.778847391  2459.9359   2  19   0.0055   0.0062   0.0118  -0.0019   0.0037  -0.0020   0.00    1.0
2026/09/06 09:41:02.000   46.274111208    9.778847367  2459.9345   2  19   0.0055   0.0062   0.0118  -0.0019   0.0037  -0.0020   0.00    1.0
2026/09/06 09:41:03.000   46.274111214    9.778847356  2459.9395   2  19   0.0055   0.0062   0.0118  -0.0019   0.0037  -0.0020   0.00    1.0
2026/09/06 09:41:04.000   46.274111203    9.778847362  2459.9403   2  19   0.0055   0.0062   0.0118  -0.0019   0.0037  -0.0020   0.00    1.0
2026/09/06 09:41:05.000   46.274111198    9.778847366  2459.9386   2  19   0.0055   0.0062   0.0118  -0.0019   0.0037  -0.0020   0.00    1.0
2026/09/06 09:41:06.000   46.274111183    9.778847371  2459.9383   2  19   0.0055   0.0062   0.0118  -0.0019   0.0037  -0.0020   0.00    1.0
2026/09/06 09:41:07.000   46.274111180    9.778847361  2459.9376   2  19   0.0055   0.0062   0.0118  -0.0019   0.0037  -0.0020   0.00    1.0
2026/09/06 09:41:08.000   46.274111185    9.778847380  2459.9386   2  19   0.0055   0.0062   0.0118  -0.0019   0.0037  -0.0020   0.00    1.0
2026/09/06 09:41:09.000   46.274111203    9.778847373  2459.9389   2  19   0.0055   0.0062   0.0118  -0.0019   0.0037  -0.0020   0.00    1.0
2026/09/06 09:41:10.000   46.274110526    9.778847484  2459.8257   2  19   0.0053   0.0062   0.0116  -0.0019   0.0037  -0.0026   0.00    1.0
2026/09/06 09:41:11.000   46.274110627    9.778847335  2459.8575   2  19   0.0053   0.0062   0.0116  -0.0018   0.0037  -0.0027   0.00    1.0
2026/09/06 09:41:12.000   46.274110673    9.778847276  2459.8755   2  19   0.0053   0.0062   0.0116  -0.0018   0.0038  -0.0027   0.00    1.0
2026/09/06 09:41:13.000   46.274110670    9.778847257  2459.8771   2  19   0.0053   0.0062   0.0116  -0.0018   0.0038  -0.0027   0.00    1.0
2026/09/06 09:41:14.000   46.274110705    9.778847234  2459.8837   2  19   0.0053   0.0062   0.0116  -0.0018   0.0038  -0.0027   0.00    1.0
2026/09/06 09:41:15.000   46.274110704    9.778847227  2459.8848   2  19   0.0053   0.0062   0.0116  -0.0018   0.0038  -0.0027   0.00    1.0
2026/09/06 09:41:16.000   46.274110699    9.778847205  2459.8848   2  19   0.0053   0.0062   0.0116  -0.0018   0.0038  -0.0027   0.00    1.0
2026/09/06 09:41:17.000   46.274110711    9.778847204  2459.8902   2  19   0.0053   0.0062   0.0116  -0.0018   0.0038  -0.0027   0.00    1.0
2026/09/06 09:41:18.000   46.274110714    9.778847210  2459.8903   2  19   0.0053   0.0062   0.0116  -0.0018   0.0038  -0.0027   0.00    1.0
2026/09/06 09:41:19.000   46.274110704    9.778847205  2459.8918   2  19   0.0053   0.0062   0.0116  -0.0018   0.0038  -0.0027   0.00    1.0
2026/09/06 09:41:20.000   46.274110713    9.778847191  2459.8950   2  19   0.0053   0.0062   0.0116  -0.0018   0.0038  -0.0027   0.00    1.0
2026/09/06 09:41:21.000   46.274110716    9.778847197  2459.8951   2  19   0.0053   0.0062   0.0116  -0.0018   0.0038  -0.0027   0.00    1.0
2026/09/06 09:41:22.000   46.274110733    9.778847211  2459.8955   2  19   0.0053   0.0062   0.0116  -0.0018   0.0038  -0.0027   0.00    1.0
2026/09/06 09:41:23.000   46.274110714    9.778847224  2459.8979   2  19   0.0053   0.0062   0.0116  -0.0018   0.0038  -0.0027   0.00    1.0
2026/09/06 09:41:24.000   46.274110727    9.778847202  2459.8973   2  19   0.0053   0.0062   0.0116  -0.0018   0.0038  -0.0027   0.00    1.0
2026/09/06 09:41:25.000   46.274110716    9.778847222  2459.8991   2  19   0.0053   0.0062   0.0116  -0.0018   0.0038  -0.0027   0.00    1.0
2026/09/06 09:41:26.000   46.274110720    9.778847217  2459.8999   2  19   0.0053   0.0062   0.0116  -0.0018   0.0038  -0.0027   0.00    1.0
2026/09/06 09:41:27.000   46.274110709    9.778847219  2459.8986   2  19   0.0053   0.0062   0.0116  -0.0018   0.0038  -0.0027   0.00    1.0
2026/09/06 09:41:28.000   46.274110716    9.778847226  2459.8990   2  19   0.0053   0.0062   0.0116  -0.0018   0.0038  -0.0027   0.00    1.0
2026/09/06 09:41:29.000   46.274110710    9.778847228  2459.9016   2  19   0.0053   0.0062   0.0116  -0.0018   0.0038  -0.0027   0.00    1.0
2026/09/06 09:41:30.000   46.274110705    9.778847245  2459.9033   2  19   0.0053   0.0062   0.0116  -0.0018   0.0038  -0.0027   0.00    1.0
2026/09/06 09:41:31.000   46.274110699    9.778847236  2459.9019   2  19   0.0053   0.0062   0.0116  -0.0018   0.0038  -0.0028   0.00    1.0
2026/09/06 09:41:32.000   46.274110704    9.778847242  2459.9028   2  19   0.0053   0.0062   0.0116  -0.0018   0.0038  -0.0028   0.00    1.0
2026/09/06 09:41:33.000   46.274110718    9.778847240  2459.9064   2  19   0.0053   0.0062   0.0116  -0.0018   0.0038  -0.0028   0.00    1.0
2026/09/06 09:41:34.000   46.274110719    9.778847255  2459.9057   2  19   0.0053   0.0062   0.0116  -0.0018   0.0038  -0.0028   0.00    1.0
2026/09/06 09:41:35.000   46.274110721    9.778847266  2459.9033   2  19   0.0053   0.0062   0.0116  -0.0018   0.0038  -0.0028   0.00    1.0
2026/09/06 09:41:36.000   46.274110724    9.778847281  2459.9044   2  19   0.0053   0.0062   0.0116  -0.0018   0.0038  -0.0028   0.00    1.0
2026/09/06 09:41:37.000   46.274110706    9.778847288  2459.9055   2  19   0.0053   0.0062   0.0116  -0.0018   0.0038  -0.0028   0.00    1.0
2026/09/06 09:41:38.000   46.274110704    9.778847287  2459.9061   2  19   0.0053   0.0062   0.0116  -0.0018   0.0038  -0.0028   0.00    1.0
2026/09/06 09:41:39.000   46.274110703    9.778847280  2459.9033   2  19   0.0053   0.0062   0.0116  -0.0018   0.0038  -0.0028   0.00    1.0
2026/09/06 09:41:40.000   46.274110701    9.778847273  2459.9052   2  19   0.0053   0.0062   0.0116  -0.0018   0.0038  -0.0028   0.00    1.0
2026/09/06 09:41:41.000   46.274110698    9.778847265  2459.9052   2  19   0.0053   0.0062   0.0116  -0.0018   0.0038  -0.0028   0.00    1.0
2026/09/06 09:41:42.000   46.274110694    9.778847251  2459.9054   2  19   0.0053   0.0062   0.0116  -0.0019   0.0038  -0.0028   0.00    1.0
2026/09/06 09:41:43.000   46.274110669    9.778847233  2459.9048   2  19   0.0053   0.0062   0.0116  -0.0019   0.0038  -0.0028   0.00    1.0
2026/09/06 09:41:44.000   46.274110674    9.778847259  2459.9046   2  19   0.0053   0.0062   0.0116  -0.0019   0.0038  -0.0028   0.00    1.0
2026/09/06 09:41:45.000   46.274110669    9.778847276  2459.9051   2  19   0.0053   0.0062   0.0116  -0.0019   0.0038  -0.0028   0.00    1.0
2026/09/06 09:41:46.000   46.274110675    9.778847300  2459.9057   2  19   0.0053   0.0062   0.0116  -0.0019   0.0038  -0.0028   0.00    1.1
2026/09/06 09:41:47.000   46.274110675    9.778847313  2459.9072   2  19   0.0053   0.0062   0.0116  -0.0019   0.0038  -0.0028   0.00    1.1
2026/09/06 09:41:48.000   46.274110671    9.778847292  2459.9077   2  19   0.0053   0.0062   0.0116  -0.0019   0.0038  -0.0028   0.00    1.1
2026/09/06 09:41:49.000   46.274110675    9.778847287  2459.9108   2  19   0.0053   0.0062   0.0116  -0.0019   0.0038  -0.0028   0.00    1.1
2026/09/06 09:41:50.000   46.274110666    9.778847299  2459.9115   2  19   0.0053   0.0062   0.0116  -0.0019   0.0038  -0.0028   0.00    1.1
2026/09/06 09:41:51.000   46.274110682    9.778847304  2459.9118   2  19   0.0053   0.0062   0.0116  -0.0019   0.0038  -0.0028   0.00    1.1
2026/09/06 09:41:52.000   46.274110684    9.778847302  2459.9105   2  19   0.0053   0.0062   0.0116  -0.0019   0.0038  -0.0028   0.00    1.1
2026/09/06 09:41:53.000   46.274110679    9.778847306  2459.9105   2  19   0.0053   0.0062   0.0116  -0.0019   0.0038  -0.0028   0.00    1.1
2026/09/06 09:41:54.000   46.274110670    9.778847320  2459.9085   2  19   0.0053   0.0062   0.0116  -0.0019   0.0038  -0.0028   0.00    1.1
2026/09/06 09:41:55.000   46.274110665    9.778847288  2459.9103   2  19   0.0053   0.0062   0.0116  -0.0019   0.0038  -0.0028   0.00    1.1
2026/09/06 09:41:56.000   46.274110672    9.778847296  2459.9089   2  19   0.0053   0.0062   0.0116  -0.0019   0.0038  -0.0028   0.00    1.1
2026/09/06 09:41:57.000   46.274110657    9.778847303  2459.9100   2  19   0.0053   0.0062   0.0116  -0.0019   0.0038  -0.0028   0.00    1.1
2026/09/06 09:41:58.000   46.274110661    9.778847290  2459.9070   2  19   0.0053   0.0062   0.0116  -0.0019   0.0038  -0.0028   0.00    1.1
2026/09/06 09:41:59.000   46.274110674    9.778847284  2459.9113   2  19   0.0053   0.0062   0.0116  -0.0019   0.0038  -0.0028   0.00    1.1
2026/09/06 09:42:00.000   46.274110675    9.778847289  2459.9132   2  19   0.0053   0.0062   0.0116  -0.0019   0.0038  -0.0028   0.00    1.1
2026/09/06 09:42:01.000   46.274110660    9.778847319  2459.9129   2  19   0.0053   0.0062   0.0116  -0.0019   0.0038  -0.0028   0.00    1.1
2026/09/06 09:42:02.000   46.274110652    9.778847337  2459.9105   2  19   0.0053   0.0062   0.0116  -0.0019   0.0038  -0.0029   0.00    1.1
2026/09/06 09:42:03.000   46.274110657    9.778847333  2459.9127   2  19   0.0053   0.0062   0.0116  -0.0019   0.0038  -0.0029   0.00    1.1
2026/09/06 09:42:04.000   46.274110657    9.778847335  2459.9095   2  19   0.0053   0.0062   0.0116  -0.0019   0.0038  -0.0029   0.00    1.1
2026/09/06 09:42:05.000   46.274110651    9.778847340  2459.9117   2  19   0.0053   0.0062   0.0116  -0.0019   0.0038  -0.0029   0.00    1.1
2026/09/06 09:42:06.000   46.274110646    9.778847367  2459.9084   2  19   0.0052   0.0062   0.0116  -0.0019   0.0038  -0.0029   0.00    1.1
2026/09/06 09:42:07.000   46.274110627    9.778847359  2459.9060   2  19   0.0052   0.0062   0.0116  -0.0019   0.0038  -0.0029   0.00    1.1
2026/09/06 09:42:08.000   46.274110623    9.778847341  2459.9052   2  19   0.0052   0.0062   0.0116  -0.0019   0.0038  -0.0029   0.00    1.1
2026/09/06 09:42:09.000   46.274110611    9.778847354  2459.9053   2  19   0.0052   0.0062   0.0116  -0.0019   0.0038  -0.0029   0.00    1.1
2026/09/06 09:42:10.000   46.274110615    9.778847384  2459.9062   2  19   0.0052   0.0062   0.0116  -0.0019   0.0038  -0.0029   0.00    1.1
2026/09/06 09:42:11.000   46.274110613    9.778847377  2459.9032   2  19   0.0052   0.0062   0.0116  -0.0019   0.0038  -0.0029   0.00    1.1
2026/09/06 09:42:12.000   46.274110621    9.778847398  2459.9036   2  19   0.0052   0.0062   0.0116  -0.0019   0.0038  -0.0029   0.00    1.1
2026/09/06 09:42:13.000   46.274110617    9.778847386  2459.9057   2  19   0.0052   0.0062   0.0116  -0.0019   0.0038  -0.0029   0.00    1.1
2026/09/06 09:42:14.000   46.274110602    9.778847451  2459.9080   2  19   0.0052   0.0062   0.0116  -0.0019   0.0038  -0.0029   0.00    1.1
2026/09/06 09:42:15.000   46.274110612    9.778847444  2459.8994   2  19   0.0052   0.0062   0.0116  -0.0019   0.0038  -0.0029   0.00    1.1
2026/09/06 09:42:16.000   46.274110617    9.778847458  2459.9046   2  19   0.0052   0.0062   0.0116  -0.0019   0.0038  -0.0029   0.00    1.1
2026/09/06 09:42:17.000   46.274110609    9.778847452  2459.9048   2  19   0.0052   0.0062   0.0116  -0.0019   0.0038  -0.0029   0.00    1.1
2026/09/06 09:42:18.000   46.274110618    9.778847456  2459.9024   2  19   0.0052   0.0062   0.0116  -0.0019   0.0038  -0.0029   0.00    1.1
2026/09/06 09:42:19.000   46.274110609    9.778847455  2459.9018   2  19   0.0052   0.0062   0.0116  -0.0019   0.0038  -0.0029   0.00    1.1
2026/09/06 09:42:20.000   46.274110605    9.778847435  2459.8999   2  19   0.0052   0.0062   0.0116  -0.0019   0.0038  -0.0029   0.00    1.1
2026/09/06 09:42:21.000   46.274110596    9.778847450  2459.9026   2  19   0.0052   0.0062   0.0116  -0.0019   0.0038  -0.0029   0.00    1.1
2026/09/06 09:42:22.000   46.274110596    9.778847447  2459.8997   2  19   0.0052   0.0062   0.0116  -0.0019   0.0038  -0.0029   0.00    1.1
2026/09/06 09:42:23.000   46.274110588    9.778847478  2459.9052   2  19   0.0052   0.0062   0.0116  -0.0019   0.0038  -0.0029   0.00    1.1
2026/09/06 09:42:24.000   46.274110600    9.778847469  2459.9033   2  19   0.0052   0.0062   0.0116  -0.0019   0.0038  -0.0029   0.00    1.1
2026/09/06 09:42:25.000   46.274110577    9.778847475  2459.9057   2  19   0.0052   0.0062   0.0116  -0.0019   0.0038  -0.0029   0.00    1.1
2026/09/06 09:42:26.000   46.274110584    9.778847506  2459.9090   2  19   0.0052   0.0062   0.0116  -0.0019   0.0038  -0.0029   0.00    1.1
2026/09/06 09:42:27.000   46.274110587    9.778847514  2459.9060   2  19   0.0052   0.0062   0.0116  -0.0019   0.0038  -0.0029   0.00    1.1
2026/09/06 09:42:28.000   46.274110563    9.778847476  2459.9053   2  19   0.0052   0.0062   0.0116  -0.0019   0.0038  -0.0029   0.00    1.1
2026/09/06 09:42:29.000   46.274110574    9.778847488  2459.9042   2  19   0.0052   0.0062   0.0116  -0.0019   0.0038  -0.0030   0.00    1.0
2026/09/06 09:42:30.000   46.274110564    9.778847517  2459.9072   2  19   0.0052   0.0062   0.0116  -0.0019   0.0038  -0.0030   0.00    1.0
2026/09/06 09:42:31.000   46.274110565    9.778847534  2459.9108   2  19   0.0052   0.0062   0.0116  -0.0019   0.0038  -0.0030   0.00    1.0
2026/09/06 09:42:32.000   46.274110562    9.778847528  2459.9034   2  19   0.0052   0.0062   0.0116  -0.0020   0.0038  -0.0030   0.00    1.0
2026/09/06 09:42:33.000   46.274110567    9.778847540  2459.9028   2  19   0.0052   0.0062   0.0116  -0.0020   0.0038  -0.0030   0.00    1.0
2026/09/06 09:42:34.000   46.274110561    9.778847528  2459.9030   2  19   0.0052   0.0062   0.0116  -0.0020   0.0038  -0.0030   0.00    1.0
2026/09/06 09:42:35.000   46.274110548    9.778847538  2459.9034   2  19   0.0052   0.0062   0.0116  -0.0020   0.0038  -0.0030   0.00    1.0
2026/09/06 09:42:36.000   46.274110550    9.778847526  2459.9039   2  19   0.0052   0.0062   0.0116  -0.0020   0.0038  -0.0030   0.00    1.0
2026/09/06 09:42:37.000   46.274110531    9.778847537  2459.9036   2  19   0.0052   0.0062   0.0116  -0.0020   0.0038  -0.0030   0.00    1.0
2026/09/06 09:42:38.000   46.274110540    9.778847534  2459.9007   2  19   0.0052   0.0062   0.0116  -0.0020   0.0038  -0.0030   0.00    1.0
2026/09/06 09:42:39.000   46.274110529    9.778847575  2459.9030   2  19   0.0052   0.0062   0.0116  -0.0020   0.0038  -0.0030   0.00    1.0
2026/09/06 09:42:40.000   46.274110526    9.778847554  2459.9026   2  19   0.0052   0.0062   0.0116  -0.0020   0.0038  -0.0030   0.00    1.0
2026/09/06 09:42:41.000   46.274110517    9.778847543  2459.9026   2  19   0.0052   0.0062   0.0116  -0.0020   0.0038  -0.0030   0.00    1.0
2026/09/06 09:42:42.000   46.274110515    9.778847578  2459.9018   2  19   0.0052   0.0062   0.0116  -0.0020   0.0038  -0.0030   0.00    1.0
2026/09/06 09:42:43.000   46.274110519    9.778847577  2459.8996   2  19   0.0052   0.0062   0.0116  -0.0020   0.0038  -0.0030   0.00    1.1
2026/09/06 09:42:44.000   46.274110514    9.778847568  2459.8997   2  19   0.0052   0.0062   0.0116  -0.0020   0.0038  -0.0030   0.00    1.1
2026/09/06 09:42:45.000   46.274110526    9.778847599  2459.9012   2  19   0.0052   0.0062   0.0116  -0.0020   0.0038  -0.0030   0.00    1.1
2026/09/06 09:42:46.000   46.274110515    9.778847579  2459.9042   2  19   0.0052   0.0062   0.0116  -0.0020   0.0038  -0.0030   0.00    1.1
2026/09/06 09:42:47.000   46.274110521    9.778847578  2459.9022   2  19   0.0052   0.0062   0.0116  -0.0020   0.0038  -0.0030   0.00    1.1
2026/09/06 09:42:48.000   46.274110526    9.778847571  2459.9040   2  19   0.0052   0.0062   0.0116  -0.0020   0.0038  -0.0030   0.00    1.1
2026/09/06 09:42:49.000   46.274110520    9.778847584  2459.9038   2  19   0.0052   0.0062   0.0116  -0.0020   0.0038  -0.0030   0.00    1.1
2026/09/06 09:42:50.000   46.274110534    9.778847611  2459.9045   2  19   0.0052   0.0062   0.0116  -0.0020   0.0038  -0.0030   0.00    1.1
2026/09/06 09:42:51.000   46.274110517    9.778847642  2459.9062   2  19   0.0052   0.0062   0.0116  -0.0020   0.0038  -0.0030   0.00    1.1
2026/09/06 09:42:52.000   46.274110511    9.778847642  2459.9016   2  19   0.0052   0.0062   0.0116  -0.0020   0.0038  -0.0030   0.00    1.1
2026/09/06 09:42:53.000   46.274110487    9.778847669  2459.8959   2  19   0.0052   0.0062   0.0116  -0.0020   0.0038  -0.0030   0.00    1.1
2026/09/06 09:42:54.000   46.274110488    9.778847668  2459.8972   2  19   0.0052   0.0062   0.0116  -0.0020   0.0038  -0.0031   0.00    1.1
2026/09/06 09:42:55.000   46.274110483    9.778847652  2459.8959   2  19   0.0052   0.0062   0.0116  -0.0020   0.0038  -0.0031   0.00    1.2
2026/09/06 09:42:56.000   46.274110492    9.778847664  2459.8976   2  19   0.0052   0.0062   0.0116  -0.0020   0.0038  -0.0031   0.00    1.2
2026/09/06 09:42:57.000   46.274110478    9.778847660  2459.8938   2  19   0.0052   0.0062   0.0116  -0.0020   0.0038  -0.0031   0.00    1.2
2026/09/06 09:42:58.000   46.274110474    9.778847681  2459.8887   2  19   0.0051   0.0062   0.0116  -0.0020   0.0038  -0.0031   0.00    1.2
2026/09/06 09:42:59.000   46.274110469    9.778847677  2459.8896   2  19   0.0051   0.0062   0.0116  -0.0020   0.0038  -0.0031   0.00    1.2
2026/09/06 09:43:00.000   46.274110472    9.778847656  2459.8889   2  19   0.0051   0.0062   0.0116  -0.0020   0.0038  -0.0031   0.00    1.2
2026/09/06 09:43:01.000   46.274110472    9.778847688  2459.8889   2  19   0.0051   0.0062   0.0116  -0.0020   0.0038  -0.0031   0.00    1.2
2026/09/06 09:43:02.000   46.274110492    9.778847692  2459.8884   2  19   0.0051   0.0062   0.0116  -0.0020   0.0038  -0.0031   0.00    1.2
2026/09/06 09:43:03.000   46.274110476    9.778847758  2459.8951   2  20   0.0051   0.0061   0.0116  -0.0020   0.0037  -0.0031   0.00    1.0
2026/09/06 09:43:04.000   46.274110456    9.778847646  2459.8846   2  20   0.0051   0.0061   0.0116  -0.0020   0.0038  -0.0031   0.00    1.0
2026/09/06 09:43:05.000   46.274110467    9.778847738  2459.8905   2  19   0.0051   0.0062   0.0116  -0.0020   0.0038  -0.0031   0.00    1.2
2026/09/06 09:43:06.000   46.274110458    9.778847742  2459.8851   2  19   0.0051   0.0062   0.0116  -0.0020   0.0038  -0.0031   0.00    1.2
2026/09/06 09:43:07.000   46.274110469    9.778847752  2459.8849   2  19   0.0051   0.0062   0.0116  -0.0020   0.0038  -0.0031   0.00    1.2
2026/09/06 09:43:08.000   46.274110449    9.778847763  2459.8829   2  19   0.0051   0.0062   0.0116  -0.0020   0.0038  -0.0031   0.00    1.2
2026/09/06 09:43:09.000   46.274110450    9.778847763  2459.8793   2  19   0.0051   0.0062   0.0116  -0.0020   0.0038  -0.0031   0.00    1.2
2026/09/06 09:43:10.000   46.274110428    9.778847762  2459.8820   2  19   0.0051   0.0062   0.0116  -0.0020   0.0038  -0.0031   0.00    1.2
2026/09/06 09:43:11.000   46.274110430    9.778847754  2459.8783   2  19   0.0051   0.0061   0.0116  -0.0020   0.0038  -0.0031   0.00    1.2
2026/09/06 09:43:12.000   46.274110438    9.778847743  2459.8804   2  19   0.0051   0.0061   0.0116  -0.0020   0.0038  -0.0031   0.00    1.2
2026/09/06 09:43:13.000   46.274110419    9.778847751  2459.8795   2  19   0.0051   0.0061   0.0116  -0.0020   0.0038  -0.0031   0.00    1.2
2026/09/06 09:43:14.000   46.274110419    9.778847782  2459.8765   2  19   0.0051   0.0061   0.0116  -0.0021   0.0038  -0.0031   0.00    1.2
2026/09/06 09:43:15.000   46.274110410    9.778847779  2459.8764   2  19   0.0051   0.0061   0.0116  -0.0021   0.0038  -0.0031   0.00    1.2
2026/09/06 09:43:16.000   46.274110413    9.778847805  2459.8778   2  19   0.0051   0.0061   0.0116  -0.0021   0.0038  -0.0031   0.00    1.2
2026/09/06 09:43:17.000   46.274110430    9.778847817  2459.8742   2  19   0.0051   0.0061   0.0116  -0.0021   0.0038  -0.0031   0.00    1.2
2026/09/06 09:43:18.000   46.274110428    9.778847822  2459.8764   2  19   0.0051   0.0061   0.0116  -0.0021   0.0038  -0.0032   0.00    1.2
2026/09/06 09:43:19.000   46.274110438    9.778847801  2459.8750   2  19   0.0051   0.0061   0.0116  -0.0021   0.0038  -0.0032   0.00    1.2
2026/09/06 09:43:20.000   46.274110442    9.778847814  2459.8734   2  19   0.0051   0.0061   0.0116  -0.0021   0.0038  -0.0032   0.00    1.2
2026/09/06 09:43:21.000   46.274110435    9.778847813  2459.8735   2  19   0.0051   0.0061   0.0116  -0.0021   0.0038  -0.0032   0.00    1.2
2026/09/06 09:43:22.000   46.274110428    9.778847820  2459.8739   2  19   0.0051   0.0061   0.0116  -0.0021   0.0038  -0.0032   0.00    1.2
2026/09/06 09:43:23.000   46.274110419    9.778847813  2459.8749   2  19   0.0051   0.0061   0.0116  -0.0021   0.0038  -0.0032   0.00    1.2
2026/09/06 09:43:24.000   46.274110422    9.778847830  2459.8733   2  19   0.0051   0.0061   0.0116  -0.0021   0.0038  -0.0032   0.00    1.2
2026/09/06 09:43:25.000   46.274110429    9.778847821  2459.8680   2  19   0.0051   0.0061   0.0116  -0.0021   0.0038  -0.0032   0.00    1.2
2026/09/06 09:43:26.000   46.274110415    9.778847826  2459.8654   2  19   0.0051   0.0061   0.0116  -0.0021   0.0038  -0.0032   0.00    1.2
2026/09/06 09:43:27.000   46.274110411    9.778847856  2459.8682   2  19   0.0051   0.0061   0.0116  -0.0021   0.0038  -0.0032   0.00    1.2
2026/09/06 09:43:28.000   46.274110422    9.778847886  2459.8653   2  19   0.0051   0.0061   0.0116  -0.0021   0.0038  -0.0032   0.00    1.2
2026/09/06 09:43:29.000   46.274110402    9.778847874  2459.8638   2  19   0.0051   0.0061   0.0116  -0.0021   0.0038  -0.0032   0.00    1.2
2026/09/06 09:43:30.000   46.274110400    9.778847874  2459.8655   2  19   0.0051   0.0061   0.0116  -0.0021   0.0038  -0.0032   0.00    1.2
2026/09/06 09:43:31.000   46.274110420    9.778847879  2459.8638   2  19   0.0051   0.0061   0.0116  -0.0021   0.0038  -0.0032   0.00    1.3
2026/09/06 09:43:32.000   46.274110394    9.778847899  2459.8586   2  19   0.0051   0.0061   0.0116  -0.0021   0.0038  -0.0032   0.00    1.3
2026/09/06 09:43:33.000   46.274110396    9.778847894  2459.8565   2  19   0.0051   0.0061   0.0116  -0.0021   0.0038  -0.0032   0.00    1.3
2026/09/06 09:43:34.000   46.274110388    9.778847892  2459.8577   2  19   0.0051   0.0061   0.0116  -0.0021   0.0038  -0.0032   0.00    1.3
2026/09/06 09:43:35.000   46.274110393    9.778847919  2459.8546   2  19   0.0051   0.0061   0.0116  -0.0021   0.0038  -0.0032   0.00    1.3
2026/09/06 09:43:36.000   46.274110385    9.778847920  2459.8538   2  19   0.0051   0.0061   0.0116  -0.0021   0.0037  -0.0032   0.00    1.3
2026/09/06 09:43:37.000   46.274110383    9.778847924  2459.8499   2  19   0.0051   0.0061   0.0116  -0.0021   0.0037  -0.0032   0.00    1.3
2026/09/06 09:43:38.000   46.274110378    9.778847930  2459.8482   2  19   0.0051   0.0061   0.0116  -0.0021   0.0037  -0.0032   0.00    1.3
2026/09/06 09:43:39.000   46.274110374    9.778847937  2459.8468   2  19   0.0051   0.0061   0.0116  -0.0021   0.0037  -0.0032   0.00    1.3
2026/09/06 09:43:40.000   46.274110359    9.778847933  2459.8413   2  19   0.0051   0.0061   0.0116  -0.0021   0.0037  -0.0032   0.00    1.3
2026/09/06 09:43:41.000   46.274110349    9.778847940  2459.8434   2  19   0.0051   0.0061   0.0116  -0.0021   0.0037  -0.0032   0.00    1.3
2026/09/06 09:43:42.000   46.274110331    9.778847947  2459.8366   2  19   0.0051   0.0061   0.0116  -0.0021   0.0037  -0.0032   0.00    1.3
2026/09/06 09:43:43.000   46.274110343    9.778847970  2459.8399   2  19   0.0050   0.0061   0.0115  -0.0021   0.0037  -0.0032   0.00    1.3
2026/09/06 09:43:44.000   46.274110342    9.778847953  2459.8341   2  19   0.0050   0.0061   0.0115  -0.0021   0.0037  -0.0033   0.00    1.3
2026/09/06 09:43:45.000   46.274110340    9.778847981  2459.8331   2  19   0.0050   0.0061   0.0115  -0.0021   0.0037  -0.0033   0.00    1.3
2026/09/06 09:43:46.000   46.274110340    9.778847969  2459.8284   2  19   0.0050   0.0061   0.0115  -0.0021   0.0037  -0.0033   0.00    1.3
2026/09/06 09:43:47.000   46.274110338    9.778848008  2459.8290   2  19   0.0050   0.0061   0.0115  -0.0021   0.0037  -0.0033   0.00    1.3
2026/09/06 09:43:48.000   46.274110341    9.778848005  2459.8306   2  19   0.0050   0.0061   0.0115  -0.0021   0.0037  -0.0033   0.00    1.3
2026/09/06 09:43:49.000   46.274110325    9.778847997  2459.8258   2  19   0.0050   0.0061   0.0115  -0.0021   0.0037  -0.0033   0.00    1.3
2026/09/06 09:43:50.000   46.274110331    9.778848009  2459.8256   2  19   0.0050   0.0061   0.0115  -0.0021   0.0037  -0.0033   0.00    1.3
2026/09/06 09:43:51.000   46.274110338    9.778848015  2459.8198   2  19   0.0050   0.0061   0.0115  -0.0021   0.0037  -0.0033   0.00    1.3
2026/09/06 09:43:52.000   46.274110333    9.778848035  2459.8215   2  19   0.0050   0.0061   0.0115  -0.0021   0.0037  -0.0033   0.00    1.3
2026/09/06 09:43:53.000   46.274110329    9.778848043  2459.8183   2  19   0.0050   0.0061   0.0115  -0.0021   0.0037  -0.0033   0.00    1.3
2026/09/06 09:43:54.000   46.274110325    9.778848057  2459.8152   2  19   0.0050   0.0061   0.0115  -0.0021   0.0037  -0.0033   0.00    1.3
2026/09/06 09:43:55.000   46.274110325    9.778848048  2459.8150   2  19   0.0050   0.0061   0.0115  -0.0021   0.0037  -0.0033   0.00    1.3
2026/09/06 09:43:56.000   46.274110329    9.778848018  2459.8137   2  19   0.0050   0.0061   0.0115  -0.0021   0.0037  -0.0033   0.00    1.3
2026/09/06 09:43:57.000   46.274110307    9.778848028  2459.8104   2  19   0.0050   0.0061   0.0115  -0.0021   0.0037  -0.0033   0.00    1.3
2026/09/06 09:43:58.000   46.274110325    9.778848071  2459.8091   2  19   0.0050   0.0061   0.0115  -0.0022   0.0037  -0.0033   0.00    1.3
2026/09/06 09:43:59.000   46.274110304    9.778848079  2459.8104   2  19   0.0050   0.0061   0.0115  -0.0022   0.0037  -0.0033   0.00    1.3
2026/09/06 09:44:00.000   46.274110313    9.778848083  2459.8072   2  19   0.0050   0.0061   0.0115  -0.0022   0.0037  -0.0033   0.00    1.3
2026/09/06 09:44:01.000   46.274110306    9.778848063  2459.8042   2  19   0.0050   0.0061   0.0115  -0.0022   0.0037  -0.0033   0.00    1.3
2026/09/06 09:44:02.000   46.274110323    9.778848093  2459.8026   2  19   0.0050   0.0061   0.0115  -0.0022   0.0037  -0.0033   0.00    1.3
2026/09/06 09:44:03.000   46.274110333    9.778848092  2459.7984   2  19   0.0050   0.0061   0.0115  -0.0022   0.0037  -0.0033   0.00    1.3
2026/09/06 09:44:04.000   46.274110318    9.778848127  2459.7969   2  19   0.0050   0.0061   0.0115  -0.0022   0.0037  -0.0033   0.00    1.3
2026/09/06 09:44:05.000   46.274110321    9.778848133  2459.7912   2  19   0.0050   0.0061   0.0115  -0.0022   0.0037  -0.0033   0.00    1.3
2026/09/06 09:44:06.000   46.274110311    9.778848111  2459.7913   2  19   0.0050   0.0061   0.0115  -0.0022   0.0037  -0.0033   0.00    1.3
2026/09/06 09:44:07.000   46.274110295    9.778848102  2459.7895   2  19   0.0050   0.0061   0.0115  -0.0022   0.0037  -0.0033   0.00    1.3
2026/09/06 09:44:08.000   46.274110289    9.778848102  2459.7857   2  19   0.0050   0.0061   0.0115  -0.0022   0.0037  -0.0033   0.00    1.3
2026/09/06 09:44:09.000   46.274110298    9.778848134  2459.7864   2  19   0.0050   0.0061   0.0115  -0.0022   0.0037  -0.0033   0.00    1.3
2026/09/06 09:44:10.000   46.274110276    9.778848134  2459.7804   2  19   0.0050   0.0061   0.0115  -0.0022   0.0037  -0.0033   0.00    1.3
2026/09/06 09:44:11.000   46.274110289    9.778848138  2459.7819   2  19   0.0050   0.0061   0.0115  -0.0022   0.0037  -0.0033   0.00    1.3
2026/09/06 09:44:12.000   46.274110293    9.778848164  2459.7804   2  19   0.0050   0.0061   0.0115  -0.0022   0.0037  -0.0033   0.00    1.3
2026/09/06 09:44:13.000   46.274110294    9.778848163  2459.7765   2  19   0.0050   0.0061   0.0115  -0.0022   0.0037  -0.0034   0.00    1.3
2026/09/06 09:44:14.000   46.274110286    9.778848190  2459.7721   2  19   0.0050   0.0061   0.0115  -0.0022   0.0037  -0.0034   0.00    1.3
2026/09/06 09:44:15.000   46.274110292    9.778848179  2459.7746   2  19   0.0050   0.0061   0.0115  -0.0022   0.0037  -0.0034   0.00    1.3
2026/09/06 09:44:16.000   46.274110283    9.778848177  2459.7668   2  19   0.0050   0.0061   0.0115  -0.0022   0.0037  -0.0034   0.00    1.3
2026/09/06 09:44:17.000   46.274110264    9.778848206  2459.7671   2  19   0.0050   0.0061   0.0115  -0.0022   0.0037  -0.0034   0.00    1.3
2026/09/06 09:44:18.000   46.274110289    9.778848209  2459.7619   2  19   0.0050   0.0061   0.0115  -0.0022   0.0037  -0.0034   0.00    1.3
2026/09/06 09:44:19.000   46.274110275    9.778848217  2459.7620   2  19   0.0050   0.0061   0.0115  -0.0022   0.0037  -0.0034   0.00    1.2
2026/09/06 09:44:20.000   46.274110280    9.778848218  2459.7597   2  19   0.0050   0.0061   0.0115  -0.0022   0.0037  -0.0034   0.00    1.2
2026/09/06 09:44:21.000   46.274110274    9.778848218  2459.7575   2  19   0.0050   0.0061   0.0115  -0.0022   0.0037  -0.0034   0.00    1.2
2026/09/06 09:44:22.000   46.274110272    9.778848243  2459.7555   2  19   0.0050   0.0061   0.0115  -0.0022   0.0037  -0.0034   0.00    1.2
2026/09/06 09:44:23.000   46.274110262    9.778848256  2459.7531   2  19   0.0050   0.0061   0.0114  -0.0022   0.0036  -0.0034   0.00    1.2
2026/09/06 09:44:24.000   46.274110261    9.778848255  2459.7499   2  19   0.0050   0.0061   0.0114  -0.0022   0.0036  -0.0034   0.00    1.2
2026/09/06 09:44:25.000   46.274110271    9.778848274  2459.7448   2  19   0.0050   0.0061   0.0114  -0.0022   0.0036  -0.0034   0.00    1.2
2026/09/06 09:44:26.000   46.274110262    9.778848279  2459.7455   2  19   0.0050   0.0061   0.0114  -0.0022   0.0036  -0.0034   0.00    1.2
2026/09/06 09:44:27.000   46.274110272    9.778848298  2459.7397   2  19   0.0049   0.0061   0.0114  -0.0022   0.0036  -0.0034   0.00    1.2
2026/09/06 09:44:28.000   46.274110258    9.778848289  2459.7397   2  19   0.0049   0.0061   0.0114  -0.0022   0.0036  -0.0034   0.00    1.2
2026/09/06 09:44:29.000   46.274110261    9.778848300  2459.7337   2  19   0.0049   0.0061   0.0114  -0.0022   0.0036  -0.0034   0.00    1.2
2026/09/06 09:44:30.000   46.274110247    9.778848291  2459.7336   2  19   0.0049   0.0061   0.0114  -0.0022   0.0036  -0.0034   0.00    1.2
2026/09/06 09:44:31.000   46.274110244    9.778848336  2459.7282   2  19   0.0049   0.0061   0.0114  -0.0022   0.0036  -0.0034   0.00    1.2
2026/09/06 09:44:32.000   46.274110256    9.778848320  2459.7256   2  19   0.0049   0.0061   0.0114  -0.0022   0.0036  -0.0034   0.00    1.2
2026/09/06 09:44:33.000   46.274110260    9.778848337  2459.7228   2  19   0.0049   0.0061   0.0114  -0.0022   0.0036  -0.0034   0.00    1.2
2026/09/06 09:44:34.000   46.274110250    9.778848350  2459.7230   2  19   0.0049   0.0061   0.0114  -0.0022   0.0036  -0.0034   0.00    1.2
2026/09/06 09:44:35.000   46.274110247    9.778848339  2459.7201   2  19   0.0049   0.0061   0.0114  -0.0022   0.0036  -0.0034   0.00    1.2
2026/09/06 09:44:36.000   46.274110232    9.778848342  2459.7187   2  19   0.0049   0.0061   0.0114  -0.0022   0.0036  -0.0034   0.00    1.2
2026/09/06 09:44:37.000   46.274110250    9.778848352  2459.7129   2  19   0.0049   0.0061   0.0114  -0.0022   0.0036  -0.0034   0.00    1.2
2026/09/06 09:44:38.000   46.274110235    9.778848358  2459.7120   2  19   0.0049   0.0061   0.0114  -0.0022   0.0036  -0.0034   0.00    1.2
2026/09/06 09:44:39.000   46.274110227    9.778848370  2459.7076   2  19   0.0049   0.0061   0.0114  -0.0022   0.0036  -0.0034   0.00    1.2
2026/09/06 09:44:40.000   46.274110230    9.778848374  2459.7038   2  19   0.0049   0.0061   0.0114  -0.0022   0.0036  -0.0034   0.00    1.2
2026/09/06 09:44:41.000   46.274110219    9.778848377  2459.7025   2  19   0.0049   0.0061   0.0114  -0.0022   0.0036  -0.0034   0.00    1.2
2026/09/06 09:44:42.000   46.274110217    9.778848376  2459.7012   2  19   0.0049   0.0061   0.0114  -0.0022   0.0036  -0.0034   0.00    1.2
2026/09/06 09:44:43.000   46.274110238    9.778848397  2459.6928   2  19   0.0049   0.0061   0.0114  -0.0022   0.0036  -0.0034   0.00    1.2
2026/09/06 09:44:44.000   46.274110222    9.778848397  2459.6918   2  19   0.0049   0.0061   0.0114  -0.0022   0.0036  -0.0034   0.00    1.2
2026/09/06 09:44:45.000   46.274110236    9.778848428  2459.6915   2  19   0.0049   0.0061   0.0114  -0.0022   0.0036  -0.0034   0.00    1.2
2026/09/06 09:44:46.000   46.274110244    9.778848431  2459.6869   2  19   0.0049   0.0061   0.0114  -0.0022   0.0036  -0.0034   0.00    1.2
2026/09/06 09:44:47.000   46.274110238    9.778848426  2459.6850   2  19   0.0049   0.0061   0.0114  -0.0022   0.0036  -0.0034   0.00    1.2
2026/09/06 09:44:48.000   46.274110247    9.778848410  2459.6809   2  19   0.0049   0.0061   0.0114  -0.0022   0.0036  -0.0034   0.00    1.2
2026/09/06 09:44:49.000   46.274110234    9.778848437  2459.6762   2  19   0.0049   0.0061   0.0114  -0.0023   0.0036  -0.0034   0.00    1.2
2026/09/06 09:44:50.000   46.274110234    9.778848426  2459.6760   2  19   0.0049   0.0061   0.0114  -0.0023   0.0036  -0.0034   0.00    1.2
2026/09/06 09:44:51.000   46.274110235    9.778848461  2459.6698   2  19   0.0049   0.0061   0.0114  -0.0023   0.0036  -0.0035   0.00    1.2
2026/09/06 09:44:52.000   46.274110237    9.778848447  2459.6708   2  19   0.0049   0.0061   0.0114  -0.0023   0.0036  -0.0035   0.00    1.2
2026/09/06 09:44:53.000   46.274110243    9.778848437  2459.6668   2  19   0.0049   0.0061   0.0114  -0.0023   0.0036  -0.0035   0.00    1.2
2026/09/06 09:44:54.000   46.274110245    9.778848440  2459.6633   2  19   0.0049   0.0061   0.0114  -0.0023   0.0036  -0.0035   0.00    1.2
2026/09/06 09:44:55.000   46.274109953    9.778847878  2459.6645   2  19   0.0049   0.0061   0.0114  -0.0023   0.0036  -0.0035   0.00    1.2
2026/09/06 09:44:56.000   46.274109949    9.778847938  2459.6614   2  19   0.0049   0.0061   0.0114  -0.0023   0.0036  -0.0035   0.00    1.2
2026/09/06 09:44:57.000   46.274110147    9.778847951  2459.6581   2  19   0.0049   0.0061   0.0114  -0.0023   0.0036  -0.0035   0.00    1.2
2026/09/06 09:44:58.000   46.274110831    9.778847579  2459.6558   2  19   0.0049   0.0061   0.0114  -0.0023   0.0036  -0.0035   0.00    1.2
2026/09/06 09:44:59.000   46.274110940    9.778846295  2459.7624   2  19   0.0049   0.0061   0.0114  -0.0023   0.0035  -0.0035   0.00    1.2
2026/09/06 09:45:00.000   46.274111726    9.778845563  2459.7806   2  19   0.0049   0.0061   0.0114  -0.0023   0.0035  -0.0035   0.00    1.2
2026/09/06 09:45:01.000   46.274110902    9.778845447  2459.8652   2  19   0.0049   0.0061   0.0114  -0.0023   0.0035  -0.0035   0.00    1.2
2026/09/06 09:45:02.000   46.274111175    9.778842588  2460.0824   2  19   0.0049   0.0061   0.0114  -0.0023   0.0035  -0.0035   0.00    1.2
2026/09/06 09:45:03.000   46.274111014    9.778849140  2459.8129   2  19   0.0049   0.0061   0.0114  -0.0023   0.0035  -0.0035   0.00    1.0
2026/09/06 09:45:04.000   46.274111002    9.778858288  2459.4927   2  19   0.0049   0.0061   0.0113  -0.0023   0.0035  -0.0035   0.00    1.0
2026/09/06 09:45:05.000   46.274114567    9.778860103  2459.5515   2  19   0.0049   0.0061   0.0113  -0.0023   0.0035  -0.0035   0.00    1.0
2026/09/06 09:45:06.000   46.274114325    9.778857038  2459.6242   2  19   0.0049   0.0061   0.0113  -0.0023   0.0035  -0.0035   0.00    1.1
2026/09/06 09:45:07.000   46.274114978    9.778857036  2459.6340   2  19   0.0049   0.0061   0.0113  -0.0023   0.0035  -0.0035   0.00    1.1
2026/09/06 09:45:08.000   46.274115205    9.778864283  2459.5104   2  19   0.0049   0.0061   0.0113  -0.0023   0.0035  -0.0035   0.00    1.1
2026/09/06 09:45:09.000   46.274116895    9.778874172  2459.2903   2  19   0.0049   0.0061   0.0113  -0.0023   0.0035  -0.0035   0.00    1.1
2026/09/06 09:45:10.000   46.274120255    9.778884130  2459.1737   2  19   0.0049   0.0061   0.0113  -0.0023   0.0035  -0.0035   0.00    1.1
2026/09/06 09:45:11.000   46.274121653    9.778885980  2459.0862   2  19   0.0049   0.0061   0.0113  -0.0023   0.0035  -0.0035   0.00    1.1
2026/09/06 09:45:12.000   46.274126092    9.778886562  2458.9856   2  19   0.0049   0.0061   0.0113  -0.0023   0.0035  -0.0035   0.00    1.1
2026/09/06 09:45:13.000   46.274126565    9.778887312  2458.9525   2  19   0.0049   0.0061   0.0113  -0.0023   0.0035  -0.0035   0.00    1.1
2026/09/06 09:45:14.000   46.274127745    9.778887434  2458.8406   2  19   0.0049   0.0060   0.0113  -0.0023   0.0035  -0.0035   0.00    1.1
2026/09/06 09:45:15.000   46.274131965    9.778885435  2458.7470   2  19   0.0049   0.0060   0.0113  -0.0023   0.0035  -0.0035   0.00    1.1
2026/09/06 09:45:16.000   46.274132031    9.778885068  2458.7451   2  19   0.0049   0.0060   0.0113  -0.0023   0.0035  -0.0035   0.00    1.1
2026/09/06 09:45:17.000   46.274132559    9.778884406  2458.7447   2  19   0.0049   0.0060   0.0113  -0.0023   0.0035  -0.0035   0.00    1.1
2026/09/06 09:45:18.000   46.274133083    9.778885856  2458.7386   2  19   0.0049   0.0060   0.0113  -0.0023   0.0035  -0.0035   0.00    1.1
2026/09/06 09:45:19.000   46.274132617    9.778885194  2458.7410   2  19   0.0049   0.0060   0.0113  -0.0023   0.0035  -0.0035   0.00    1.1
2026/09/06 09:45:20.000   46.274132293    9.778884649  2458.7464   2  19   0.0049   0.0060   0.0114  -0.0023   0.0035  -0.0034   0.00    1.1
2026/09/06 09:45:21.000   46.274131807    9.778885474  2458.7459   2  19   0.0049   0.0060   0.0114  -0.0023   0.0035  -0.0034   0.00    1.1
2026/09/06 09:45:22.000   46.274131580    9.778886498  2458.7495   2  19   0.0049   0.0061   0.0114  -0.0023   0.0035  -0.0034   0.00    1.1
2026/09/06 09:45:23.000   46.274131326    9.778887689  2458.7454   2  19   0.0050   0.0061   0.0114  -0.0023   0.0035  -0.0034   0.00    1.1
2026/09/06 09:45:24.000   46.274131667    9.778890612  2458.8092   2  19   0.0050   0.0061   0.0115  -0.0023   0.0034  -0.0033   0.00    1.1
2026/09/06 09:45:25.000   46.274133723    9.778892269  2458.5917   2  19   0.0051   0.0061   0.0116  -0.0024   0.0034  -0.0032   0.00    1.1
2026/09/06 09:45:26.000   46.274134754    9.778895532  2458.0836   2  19   0.0051   0.0061   0.0116  -0.0023   0.0033  -0.0032   0.00    1.0
2026/09/06 09:45:27.000   46.274135354    9.778897428  2457.8504   2  19   0.0051   0.0061   0.0117  -0.0023   0.0031  -0.0030   0.00    1.0
2026/09/06 09:45:28.000   46.274135137    9.778895853  2457.9571   2  19   0.0050   0.0061   0.0115  -0.0023   0.0033  -0.0032   0.00    1.0
2026/09/06 09:45:29.000   46.274135321    9.778896924  2458.0231   2  19   0.0050   0.0061   0.0114  -0.0023   0.0033  -0.0032   0.00    1.0
2026/09/06 09:45:30.000   46.274135176    9.778896849  2458.0251   2  19   0.0050   0.0061   0.0114  -0.0023   0.0034  -0.0033   0.00    1.0
2026/09/06 09:45:31.000   46.274134829    9.778897039  2458.0281   2  19   0.0050   0.0061   0.0114  -0.0023   0.0034  -0.0033   0.00    1.0
2026/09/06 09:45:32.000   46.274134424    9.778896475  2457.9840   2  19   0.0050   0.0061   0.0114  -0.0023   0.0035  -0.0032   0.00    1.0
2026/09/06 09:45:33.000   46.274135564    9.778897861  2457.5538   2  19   0.0051   0.0062   0.0119  -0.0022   0.0036  -0.0031   0.00    1.0
2026/09/06 09:45:34.000   46.274136936    9.778898701  2457.4700   2  19   0.0051   0.0062   0.0115  -0.0022   0.0035  -0.0030   0.00    1.0
2026/09/06 09:45:35.000   46.274138388    9.778894764  2457.2874   2  19   0.0052   0.0062   0.0116  -0.0023   0.0034  -0.0029   0.00    1.0
2026/09/06 09:45:36.000   46.274133538    9.778892650  2456.8425   2  19   0.0053   0.0062   0.0118  -0.0023   0.0034  -0.0026   0.00    1.0
2026/09/06 09:45:37.000   46.274133738    9.778890166  2456.4516   2  19   0.0053   0.0063   0.0118  -0.0021   0.0037  -0.0028   0.00    1.0
2026/09/06 09:45:38.000   46.274137181    9.778889856  2456.5336   2  18   0.0053   0.0063   0.0117  -0.0020   0.0036  -0.0027   0.00    1.0
2026/09/06 09:45:39.000   46.274136076    9.778890756  2456.6131   2  17   0.0054   0.0064   0.0118  -0.0020   0.0034  -0.0025   0.00    1.0
2026/09/06 09:45:40.000   46.274134967    9.778891900  2456.6070   2  18   0.0054   0.0063   0.0117  -0.0021   0.0034  -0.0026   0.00    1.0
2026/09/06 09:45:41.000   46.274134385    9.778890794  2456.2488   2  19   0.0058   0.0063   0.0123  -0.0023   0.0033   0.0012   0.00    1.0
2026/09/06 09:45:42.000   46.274134432    9.778892403  2456.3550   2  19   0.0056   0.0063   0.0121  -0.0023   0.0032  -0.0009   0.00    1.0
2026/09/06 09:45:43.000   46.274133768    9.778891983  2456.2690   2  19   0.0053   0.0062   0.0119  -0.0022   0.0033  -0.0022   0.00    1.0
2026/09/06 09:45:44.000   46.274134179    9.778891467  2456.3806   2  19   0.0053   0.0062   0.0118  -0.0022   0.0033  -0.0026   0.00    1.0
2026/09/06 09:45:45.000   46.274134686    9.778891435  2456.4096   2  17   0.0055   0.0062   0.0118  -0.0023   0.0033  -0.0025   0.00    1.1
2026/09/06 09:45:46.000   46.274134661    9.778891552  2456.4897   2  19   0.0054   0.0062   0.0119  -0.0023   0.0032  -0.0025   0.00    1.0
2026/09/06 09:45:47.000   46.274134778    9.778892410  2456.2937   2  18   0.0055   0.0062   0.0121  -0.0023   0.0032  -0.0019   0.00    1.0
2026/09/06 09:45:48.000   46.274134901    9.778891443  2456.4244   2  17   0.0058   0.0062   0.0120  -0.0023   0.0033  -0.0017   0.00    1.0
2026/09/06 09:45:49.000   46.274135243    9.778890553  2456.6209   2  19   0.0056   0.0062   0.0121  -0.0023   0.0032  -0.0020   0.00    1.0
2026/09/06 09:45:50.000   46.274132282    9.778895903  2456.2805   2  14   0.0063   0.0063   0.0132  -0.0023   0.0026   0.0026   0.00    1.2
2026/09/06 09:45:51.000   46.274132269    9.778895823  2455.9258   2  14   0.0058   0.0064   0.0129  -0.0027   0.0015   0.0019   0.00    1.0
2026/09/06 09:45:52.000   46.274131705    9.778895316  2455.7579   2  18   0.0056   0.0063   0.0124  -0.0025   0.0026  -0.0014   0.00    1.0
2026/09/06 09:45:53.000   46.274131210    9.778895708  2455.7874   2  17   0.0054   0.0062   0.0122  -0.0025   0.0027  -0.0020   0.00    1.0
2026/09/06 09:45:54.000   46.274131214    9.778896128  2455.7488   2  17   0.0054   0.0062   0.0122  -0.0025   0.0028  -0.0023   0.00    1.0
2026/09/06 09:45:55.000   46.274130579    9.778896185  2455.6096   2  18   0.0051   0.0062   0.0119  -0.0024   0.0031  -0.0033   0.00    1.0
2026/09/06 09:45:56.000   46.274130980    9.778895893  2455.6947   2  19   0.0050   0.0062   0.0117  -0.0023   0.0032  -0.0035   0.00    1.0
2026/09/06 09:45:57.000   46.274131093    9.778895835  2455.6943   2  18   0.0049   0.0062   0.0116  -0.0023   0.0033  -0.0036   0.00    1.0
2026/09/06 09:45:58.000   46.274131152    9.778895640  2455.7463   2  18   0.0049   0.0062   0.0116  -0.0023   0.0034  -0.0036   0.00    1.0
2026/09/06 09:45:59.000   46.274131034    9.778895643  2455.8773   2  17   0.0049   0.0062   0.0120  -0.0023   0.0034  -0.0039   0.00    1.1
2026/09/06 09:46:00.000   46.274131020    9.778895614  2455.8995   2  17   0.0050   0.0063   0.0120  -0.0022   0.0035  -0.0039   0.00    1.1
2026/09/06 09:46:01.000   46.274131273    9.778895483  2455.7765   2  19   0.0049   0.0062   0.0116  -0.0023   0.0035  -0.0037   0.00    1.0
2026/09/06 09:46:02.000   46.274131228    9.778895338  2455.8087   2  19   0.0049   0.0062   0.0116  -0.0023   0.0036  -0.0038   0.00    1.0
2026/09/06 09:46:03.000   46.274131263    9.778895361  2455.8186   2  19   0.0049   0.0062   0.0117  -0.0024   0.0037  -0.0038   0.00    1.0
2026/09/06 09:46:04.000   46.274131080    9.778895238  2455.8580   2  19   0.0050   0.0063   0.0118  -0.0024   0.0038  -0.0039   0.00    1.0
2026/09/06 09:46:05.000   46.274130892    9.778894758  2455.8759   2  19   0.0050   0.0064   0.0121  -0.0024   0.0041  -0.0042   0.00    1.1
2026/09/06 09:46:06.000   46.274131020    9.778897997  2456.3319   2  17   0.0051   0.0065   0.0129  -0.0024   0.0042  -0.0047   0.00    1.0
2026/09/06 09:46:07.000   46.274131105    9.778901282  2456.5006   2  18   0.0051   0.0066   0.0127  -0.0022   0.0041  -0.0045   0.00    1.0
2026/09/06 09:46:08.000   46.274130849    9.778900475  2456.2122   2  18   0.0052   0.0065   0.0132  -0.0024   0.0043  -0.0049   0.00    1.0
2026/09/06 09:46:09.000   46.274130483    9.778900713  2456.2063   2  16   0.0051   0.0064   0.0130  -0.0024   0.0040  -0.0047   0.00    1.0
2026/09/06 09:46:10.000   46.274129961    9.778900269  2456.2895   2  17   0.0051   0.0064   0.0129  -0.0024   0.0041  -0.0046   0.00    1.0
2026/09/06 09:46:11.000   46.274129020    9.778900708  2456.2531   2  17   0.0052   0.0064   0.0132  -0.0026   0.0043  -0.0048   0.00    1.0
2026/09/06 09:46:12.000   46.274128524    9.778899643  2456.2731   2  18   0.0052   0.0065   0.0130  -0.0027   0.0044  -0.0048   0.00    1.0
2026/09/06 09:46:13.000   46.274127671    9.778897886  2455.8845   2  19   0.0052   0.0065   0.0127  -0.0027   0.0046  -0.0046   0.00    1.0
2026/09/06 09:46:14.000   46.274127766    9.778897800  2455.7344   2  16   0.0052   0.0064   0.0133  -0.0025   0.0043  -0.0048   0.00    1.0
2026/09/06 09:46:15.000   46.274127566    9.778897838  2455.7955   2  17   0.0051   0.0064   0.0125  -0.0024   0.0040  -0.0042   0.00    1.0
2026/09/06 09:46:16.000   46.274127509    9.778897393  2455.8365   2  17   0.0051   0.0065   0.0124  -0.0023   0.0040  -0.0039   0.00    1.0
2026/09/06 09:46:17.000   46.274127476    9.778897304  2455.9004   2  17   0.0052   0.0066   0.0126  -0.0023   0.0042  -0.0040   0.00    1.0
2026/09/06 09:46:18.000   46.274127577    9.778896909  2455.9711   2  17   0.0053   0.0067   0.0128  -0.0023   0.0044  -0.0039   0.00    1.0
2026/09/06 09:46:19.000   46.274127425    9.778895933  2456.1906   2  17   0.0055   0.0070   0.0132  -0.0022   0.0046  -0.0038   0.00    1.1
2026/09/06 09:46:20.000   46.274134279    9.778892347  2456.5949   2  18   0.0055   0.0064   0.0117  -0.0021   0.0027  -0.0037   0.00    1.0
2026/09/06 09:46:21.000   46.274139175    9.778911490  2456.7865   2  16   0.0060   0.0067   0.0128  -0.0027   0.0027  -0.0024   0.00    1.0
2026/09/06 09:46:22.000   46.274135945    9.778906945  2456.8218   2  18   0.0061   0.0064   0.0125  -0.0027   0.0018   0.0014   0.00    1.0
2026/09/06 09:46:23.000   46.274135644    9.778907579  2456.7439   2  18   0.0057   0.0064   0.0119  -0.0026   0.0015  -0.0014   0.00    1.1
2026/09/06 09:46:24.000   46.274133498    9.778901545  2456.8795   2  18   0.0057   0.0063   0.0117  -0.0025   0.0017  -0.0013   0.00    1.1
2026/09/06 09:46:25.000   46.274132536    9.778898192  2457.0874   2  19   0.0052   0.0061   0.0110  -0.0025   0.0015  -0.0031   0.00    1.0
2026/09/06 09:46:26.000   46.274135365    9.778899487  2456.8836   2  19   0.0051   0.0060   0.0108  -0.0025   0.0018  -0.0034   0.00    1.1
2026/09/06 09:46:27.000   46.274133275    9.778902386  2456.8439   2  19   0.0050   0.0060   0.0107  -0.0024   0.0019  -0.0035   0.00    1.0
2026/09/06 09:46:28.000   46.274134613    9.778904756  2456.9125   2  19   0.0050   0.0059   0.0107  -0.0024   0.0020  -0.0035   0.00    1.0
2026/09/06 09:46:29.000   46.274133218    9.778899427  2456.9250   2  19   0.0050   0.0059   0.0107  -0.0024   0.0021  -0.0036   0.00    1.0
2026/09/06 09:46:30.000   46.274133643    9.778896695  2457.2090   2  19   0.0049   0.0059   0.0106  -0.0024   0.0021  -0.0036   0.00    1.0
2026/09/06 09:46:31.000   46.274132605    9.778895933  2457.2725   2  19   0.0049   0.0059   0.0106  -0.0024   0.0021  -0.0036   0.00    1.0
2026/09/06 09:46:32.000   46.274132435    9.778895707  2457.2679   2  19   0.0049   0.0059   0.0106  -0.0024   0.0021  -0.0036   0.00    1.0
2026/09/06 09:46:33.000   46.274132200    9.778895452  2457.2752   2  19   0.0049   0.0059   0.0106  -0.0023   0.0021  -0.0036   0.00    1.1
2026/09/06 09:46:34.000   46.274132294    9.778895184  2457.2840   2  19   0.0049   0.0059   0.0106  -0.0023   0.0022  -0.0036   0.00    1.2
2026/09/06 09:46:35.000   46.274133084    9.778894971  2457.2968   2  19   0.0049   0.0058   0.0106  -0.0023   0.0022  -0.0036   0.00    1.2
2026/09/06 09:46:36.000   46.274133224    9.778894755  2457.3005   2  19   0.0049   0.0058   0.0106  -0.0023   0.0022  -0.0036   0.00    1.2
2026/09/06 09:46:37.000   46.274133572    9.778894997  2457.2989   2  18   0.0050   0.0058   0.0106  -0.0023   0.0022  -0.0035   0.00    1.2
2026/09/06 09:46:38.000   46.274131747    9.778891571  2457.3032   2  19   0.0049   0.0058   0.0106  -0.0023   0.0022  -0.0036   0.00    1.2
2026/09/06 09:46:39.000   46.274131835    9.778893159  2457.3124   2  19   0.0049   0.0058   0.0106  -0.0023   0.0022  -0.0036   0.00    1.2
2026/09/06 09:46:40.000   46.274132209    9.778893681  2457.3026   2  19   0.0049   0.0058   0.0106  -0.0023   0.0022  -0.0036   0.00    1.3
2026/09/06 09:46:41.000   46.274132337    9.778893410  2457.3005   2  19   0.0049   0.0058   0.0106  -0.0023   0.0022  -0.0036   0.00    1.3
2026/09/06 09:46:42.000   46.274132568    9.778893790  2457.2988   2  19   0.0049   0.0058   0.0106  -0.0023   0.0022  -0.0036   0.00    1.3
2026/09/06 09:46:43.000   46.274132747    9.778893756  2457.3067   2  19   0.0049   0.0058   0.0106  -0.0023   0.0022  -0.0036   0.00    1.3
2026/09/06 09:46:44.000   46.274132749    9.778894130  2457.2948   2  18   0.0049   0.0058   0.0106  -0.0023   0.0022  -0.0035   0.00    1.3
2026/09/06 09:46:45.000   46.274133056    9.778893928  2457.2928   2  18   0.0049   0.0058   0.0106  -0.0023   0.0022  -0.0035   0.00    1.3
2026/09/06 09:46:46.000   46.274132792    9.778893615  2457.2923   2  18   0.0049   0.0058   0.0106  -0.0023   0.0022  -0.0035   0.00    1.3
2026/09/06 09:46:47.000   46.274132746    9.778894161  2457.2799   2  18   0.0049   0.0058   0.0106  -0.0023   0.0022  -0.0035   0.00    1.3
2026/09/06 09:46:48.000   46.274132922    9.778894209  2457.2805   2  18   0.0049   0.0058   0.0106  -0.0023   0.0022  -0.0035   0.00    1.3
2026/09/06 09:46:49.000   46.274132810    9.778894145  2457.2801   2  18   0.0050   0.0058   0.0106  -0.0023   0.0022  -0.0035   0.00    1.3
2026/09/06 09:46:50.000   46.274132805    9.778893799  2457.2805   2  18   0.0050   0.0058   0.0106  -0.0023   0.0022  -0.0035   0.00    1.3
2026/09/06 09:46:51.000   46.274133740    9.778894257  2457.2902   2  18   0.0050   0.0058   0.0106  -0.0023   0.0022  -0.0035   0.00    1.3
2026/09/06 09:46:52.000   46.274133694    9.778894976  2457.2961   2  18   0.0050   0.0058   0.0106  -0.0023   0.0022  -0.0035   0.00    1.3
2026/09/06 09:46:53.000   46.274133621    9.778893928  2457.2880   2  18   0.0050   0.0058   0.0106  -0.0023   0.0022  -0.0035   0.00    1.4
2026/09/06 09:46:54.000   46.274133659    9.778893904  2457.2861   2  18   0.0050   0.0058   0.0106  -0.0023   0.0022  -0.0035   0.00    1.4
2026/09/06 09:46:55.000   46.274133238    9.778893942  2457.2851   2  18   0.0050   0.0058   0.0106  -0.0023   0.0022  -0.0035   0.00    1.4
2026/09/06 09:46:56.000   46.274133148    9.778894108  2457.2733   2  18   0.0050   0.0058   0.0106  -0.0023   0.0022  -0.0034   0.00    1.4
2026/09/06 09:46:57.000   46.274133018    9.778894143  2457.2630   2  18   0.0050   0.0058   0.0106  -0.0024   0.0022  -0.0035   0.00    1.4
2026/09/06 09:46:58.000   46.274133172    9.778894451  2457.2589   2  18   0.0050   0.0058   0.0106  -0.0024   0.0022  -0.0035   0.00    1.4
2026/09/06 09:46:59.000   46.274133316    9.778893985  2457.2637   2  18   0.0050   0.0058   0.0106  -0.0024   0.0022  -0.0035   0.00    1.4
2026/09/06 09:47:00.000   46.274133522    9.778893126  2457.2675   2  18   0.0050   0.0058   0.0106  -0.0024   0.0022  -0.0035   0.00    1.4
2026/09/06 09:47:01.000   46.274133507    9.778892925  2457.2675   2  18   0.0050   0.0058   0.0106  -0.0024   0.0022  -0.0035   0.00    1.4
2026/09/06 09:47:02.000   46.274133388    9.778892486  2457.2739   2  18   0.0050   0.0058   0.0106  -0.0023   0.0022  -0.0035   0.00    1.4
2026/09/06 09:47:03.000   46.274133480    9.778892939  2457.2656   2  18   0.0050   0.0058   0.0106  -0.0023   0.0022  -0.0035   0.00    1.4
2026/09/06 09:47:04.000   46.274133363    9.778893213  2457.2563   2  19   0.0049   0.0058   0.0106  -0.0024   0.0022  -0.0036   0.00    1.4
2026/09/06 09:47:05.000   46.274132967    9.778893472  2457.2561   2  18   0.0050   0.0058   0.0106  -0.0023   0.0022  -0.0035   0.00    1.4
2026/09/06 09:47:06.000   46.274133132    9.778892867  2457.2579   2  18   0.0050   0.0058   0.0106  -0.0023   0.0022  -0.0035   0.00    1.4
2026/09/06 09:47:07.000   46.274133949    9.778893078  2457.2580   2  18   0.0050   0.0058   0.0106  -0.0023   0.0022  -0.0035   0.00    1.4
2026/09/06 09:47:08.000   46.274133332    9.778893255  2457.2486   2  18   0.0050   0.0058   0.0107  -0.0023   0.0023  -0.0034   0.00    1.4
2026/09/06 09:47:09.000   46.274132380    9.778891416  2457.2544   2  18   0.0050   0.0058   0.0106  -0.0023   0.0023  -0.0035   0.00    1.4
2026/09/06 09:47:10.000   46.274129319    9.778883906  2457.3851   2  19   0.0049   0.0058   0.0106  -0.0023   0.0023  -0.0036   0.00    1.4
2026/09/06 09:47:11.000   46.274124165    9.778881474  2457.6064   2  19   0.0049   0.0058   0.0106  -0.0023   0.0023  -0.0036   0.00    1.3
2026/09/06 09:47:12.000   46.274118983    9.778873065  2457.7826   2  19   0.0050   0.0058   0.0106  -0.0023   0.0024  -0.0035   0.00    1.3
2026/09/06 09:47:13.000   46.274116077    9.778861954  2457.9732   2  19   0.0050   0.0058   0.0107  -0.0023   0.0024  -0.0035   0.00    1.3
2026/09/06 09:47:14.000   46.274110377    9.778852791  2458.1841   2  19   0.0050   0.0059   0.0107  -0.0022   0.0026  -0.0034   0.00    1.3
2026/09/06 09:47:15.000   46.274106559    9.778851120  2458.3876   2  19   0.0050   0.0058   0.0106  -0.0022   0.0023  -0.0035   0.00    1.0
2026/09/06 09:47:16.000   46.274104790    9.778848221  2458.3414   2  19   0.0050   0.0059   0.0107  -0.0022   0.0025  -0.0035   0.00    1.1
2026/09/06 09:47:17.000   46.274105536    9.778846338  2458.4182   2  19   0.0050   0.0059   0.0107  -0.0022   0.0025  -0.0035   0.00    1.1
2026/09/06 09:47:18.000   46.274103635    9.778848180  2458.4089   2  19   0.0050   0.0058   0.0107  -0.0023   0.0025  -0.0035   0.00    1.1
2026/09/06 09:47:19.000   46.274103442    9.778845838  2458.4073   2  19   0.0050   0.0059   0.0108  -0.0022   0.0027  -0.0034   0.00    1.1
2026/09/06 09:47:20.000   46.274104166    9.778837675  2458.5123   2  19   0.0050   0.0058   0.0107  -0.0022   0.0025  -0.0035   0.00    1.1
2026/09/06 09:47:21.000   46.274108907    9.778831480  2458.6188   2  18   0.0051   0.0058   0.0107  -0.0023   0.0023  -0.0034   0.00    1.0
2026/09/06 09:47:22.000   46.274110933    9.778827076  2458.8231   2  18   0.0051   0.0058   0.0108  -0.0023   0.0023  -0.0034   0.00    1.0
2026/09/06 09:47:23.000   46.274114196    9.778820423  2458.9466   2  18   0.0051   0.0058   0.0108  -0.0023   0.0022  -0.0034   0.00    1.1
2026/09/06 09:47:24.000   46.274116584    9.778815129  2459.1628   2  18   0.0051   0.0058   0.0107  -0.0023   0.0022  -0.0034   0.00    1.0
2026/09/06 09:47:25.000   46.274120371    9.778809414  2459.5089   2  18   0.0051   0.0058   0.0107  -0.0023   0.0023  -0.0034   0.00    1.0
2026/09/06 09:47:26.000   46.274124742    9.778802486  2459.7515   2  18   0.0051   0.0058   0.0108  -0.0024   0.0023  -0.0034   0.00    1.0
2026/09/06 09:47:27.000   46.274127574    9.778795986  2460.0407   2  18   0.0051   0.0058   0.0108  -0.0024   0.0023  -0.0034   0.00    1.0
2026/09/06 09:47:28.000   46.274128540    9.778790059  2460.3861   2  18   0.0051   0.0058   0.0108  -0.0024   0.0023  -0.0034   0.00    1.0
2026/09/06 09:47:29.000   46.274127093    9.778781808  2460.5672   2  18   0.0051   0.0058   0.0108  -0.0024   0.0024  -0.0034   0.00    1.0
2026/09/06 09:47:30.000   46.274128123    9.778774417  2460.8877   2  18   0.0051   0.0058   0.0109  -0.0024   0.0024  -0.0034   0.00    1.0
2026/09/06 09:47:31.000   46.274130291    9.778768974  2461.2905   2  18   0.0051   0.0058   0.0110  -0.0024   0.0025  -0.0034   0.00    1.1
2026/09/06 09:47:32.000   46.274130604    9.778759703  2461.3499   2  18   0.0051   0.0058   0.0110  -0.0024   0.0024  -0.0034   0.00    1.0
2026/09/06 09:47:33.000   46.274134225    9.778749360  2461.7113   2  18   0.0051   0.0058   0.0110  -0.0024   0.0025  -0.0034   0.00    1.0
2026/09/06 09:47:34.000   46.274137929    9.778745146  2461.9181   2  18   0.0051   0.0058   0.0110  -0.0023   0.0026  -0.0033   0.00    1.1
2026/09/06 09:47:35.000   46.274138336    9.778738439  2462.0552   2  18   0.0051   0.0059   0.0112  -0.0023   0.0028  -0.0033   0.00    1.1
2026/09/06 09:47:36.000   46.274138211    9.778731300  2462.2433   2  18   0.0051   0.0060   0.0114  -0.0023   0.0032  -0.0033   0.00    1.1
2026/09/06 09:47:37.000   46.274138221    9.778722454  2462.5499   2  19   0.0051   0.0061   0.0116  -0.0022   0.0034  -0.0033   0.00    1.0
2026/09/06 09:47:38.000   46.274139761    9.778714171  2462.7010   2  19   0.0050   0.0059   0.0110  -0.0025   0.0027  -0.0038   0.00    1.0
2026/09/06 09:47:39.000   46.274145088    9.778705404  2462.9712   2  19   0.0050   0.0059   0.0112  -0.0026   0.0029  -0.0040   0.00    1.0
2026/09/06 09:47:40.000   46.274147082    9.778700974  2463.1241   2  19   0.0050   0.0058   0.0108  -0.0025   0.0023  -0.0038   0.00    1.0
2026/09/06 09:47:41.000   46.274146495    9.778690958  2463.2105   2  20   0.0050   0.0057   0.0106  -0.0025   0.0019  -0.0038   0.00    1.0
2026/09/06 09:47:42.000   46.274150336    9.778682058  2463.3126   2  20   0.0050   0.0056   0.0106  -0.0025   0.0018  -0.0038   0.00    1.0
2026/09/06 09:47:43.000   46.274152420    9.778668308  2463.3686   2  20   0.0050   0.0056   0.0106  -0.0025   0.0018  -0.0038   0.00    1.0
2026/09/06 09:47:44.000   46.274150748    9.778660157  2463.3880   2  20   0.0050   0.0056   0.0106  -0.0025   0.0018  -0.0038   0.00    1.0
2026/09/06 09:47:45.000   46.274152995    9.778650823  2463.6516   2  20   0.0050   0.0056   0.0106  -0.0025   0.0018  -0.0038   0.00    1.0
2026/09/06 09:47:46.000   46.274151092    9.778643578  2463.7465   2  20   0.0050   0.0056   0.0106  -0.0025   0.0018  -0.0038   0.00    1.0
2026/09/06 09:47:47.000   46.274147948    9.778636146  2463.9242   2  20   0.0050   0.0056   0.0106  -0.0025   0.0018  -0.0038   0.00    1.0
2026/09/06 09:47:48.000   46.274145315    9.778627674  2464.1876   2  20   0.0050   0.0056   0.0106  -0.0025   0.0019  -0.0038   0.00    1.0
2026/09/06 09:47:49.000   46.274140781    9.778620312  2464.3559   2  20   0.0050   0.0056   0.0106  -0.0025   0.0019  -0.0038   0.00    1.0
2026/09/06 09:47:50.000   46.274137406    9.778613819  2464.6512   2  20   0.0050   0.0056   0.0106  -0.0026   0.0020  -0.0039   0.00    1.0
2026/09/06 09:47:51.000   46.274136410    9.778606806  2464.9151   2  20   0.0050   0.0056   0.0107  -0.0026   0.0022  -0.0039   0.00    1.1
2026/09/06 09:47:52.000   46.274136483    9.778598009  2465.1018   2  20   0.0050   0.0057   0.0109  -0.0027   0.0025  -0.0041   0.00    1.1
2026/09/06 09:47:53.000   46.274140928    9.778590450  2465.3278   2  20   0.0050   0.0056   0.0106  -0.0025   0.0019  -0.0039   0.00    1.0
2026/09/06 09:47:54.000   46.274144074    9.778583427  2465.5980   2  20   0.0050   0.0056   0.0106  -0.0025   0.0018  -0.0038   0.00    1.0
2026/09/06 09:47:55.000   46.274145913    9.778575090  2465.7278   2  20   0.0050   0.0056   0.0105  -0.0025   0.0018  -0.0038   0.00    1.0
2026/09/06 09:47:56.000   46.274149759    9.778567569  2465.9502   2  20   0.0050   0.0056   0.0105  -0.0025   0.0018  -0.0038   0.00    1.0
2026/09/06 09:47:57.000   46.274152500    9.778560390  2466.3757   2  20   0.0050   0.0056   0.0105  -0.0025   0.0018  -0.0038   0.00    1.0
2026/09/06 09:47:58.000   46.274151419    9.778551620  2466.6272   2  20   0.0050   0.0056   0.0105  -0.0025   0.0018  -0.0038   0.00    1.0
2026/09/06 09:47:59.000   46.274149230    9.778545157  2467.0018   2  20   0.0050   0.0056   0.0105  -0.0025   0.0018  -0.0038   0.00    1.0
2026/09/06 09:48:00.000   46.274147069    9.778541081  2467.1748   2  20   0.0050   0.0056   0.0105  -0.0025   0.0018  -0.0038   0.00    1.1
2026/09/06 09:48:01.000   46.274141437    9.778539770  2467.3243   2  20   0.0050   0.0056   0.0105  -0.0025   0.0018  -0.0038   0.00    1.1
2026/09/06 09:48:02.000   46.274136441    9.778537875  2467.4635   2  20   0.0050   0.0056   0.0105  -0.0025   0.0018  -0.0038   0.00    1.1
2026/09/06 09:48:03.000   46.274132220    9.778540191  2467.4760   2  20   0.0050   0.0056   0.0105  -0.0025   0.0018  -0.0038   0.00    1.1
2026/09/06 09:48:04.000   46.274125889    9.778537812  2467.7343   2  20   0.0050   0.0056   0.0105  -0.0025   0.0018  -0.0038   0.00    1.0
2026/09/06 09:48:05.000   46.274121725    9.778541261  2467.8807   2  20   0.0050   0.0056   0.0105  -0.0025   0.0018  -0.0038   0.00    1.0
2026/09/06 09:48:06.000   46.274116895    9.778538449  2468.1981   2  20   0.0050   0.0056   0.0105  -0.0025   0.0018  -0.0038   0.00    1.0
2026/09/06 09:48:07.000   46.274112584    9.778538681  2468.4180   2  20   0.0050   0.0056   0.0105  -0.0025   0.0018  -0.0038   0.00    1.0
2026/09/06 09:48:08.000   46.274111713    9.778535591  2468.5982   2  20   0.0050   0.0056   0.0105  -0.0025   0.0018  -0.0038   0.00    1.0
2026/09/06 09:48:09.000   46.274110633    9.778537141  2468.6004   2  20   0.0050   0.0056   0.0105  -0.0025   0.0018  -0.0038   0.00    1.0
2026/09/06 09:48:10.000   46.274106440    9.778534249  2468.6159   2  20   0.0050   0.0056   0.0105  -0.0025   0.0018  -0.0038   0.00    1.0
2026/09/06 09:48:11.000   46.274100665    9.778534803  2468.6836   2  20   0.0050   0.0056   0.0105  -0.0025   0.0018  -0.0038   0.00    1.0
2026/09/06 09:48:12.000   46.274098694    9.778531059  2468.7481   2  20   0.0050   0.0056   0.0105  -0.0025   0.0018  -0.0038   0.00    1.0
2026/09/06 09:48:13.000   46.274097282    9.778528803  2468.7608   2  20   0.0050   0.0056   0.0105  -0.0025   0.0018  -0.0038   0.00    1.0
2026/09/06 09:48:14.000   46.274098292    9.778529170  2468.7647   2  20   0.0050   0.0056   0.0105  -0.0025   0.0018  -0.0038   0.00    1.0
2026/09/06 09:48:15.000   46.274097988    9.778529431  2468.7718   2  20   0.0050   0.0056   0.0105  -0.0025   0.0018  -0.0038   0.00    1.0
2026/09/06 09:48:16.000   46.274098052    9.778529377  2468.7710   2  20   0.0050   0.0056   0.0105  -0.0025   0.0018  -0.0038   0.00    1.0
2026/09/06 09:48:17.000   46.274098674    9.778529796  2468.7717   2  20   0.0050   0.0056   0.0105  -0.0025   0.0018  -0.0038   0.00    1.0
2026/09/06 09:48:18.000   46.274098944    9.778529828  2468.7727   2  20   0.0050   0.0056   0.0105  -0.0025   0.0018  -0.0038   0.00    1.0
2026/09/06 09:48:19.000   46.274098978    9.778529499  2468.7755   2  20   0.0050   0.0056   0.0105  -0.0025   0.0018  -0.0038   0.00    1.0
2026/09/06 09:48:20.000   46.274098984    9.778529350  2468.7720   2  20   0.0050   0.0056   0.0105  -0.0025   0.0018  -0.0038   0.00    1.0
2026/09/06 09:48:21.000   46.274099418    9.778530670  2468.7751   2  20   0.0050   0.0056   0.0105  -0.0025   0.0018  -0.0038   0.00    1.0
2026/09/06 09:48:22.000   46.274099745    9.778531782  2468.7531   2  20   0.0050   0.0056   0.0105  -0.0025   0.0018  -0.0038   0.00    1.0
2026/09/06 09:48:23.000   46.274099773    9.778531428  2468.7495   2  20   0.0050   0.0056   0.0105  -0.0025   0.0018  -0.0038   0.00    1.0
2026/09/06 09:48:24.000   46.274099216    9.778529653  2468.7830   2  20   0.0050   0.0056   0.0105  -0.0025   0.0018  -0.0038   0.00    1.0
2026/09/06 09:48:25.000   46.274099345    9.778528987  2468.7889   2  20   0.0050   0.0056   0.0105  -0.0025   0.0018  -0.0038   0.00    1.0
2026/09/06 09:48:26.000   46.274099023    9.778529066  2468.8007   2  20   0.0050   0.0055   0.0105  -0.0025   0.0018  -0.0038   0.00    1.0
2026/09/06 09:48:27.000   46.274099040    9.778528785  2468.7992   2  19   0.0050   0.0056   0.0105  -0.0025   0.0018  -0.0037   0.00    1.0
2026/09/06 09:48:28.000   46.274099426    9.778529427  2468.7979   2  20   0.0050   0.0055   0.0105  -0.0025   0.0018  -0.0038   0.00    1.0
2026/09/06 09:48:29.000   46.274099184    9.778529562  2468.7943   2  20   0.0050   0.0055   0.0105  -0.0025   0.0018  -0.0038   0.00    1.0
2026/09/06 09:48:30.000   46.274099531    9.778530072  2468.7954   2  20   0.0050   0.0055   0.0105  -0.0025   0.0018  -0.0038   0.00    1.0
2026/09/06 09:48:31.000   46.274099782    9.778529733  2468.7904   2  20   0.0050   0.0055   0.0105  -0.0025   0.0018  -0.0037   0.00    1.0
2026/09/06 09:48:32.000   46.274099241    9.778529228  2468.7973   2  19   0.0051   0.0056   0.0106  -0.0025   0.0018  -0.0037   0.00    1.0
2026/09/06 09:48:33.000   46.274099751    9.778529657  2468.7903   2  19   0.0051   0.0055   0.0106  -0.0025   0.0018  -0.0037   0.00    1.0
2026/09/06 09:48:34.000   46.274099808    9.778529463  2468.7966   2  19   0.0051   0.0055   0.0106  -0.0025   0.0018  -0.0037   0.00    1.0
2026/09/06 09:48:35.000   46.274099452    9.778529576  2468.7985   2  19   0.0051   0.0055   0.0106  -0.0025   0.0018  -0.0037   0.00    1.0
2026/09/06 09:48:36.000   46.274099661    9.778529337  2468.7881   2  19   0.0051   0.0055   0.0106  -0.0025   0.0018  -0.0037   0.00    1.0
2026/09/06 09:48:37.000   46.274099862    9.778529950  2468.7840   2  19   0.0051   0.0055   0.0106  -0.0025   0.0018  -0.0036   0.00    1.0
2026/09/06 09:48:38.000   46.274100665    9.778530943  2468.7427   2  19   0.0051   0.0056   0.0106  -0.0025   0.0018  -0.0036   0.00    1.0
2026/09/06 09:48:39.000   46.274100067    9.778530644  2468.7566   2  19   0.0051   0.0056   0.0106  -0.0025   0.0018  -0.0036   0.00    1.0
2026/09/06 09:48:40.000   46.274099868    9.778529830  2468.7851   2  19   0.0051   0.0056   0.0106  -0.0025   0.0018  -0.0036   0.00    1.0
2026/09/06 09:48:41.000   46.274100543    9.778531288  2468.7467   2  19   0.0051   0.0056   0.0106  -0.0025   0.0018  -0.0036   0.00    1.0
2026/09/06 09:48:42.000   46.274100957    9.778531151  2468.7467   2  19   0.0051   0.0056   0.0106  -0.0025   0.0018  -0.0036   0.00    1.0
2026/09/06 09:48:43.000   46.274100287    9.778530208  2468.8006   2  19   0.0051   0.0056   0.0106  -0.0025   0.0018  -0.0036   0.00    1.0
2026/09/06 09:48:44.000   46.274100204    9.778529498  2468.8074   2  19   0.0051   0.0056   0.0106  -0.0025   0.0018  -0.0036   0.00    1.0
2026/09/06 09:48:45.000   46.274100265    9.778529272  2468.8168   2  19   0.0051   0.0056   0.0106  -0.0025   0.0018  -0.0036   0.00    1.0
2026/09/06 09:48:46.000   46.274100471    9.778529297  2468.8166   2  19   0.0051   0.0056   0.0106  -0.0025   0.0018  -0.0036   0.00    1.0
2026/09/06 09:48:47.000   46.274100535    9.778529516  2468.8106   2  19   0.0051   0.0056   0.0106  -0.0025   0.0018  -0.0036   0.00    1.0
2026/09/06 09:48:48.000   46.274100703    9.778529199  2468.8172   2  19   0.0051   0.0056   0.0106  -0.0025   0.0018  -0.0036   0.00    1.0
2026/09/06 09:48:49.000   46.274100930    9.778529653  2468.8110   2  19   0.0051   0.0056   0.0106  -0.0025   0.0018  -0.0036   0.00    1.0
2026/09/06 09:48:50.000   46.274100897    9.778529721  2468.8037   2  19   0.0051   0.0056   0.0107  -0.0025   0.0018  -0.0036   0.00    1.0
2026/09/06 09:48:51.000   46.274100501    9.778528670  2468.8288   2  19   0.0051   0.0056   0.0107  -0.0025   0.0018  -0.0036   0.00    1.0
2026/09/06 09:48:52.000   46.274100034    9.778528905  2468.8429   2  19   0.0051   0.0056   0.0107  -0.0025   0.0018  -0.0036   0.00    1.0
2026/09/06 09:48:53.000   46.274099426    9.778529415  2468.8181   2  19   0.0051   0.0056   0.0107  -0.0025   0.0019  -0.0036   0.00    1.0
2026/09/06 09:48:54.000   46.274100559    9.778531541  2468.7755   2  19   0.0051   0.0056   0.0107  -0.0025   0.0019  -0.0036   0.00    1.0
2026/09/06 09:48:55.000   46.274100340    9.778531555  2468.7648   2  19   0.0052   0.0056   0.0107  -0.0025   0.0019  -0.0036   0.00    1.0
2026/09/06 09:48:56.000   46.274099540    9.778530932  2468.7824   2  20   0.0051   0.0056   0.0107  -0.0025   0.0019  -0.0037   0.00    1.0
2026/09/06 09:48:57.000   46.274098957    9.778530837  2468.7784   2  20   0.0051   0.0056   0.0107  -0.0025   0.0019  -0.0037   0.00    1.0
2026/09/06 09:48:58.000   46.274099428    9.778531054  2468.7709   2  20   0.0051   0.0056   0.0107  -0.0025   0.0019  -0.0037   0.00    1.0
2026/09/06 09:48:59.000   46.274098699    9.778530518  2468.7772   2  20   0.0051   0.0056   0.0107  -0.0025   0.0019  -0.0037   0.00    1.0
2026/09/06 09:49:00.000   46.274098245    9.778529851  2468.7775   2  20   0.0051   0.0056   0.0107  -0.0025   0.0020  -0.0037   0.00    1.1
2026/09/06 09:49:01.000   46.274096987    9.778522441  2468.8289   2  20   0.0051   0.0056   0.0107  -0.0025   0.0020  -0.0037   0.00    1.1
2026/09/06 09:49:02.000   46.274097310    9.778511335  2468.7834   2  19   0.0052   0.0056   0.0108  -0.0024   0.0022  -0.0035   0.00    1.1
2026/09/06 09:49:03.000   46.274098844    9.778500725  2469.0338   2  19   0.0052   0.0056   0.0107  -0.0025   0.0018  -0.0036   0.00    1.0
2026/09/06 09:49:04.000   46.274098280    9.778487970  2469.0857   2  19   0.0051   0.0056   0.0107  -0.0025   0.0017  -0.0037   0.00    1.0
2026/09/06 09:49:05.000   46.274096751    9.778476597  2469.3133   2  20   0.0051   0.0056   0.0108  -0.0025   0.0018  -0.0037   0.00    1.0
2026/09/06 09:49:06.000   46.274092213    9.778466217  2469.5867   2  20   0.0051   0.0056   0.0109  -0.0025   0.0017  -0.0037   0.00    1.0
2026/09/06 09:49:07.000   46.274087001    9.778460282  2469.5836   2  20   0.0051   0.0056   0.0108  -0.0025   0.0014  -0.0038   0.00    1.0
2026/09/06 09:49:08.000   46.274085950    9.778458474  2469.6833   2  20   0.0051   0.0056   0.0107  -0.0025   0.0014  -0.0038   0.00    1.0
2026/09/06 09:49:09.000   46.274084252    9.778456839  2469.8693   2  20   0.0051   0.0056   0.0107  -0.0025   0.0016  -0.0038   0.00    1.0
2026/09/06 09:49:10.000   46.274084711    9.778456037  2469.9270   2  20   0.0051   0.0056   0.0108  -0.0025   0.0016  -0.0038   0.00    1.0
2026/09/06 09:49:11.000   46.274085224    9.778456541  2469.7753   2  20   0.0051   0.0056   0.0108  -0.0025   0.0013  -0.0038   0.00    1.0
2026/09/06 09:49:12.000   46.274084120    9.778456417  2469.8251   2  19   0.0052   0.0056   0.0108  -0.0025   0.0015  -0.0037   0.00    1.0
2026/09/06 09:49:13.000   46.274083025    9.778455667  2469.8480   2  20   0.0051   0.0056   0.0107  -0.0025   0.0016  -0.0038   0.00    1.0
2026/09/06 09:49:14.000   46.274084721    9.778455699  2469.8657   2  20   0.0051   0.0056   0.0107  -0.0025   0.0017  -0.0038   0.00    1.0
2026/09/06 09:49:15.000   46.274085450    9.778454376  2469.9214   2  20   0.0051   0.0056   0.0107  -0.0025   0.0017  -0.0038   0.00    1.0
2026/09/06 09:49:16.000   46.274083214    9.778456530  2469.8852   2  20   0.0051   0.0056   0.0107  -0.0025   0.0017  -0.0038   0.00    1.0
2026/09/06 09:49:17.000   46.274084355    9.778456063  2469.8606   2  19   0.0052   0.0056   0.0107  -0.0026   0.0017  -0.0037   0.00    1.0
2026/09/06 09:49:18.000   46.274082455    9.778451876  2469.8353   2  19   0.0052   0.0056   0.0107  -0.0026   0.0018  -0.0037   0.00    1.0
2026/09/06 09:49:19.000   46.274080009    9.778443859  2470.0562   2  20   0.0051   0.0056   0.0106  -0.0026   0.0018  -0.0038   0.00    1.0
2026/09/06 09:49:20.000   46.274077939    9.778434324  2470.2198   2  20   0.0051   0.0056   0.0106  -0.0026   0.0018  -0.0039   0.00    1.0
2026/09/06 09:49:21.000   46.274078917    9.778428471  2470.2583   2  20   0.0051   0.0056   0.0107  -0.0026   0.0019  -0.0039   0.00    1.0
2026/09/06 09:49:22.000   46.274078345    9.778422106  2470.5559   2  19   0.0052   0.0056   0.0108  -0.0027   0.0021  -0.0039   0.00    1.0
2026/09/06 09:49:23.000   46.274071045    9.778418911  2470.4474   2  19   0.0052   0.0056   0.0108  -0.0026   0.0021  -0.0038   0.00    1.0
2026/09/06 09:49:24.000   46.274063729    9.778412990  2470.2480   2  20   0.0052   0.0056   0.0108  -0.0027   0.0022  -0.0040   0.00    1.0
2026/09/06 09:49:25.000   46.274054697    9.778404115  2470.0969   2  19   0.0052   0.0056   0.0109  -0.0027   0.0021  -0.0039   0.00    1.0
2026/09/06 09:49:26.000   46.274051443    9.778394984  2470.3185   2  19   0.0052   0.0056   0.0109  -0.0027   0.0021  -0.0039   0.00    1.0
2026/09/06 09:49:27.000   46.274047341    9.778389401  2470.4325   2  19   0.0052   0.0056   0.0109  -0.0026   0.0022  -0.0039   0.00    1.0
2026/09/06 09:49:28.000   46.274046381    9.778382941  2470.5329   2  19   0.0052   0.0056   0.0109  -0.0027   0.0021  -0.0039   0.00    1.0
2026/09/06 09:49:29.000   46.274041141    9.778375976  2470.4767   2  19   0.0052   0.0056   0.0109  -0.0027   0.0022  -0.0039   0.00    1.0
2026/09/06 09:49:30.000   46.274036455    9.778374174  2470.5239   2  19   0.0053   0.0056   0.0109  -0.0027   0.0022  -0.0039   0.00    1.0
2026/09/06 09:49:31.000   46.274029620    9.778373938  2470.4921   2  19   0.0053   0.0056   0.0109  -0.0027   0.0022  -0.0039   0.00    1.0
2026/09/06 09:49:32.000   46.274025658    9.778375021  2470.5212   2  18   0.0054   0.0057   0.0112  -0.0028   0.0027  -0.0042   0.00    1.0
2026/09/06 09:49:33.000   46.274025143    9.778376854  2470.5150   2  18   0.0054   0.0057   0.0112  -0.0028   0.0027  -0.0042   0.00    1.0
2026/09/06 09:49:34.000   46.274021079    9.778378648  2470.4967   2  18   0.0054   0.0057   0.0112  -0.0028   0.0027  -0.0042   0.00    1.0
2026/09/06 09:49:35.000   46.274016673    9.778379504  2470.7449   2  18   0.0054   0.0057   0.0112  -0.0028   0.0027  -0.0042   0.00    1.0
2026/09/06 09:49:36.000   46.274007509    9.778382906  2470.7118   2  19   0.0053   0.0056   0.0109  -0.0027   0.0022  -0.0039   0.00    1.0
2026/09/06 09:49:37.000   46.274004807    9.778381741  2470.7823   2  19   0.0053   0.0056   0.0109  -0.0027   0.0022  -0.0039   0.00    1.0
2026/09/06 09:49:38.000   46.274001381    9.778385736  2470.7675   2  19   0.0053   0.0056   0.0109  -0.0027   0.0022  -0.0039   0.00    1.0
2026/09/06 09:49:39.000   46.273996733    9.778384329  2470.9019   2  19   0.0053   0.0056   0.0109  -0.0027   0.0022  -0.0039   0.00    1.0
2026/09/06 09:49:40.000   46.273995601    9.778386057  2470.9272   2  19   0.0053   0.0056   0.0109  -0.0027   0.0022  -0.0039   0.00    1.0
2026/09/06 09:49:41.000   46.273991640    9.778384006  2470.8898   2  19   0.0053   0.0056   0.0109  -0.0027   0.0022  -0.0039   0.00    1.0
2026/09/06 09:49:42.000   46.273987130    9.778381764  2471.0639   2  19   0.0053   0.0056   0.0109  -0.0027   0.0022  -0.0039   0.00    1.0
2026/09/06 09:49:43.000   46.273980908    9.778373943  2470.9890   2  19   0.0053   0.0056   0.0109  -0.0027   0.0022  -0.0039   0.00    1.0
2026/09/06 09:49:44.000   46.273972090    9.778372026  2471.0216   2  19   0.0053   0.0056   0.0109  -0.0027   0.0022  -0.0039   0.00    1.0
2026/09/06 09:49:45.000   46.273965431    9.778364008  2471.2159   2  19   0.0053   0.0056   0.0109  -0.0027   0.0022  -0.0039   0.00    1.0
2026/09/06 09:49:46.000   46.273962705    9.778358332  2471.2946   2  18   0.0054   0.0057   0.0113  -0.0028   0.0027  -0.0042   0.00    1.0
2026/09/06 09:49:47.000   46.273959156    9.778356149  2471.3094   2  19   0.0053   0.0056   0.0109  -0.0027   0.0022  -0.0039   0.00    1.0
2026/09/06 09:49:48.000   46.273952050    9.778356585  2471.1739   2  19   0.0053   0.0056   0.0109  -0.0027   0.0023  -0.0039   0.00    1.0
2026/09/06 09:49:49.000   46.273943601    9.778354589  2471.1042   2  19   0.0053   0.0056   0.0110  -0.0027   0.0023  -0.0039   0.00    1.0
2026/09/06 09:49:50.000   46.273935145    9.778350117  2471.2906   2  19   0.0053   0.0056   0.0110  -0.0027   0.0023  -0.0039   0.00    1.0
2026/09/06 09:49:51.000   46.273931014    9.778350039  2471.4208   2  19   0.0053   0.0056   0.0110  -0.0027   0.0023  -0.0039   0.00    1.0
2026/09/06 09:49:52.000   46.273924567    9.778351978  2471.4449   2  19   0.0053   0.0056   0.0110  -0.0027   0.0024  -0.0039   0.00    1.0
2026/09/06 09:49:53.000   46.273915882    9.778351475  2471.2699   2  19   0.0053   0.0057   0.0111  -0.0026   0.0024  -0.0039   0.00    1.0
2026/09/06 09:49:54.000   46.273909910    9.778348767  2471.2484   2  18   0.0055   0.0058   0.0115  -0.0027   0.0026  -0.0043   0.00    1.0
2026/09/06 09:49:55.000   46.273907596    9.778343767  2471.2835   2  18   0.0055   0.0058   0.0114  -0.0027   0.0027  -0.0042   0.00    1.0
2026/09/06 09:49:56.000   46.273901048    9.778341005  2471.4936   2  19   0.0054   0.0057   0.0111  -0.0026   0.0023  -0.0040   0.00    1.0
2026/09/06 09:49:57.000   46.273894190    9.778346661  2471.5739   2  18   0.0054   0.0057   0.0113  -0.0028   0.0027  -0.0042   0.00    1.0
2026/09/06 09:49:58.000   46.273888019    9.778347773  2471.7126   2  18   0.0054   0.0057   0.0113  -0.0028   0.0028  -0.0042   0.00    1.0
2026/09/06 09:49:59.000   46.273882301    9.778344097  2471.8713   2  19   0.0054   0.0057   0.0111  -0.0027   0.0025  -0.0040   0.00    1.0
2026/09/06 09:50:00.000   46.273874882    9.778342173  2472.0920   2  19   0.0054   0.0057   0.0112  -0.0028   0.0027  -0.0041   0.00    1.0
2026/09/06 09:50:01.000   46.273869284    9.778336047  2472.0874   2  18   0.0054   0.0057   0.0114  -0.0029   0.0029  -0.0042   0.00    1.0
2026/09/06 09:50:02.000   46.273862451    9.778329565  2472.2664   2  18   0.0055   0.0057   0.0114  -0.0029   0.0028  -0.0042   0.00    1.0
2026/09/06 09:50:03.000   46.273858381    9.778328953  2472.3787   2  18   0.0055   0.0057   0.0116  -0.0029   0.0030  -0.0043   0.00    1.0
2026/09/06 09:50:04.000   46.273850587    9.778327597  2472.4134   2  18   0.0055   0.0057   0.0117  -0.0030   0.0031  -0.0044   0.00    1.0
2026/09/06 09:50:05.000   46.273845626    9.778326638  2472.5215   2  18   0.0055   0.0057   0.0115  -0.0029   0.0028  -0.0042   0.00    1.0
2026/09/06 09:50:06.000   46.273843853    9.778327761  2472.5797   2  18   0.0055   0.0057   0.0115  -0.0029   0.0028  -0.0041   0.00    1.0
2026/09/06 09:50:07.000   46.273838094    9.778327506  2472.4825   2  18   0.0055   0.0057   0.0116  -0.0029   0.0028  -0.0039   0.00    1.0
2026/09/06 09:50:08.000   46.273829807    9.778335104  2472.5450   2  18   0.0056   0.0057   0.0117  -0.0029   0.0028  -0.0036   0.00    1.0
2026/09/06 09:50:09.000   46.273822388    9.778335091  2472.3989   2  18   0.0057   0.0057   0.0117  -0.0031   0.0023  -0.0035   0.00    1.0
2026/09/06 09:50:10.000   46.273815123    9.778335219  2472.5253   2  18   0.0056   0.0057   0.0115  -0.0030   0.0025  -0.0038   0.00    1.0
2026/09/06 09:50:11.000   46.273809128    9.778334253  2472.6824   2  18   0.0055   0.0057   0.0115  -0.0030   0.0026  -0.0040   0.00    1.0
2026/09/06 09:50:12.000   46.273805249    9.778330316  2472.7981   2  18   0.0055   0.0057   0.0114  -0.0029   0.0026  -0.0040   0.00    1.0
2026/09/06 09:50:13.000   46.273800989    9.778328662  2472.9824   2  18   0.0055   0.0057   0.0114  -0.0029   0.0027  -0.0040   0.00    1.0
2026/09/06 09:50:14.000   46.273798937    9.778323870  2473.0288   2  18   0.0055   0.0057   0.0114  -0.0029   0.0027  -0.0040   0.00    1.0
2026/09/06 09:50:15.000   46.273794368    9.778319095  2473.3067   2  18   0.0055   0.0057   0.0114  -0.0029   0.0027  -0.0040   0.00    1.0
2026/09/06 09:50:16.000   46.273791214    9.778316535  2473.6304   2  18   0.0055   0.0057   0.0115  -0.0029   0.0027  -0.0040   0.00    1.0
2026/09/06 09:50:17.000   46.273786421    9.778311407  2473.8751   2  18   0.0055   0.0057   0.0115  -0.0029   0.0027  -0.0040   0.00    1.0
2026/09/06 09:50:18.000   46.273779981    9.778311100  2473.9636   2  18   0.0056   0.0057   0.0116  -0.0029   0.0027  -0.0038   0.00    1.0
2026/09/06 09:50:19.000   46.273775286    9.778311426  2474.2087   2  18   0.0057   0.0057   0.0118  -0.0029   0.0027  -0.0035   0.00    1.0
2026/09/06 09:50:20.000   46.273769061    9.778310478  2474.3477   2  18   0.0061   0.0057   0.0123  -0.0032   0.0021  -0.0022   0.00    1.0
2026/09/06 09:50:21.000   46.273765121    9.778316317  2474.4753   2  18   0.0058   0.0057   0.0119  -0.0032   0.0023  -0.0032   0.00    1.0
2026/09/06 09:50:22.000   46.273756699    9.778318301  2474.6058   2  18   0.0057   0.0057   0.0118  -0.0031   0.0025  -0.0035   0.00    1.0
2026/09/06 09:50:23.000   46.273749371    9.778313188  2474.8526   2  18   0.0058   0.0057   0.0120  -0.0030   0.0026  -0.0032   0.00    1.0
2026/09/06 09:50:24.000   46.273745208    9.778313190  2474.9950   2  18   0.0059   0.0058   0.0121  -0.0032   0.0023  -0.0030   0.00    1.0
2026/09/06 09:50:25.000   46.273738188    9.778311531  2475.1304   2  18   0.0059   0.0057   0.0122  -0.0031   0.0026  -0.0031   0.00    1.0
2026/09/06 09:50:26.000   46.273734477    9.778309119  2475.3285   2  18   0.0058   0.0058   0.0120  -0.0032   0.0026  -0.0037   0.00    1.0
2026/09/06 09:50:27.000   46.273732393    9.778309259  2475.4053   2  18   0.0057   0.0058   0.0120  -0.0032   0.0029  -0.0041   0.00    1.0
2026/09/06 09:50:28.000   46.273726844    9.778309559  2475.6021   2  18   0.0056   0.0058   0.0118  -0.0031   0.0026  -0.0040   0.00    1.0
2026/09/06 09:50:29.000   46.273724866    9.778314433  2475.5875   2  18   0.0056   0.0058   0.0117  -0.0030   0.0023  -0.0040   0.00    1.0
2026/09/06 09:50:30.000   46.273723560    9.778314414  2475.5353   2  18   0.0055   0.0057   0.0116  -0.0030   0.0025  -0.0040   0.00    1.0
2026/09/06 09:50:31.000   46.273720224    9.778310218  2475.7787   2  18   0.0055   0.0057   0.0116  -0.0029   0.0026  -0.0040   0.00    1.0
2026/09/06 09:50:32.000   46.273716229    9.778308376  2476.1049   2  18   0.0056   0.0057   0.0116  -0.0029   0.0026  -0.0039   0.00    1.0
2026/09/06 09:50:33.000   46.273716219    9.778307118  2476.1856   2  18   0.0056   0.0057   0.0117  -0.0029   0.0027  -0.0038   0.00    1.0
2026/09/06 09:50:34.000   46.273710699    9.778308234  2476.3148   2  18   0.0057   0.0057   0.0119  -0.0029   0.0027  -0.0035   0.00    1.0
2026/09/06 09:50:35.000   46.273703402    9.778306255  2476.3011   2  18   0.0057   0.0057   0.0117  -0.0030   0.0024  -0.0037   0.00    1.0
2026/09/06 09:50:36.000   46.273699177    9.778306272  2476.2879   2  18   0.0057   0.0057   0.0117  -0.0031   0.0022  -0.0036   0.00    1.0
2026/09/06 09:50:37.000   46.273697759    9.778305363  2476.3350   2  18   0.0056   0.0057   0.0115  -0.0030   0.0024  -0.0039   0.00    1.0
2026/09/06 09:50:38.000   46.273695141    9.778301351  2476.4770   2  18   0.0056   0.0057   0.0114  -0.0030   0.0025  -0.0040   0.00    1.0
2026/09/06 09:50:39.000   46.273691344    9.778298964  2476.8480   2  18   0.0055   0.0057   0.0114  -0.0030   0.0026  -0.0040   0.00    1.0
2026/09/06 09:50:40.000   46.273686043    9.778296122  2476.9670   2  18   0.0055   0.0057   0.0114  -0.0029   0.0026  -0.0041   0.00    1.0
2026/09/06 09:50:41.000   46.273685902    9.778288902  2477.2172   2  18   0.0055   0.0057   0.0114  -0.0029   0.0026  -0.0041   0.00    1.0
2026/09/06 09:50:42.000   46.273684022    9.778286722  2477.2639   2  18   0.0055   0.0057   0.0114  -0.0029   0.0027  -0.0041   0.00    1.0
2026/09/06 09:50:43.000   46.273681198    9.778284380  2477.4909   2  18   0.0055   0.0057   0.0114  -0.0029   0.0027  -0.0041   0.00    1.0
2026/09/06 09:50:44.000   46.273680017    9.778277345  2477.8764   2  18   0.0055   0.0057   0.0114  -0.0029   0.0027  -0.0041   0.00    1.0
2026/09/06 09:50:45.000   46.273676346    9.778274590  2478.0275   2  18   0.0055   0.0057   0.0114  -0.0029   0.0027  -0.0041   0.00    1.1
2026/09/06 09:50:46.000   46.273675384    9.778269759  2478.0512   2  18   0.0055   0.0057   0.0114  -0.0029   0.0027  -0.0041   0.00    1.1
2026/09/06 09:50:47.000   46.273674296    9.778259445  2478.4766   2  18   0.0055   0.0057   0.0114  -0.0029   0.0027  -0.0041   0.00    1.1
2026/09/06 09:50:48.000   46.273671027    9.778253706  2478.5984   2  18   0.0055   0.0057   0.0115  -0.0029   0.0027  -0.0040   0.00    1.1
2026/09/06 09:50:49.000   46.273665951    9.778248817  2478.7997   2  18   0.0056   0.0057   0.0116  -0.0029   0.0027  -0.0039   0.00    1.1
2026/09/06 09:50:50.000   46.273661633    9.778244858  2479.0885   2  18   0.0057   0.0057   0.0118  -0.0029   0.0027  -0.0036   0.00    1.1
2026/09/06 09:50:51.000   46.273655148    9.778246757  2478.9844   2  18   0.0059   0.0057   0.0121  -0.0032   0.0022  -0.0030   0.00    1.0
2026/09/06 09:50:52.000   46.273651530    9.778243218  2479.2299   2  18   0.0059   0.0057   0.0121  -0.0031   0.0023  -0.0031   0.00    1.0
2026/09/06 09:50:53.000   46.273647027    9.778239114  2479.3759   2  18   0.0057   0.0057   0.0117  -0.0031   0.0024  -0.0036   0.00    1.0
2026/09/06 09:50:54.000   46.273646263    9.778229206  2479.4322   2  18   0.0057   0.0057   0.0117  -0.0032   0.0022  -0.0036   0.00    1.0
2026/09/06 09:50:55.000   46.273642299    9.778227821  2479.6925   2  18   0.0056   0.0057   0.0115  -0.0030   0.0025  -0.0039   0.00    1.0
2026/09/06 09:50:56.000   46.273638972    9.778225183  2479.8773   2  18   0.0056   0.0057   0.0114  -0.0030   0.0026  -0.0041   0.00    1.0
2026/09/06 09:50:57.000   46.273637637    9.778229716  2479.9907   2  18   0.0055   0.0057   0.0114  -0.0030   0.0026  -0.0041   0.00    1.0
2026/09/06 09:50:58.000   46.273637761    9.778229212  2480.0074   2  18   0.0055   0.0057   0.0114  -0.0030   0.0026  -0.0041   0.00    1.0
2026/09/06 09:50:59.000   46.273633036    9.778222221  2480.2384   2  18   0.0055   0.0057   0.0114  -0.0029   0.0027  -0.0042   0.00    1.0
2026/09/06 09:51:00.000   46.273632031    9.778221801  2480.3741   2  18   0.0055   0.0057   0.0114  -0.0029   0.0027  -0.0042   0.00    1.1
2026/09/06 09:51:01.000   46.273633541    9.778221164  2480.4564   2  18   0.0055   0.0057   0.0114  -0.0029   0.0027  -0.0042   0.00    1.1
2026/09/06 09:51:02.000   46.273633795    9.778221238  2480.4444   2  18   0.0055   0.0057   0.0114  -0.0029   0.0027  -0.0042   0.00    1.1
2026/09/06 09:51:03.000   46.273628354    9.778217339  2480.4481   2  18   0.0055   0.0057   0.0114  -0.0029   0.0027  -0.0042   0.00    1.1
2026/09/06 09:51:04.000   46.273622687    9.778214889  2480.7741   2  18   0.0055   0.0057   0.0114  -0.0029   0.0027  -0.0042   0.00    1.1
2026/09/06 09:51:05.000   46.273618097    9.778213070  2480.9740   2  18   0.0055   0.0057   0.0114  -0.0029   0.0027  -0.0042   0.00    1.1
2026/09/06 09:51:06.000   46.273617776    9.778215884  2480.9378   2  18   0.0055   0.0057   0.0116  -0.0030   0.0029  -0.0044   0.00    1.1
2026/09/06 09:51:07.000   46.273616367    9.778216084  2480.9357   2  18   0.0055   0.0057   0.0116  -0.0030   0.0029  -0.0044   0.00    1.1
2026/09/06 09:51:08.000   46.273612358    9.778215320  2480.9136   2  18   0.0055   0.0057   0.0117  -0.0030   0.0030  -0.0045   0.00    1.1
2026/09/06 09:51:09.000   46.273609424    9.778214622  2481.2116   2  18   0.0055   0.0057   0.0118  -0.0030   0.0029  -0.0046   0.00    1.1
2026/09/06 09:51:10.000   46.273609438    9.778212236  2481.2270   2  18   0.0056   0.0057   0.0119  -0.0029   0.0028  -0.0047   0.00    1.0
2026/09/06 09:51:11.000   46.273605721    9.778212984  2481.3284   2  18   0.0055   0.0057   0.0117  -0.0029   0.0028  -0.0045   0.00    1.0
2026/09/06 09:51:12.000   46.273605869    9.778213087  2481.4423   2  18   0.0055   0.0057   0.0116  -0.0029   0.0029  -0.0045   0.00    1.0
2026/09/06 09:51:13.000   46.273602999    9.778218789  2481.4712   2  18   0.0055   0.0057   0.0114  -0.0029   0.0027  -0.0043   0.00    1.0
2026/09/06 09:51:14.000   46.273602741    9.778223342  2481.6140   2  18   0.0055   0.0057   0.0114  -0.0029   0.0028  -0.0043   0.00    1.0
2026/09/06 09:51:15.000   46.273600498    9.778222400  2481.4766   2  18   0.0055   0.0057   0.0114  -0.0029   0.0028  -0.0042   0.00    1.0
2026/09/06 09:51:16.000   46.273593654    9.778221813  2481.1470   2  18   0.0055   0.0057   0.0114  -0.0028   0.0029  -0.0042   0.00    1.0
2026/09/06 09:51:17.000   46.273588667    9.778218407  2481.2902   2  18   0.0055   0.0057   0.0114  -0.0028   0.0027  -0.0043   0.00    1.0
2026/09/06 09:51:18.000   46.273583164    9.778218399  2481.3328   2  18   0.0055   0.0057   0.0115  -0.0029   0.0027  -0.0043   0.00    1.0
2026/09/06 09:51:19.000   46.273580306    9.778210418  2481.5063   2  18   0.0055   0.0057   0.0115  -0.0029   0.0026  -0.0042   0.00    1.0
2026/09/06 09:51:20.000   46.273577123    9.778207645  2481.7351   2  18   0.0055   0.0057   0.0115  -0.0029   0.0027  -0.0042   0.00    1.0
2026/09/06 09:51:21.000   46.273576095    9.778200668  2481.9141   2  18   0.0055   0.0057   0.0115  -0.0029   0.0027  -0.0042   0.00    1.0
2026/09/06 09:51:22.000   46.273571180    9.778196499  2481.7572   2  18   0.0055   0.0057   0.0115  -0.0030   0.0027  -0.0042   0.00    1.0
2026/09/06 09:51:23.000   46.273567330    9.778191842  2481.7369   2  18   0.0055   0.0059   0.0116  -0.0031   0.0024  -0.0042   0.00    1.0
2026/09/06 09:51:24.000   46.273563129    9.778190029  2481.9560   2  18   0.0055   0.0057   0.0115  -0.0030   0.0025  -0.0042   0.00    1.0
2026/09/06 09:51:25.000   46.273562981    9.778190453  2482.0926   2  18   0.0055   0.0057   0.0114  -0.0030   0.0026  -0.0042   0.00    1.0
2026/09/06 09:51:26.000   46.273559400    9.778185463  2482.5001   2  18   0.0055   0.0057   0.0114  -0.0030   0.0026  -0.0042   0.00    1.0
2026/09/06 09:51:27.000   46.273556337    9.778186606  2482.7437   2  18   0.0055   0.0057   0.0114  -0.0029   0.0027  -0.0042   0.00    1.0
2026/09/06 09:51:28.000   46.273555515    9.778187793  2482.8779   2  18   0.0055   0.0057   0.0114  -0.0029   0.0027  -0.0042   0.00    1.0
2026/09/06 09:51:29.000   46.273554335    9.778189228  2482.8970   2  18   0.0055   0.0057   0.0114  -0.0029   0.0027  -0.0042   0.00    1.0
2026/09/06 09:51:30.000   46.273554087    9.778189480  2482.9151   2  18   0.0055   0.0057   0.0114  -0.0029   0.0027  -0.0042   0.00    1.0
2026/09/06 09:51:31.000   46.273554264    9.778189461  2482.9139   2  18   0.0055   0.0056   0.0114  -0.0029   0.0027  -0.0042   0.00    1.0
2026/09/06 09:51:32.000   46.273554238    9.778189631  2482.9210   2  18   0.0055   0.0056   0.0114  -0.0029   0.0027  -0.0042   0.00    1.0
2026/09/06 09:51:33.000   46.273555063    9.778188885  2482.9341   2  18   0.0055   0.0056   0.0114  -0.0029   0.0027  -0.0042   0.00    1.0
2026/09/06 09:51:34.000   46.273555334    9.778189209  2482.9363   2  18   0.0055   0.0056   0.0114  -0.0029   0.0027  -0.0042   0.00    1.0
2026/09/06 09:51:35.000   46.273555145    9.778188565  2482.9632   2  18   0.0055   0.0056   0.0115  -0.0029   0.0027  -0.0042   0.00    1.0
2026/09/06 09:51:36.000   46.273551379    9.778187357  2483.0123   2  18   0.0055   0.0056   0.0116  -0.0029   0.0028  -0.0042   0.00    1.0
2026/09/06 09:51:37.000   46.273549950    9.778182520  2482.9535   2  18   0.0056   0.0056   0.0117  -0.0029   0.0027  -0.0041   0.00    1.0
2026/09/06 09:51:38.000   46.273547506    9.778176875  2482.7091   2  18   0.0056   0.0056   0.0118  -0.0029   0.0027  -0.0038   0.00    1.0
2026/09/06 09:51:39.000   46.273544889    9.778176016  2482.4681   2  18   0.0058   0.0057   0.0117  -0.0032   0.0022  -0.0036   0.00    1.0
2026/09/06 09:51:40.000   46.273544497    9.778176464  2482.5131   2  18   0.0057   0.0057   0.0115  -0.0031   0.0025  -0.0039   0.00    1.0
2026/09/06 09:51:41.000   46.273544642    9.778175748  2482.5443   2  18   0.0056   0.0057   0.0115  -0.0030   0.0026  -0.0041   0.00    1.0
2026/09/06 09:51:42.000   46.273544904    9.778175567  2482.5695   2  18   0.0056   0.0057   0.0114  -0.0030   0.0026  -0.0041   0.00    1.0
2026/09/06 09:51:43.000   46.273545331    9.778175362  2482.5780   2  18   0.0055   0.0056   0.0114  -0.0030   0.0026  -0.0042   0.00    1.0
2026/09/06 09:51:44.000   46.273545464    9.778175264  2482.5903   2  18   0.0055   0.0056   0.0114  -0.0030   0.0027  -0.0042   0.00    1.0
2026/09/06 09:51:45.000   46.273545781    9.778175032  2482.6043   2  18   0.0055   0.0056   0.0114  -0.0030   0.0027  -0.0042   0.00    1.0
2026/09/06 09:51:46.000   46.273545872    9.778174897  2482.6142   2  18   0.0055   0.0056   0.0114  -0.0030   0.0027  -0.0042   0.00    1.1
2026/09/06 09:51:47.000   46.273545989    9.778174911  2482.6160   2  18   0.0055   0.0056   0.0114  -0.0030   0.0027  -0.0042   0.00    1.1
2026/09/06 09:51:48.000   46.273546364    9.778174744  2482.6286   2  18   0.0055   0.0056   0.0114  -0.0030   0.0027  -0.0042   0.00    1.1
2026/09/06 09:51:49.000   46.273545645    9.778175330  2482.6117   2  18   0.0055   0.0056   0.0114  -0.0030   0.0027  -0.0042   0.00    1.1
2026/09/06 09:51:50.000   46.273546063    9.778175168  2482.6284   2  18   0.0055   0.0056   0.0114  -0.0030   0.0027  -0.0042   0.00    1.1
2026/09/06 09:51:51.000   46.273546044    9.778175866  2482.6163   2  18   0.0055   0.0056   0.0114  -0.0030   0.0027  -0.0042   0.00    1.1
2026/09/06 09:51:52.000   46.273544312    9.778174786  2482.6274   2  18   0.0055   0.0056   0.0114  -0.0030   0.0027  -0.0042   0.00    1.1
2026/09/06 09:51:53.000   46.273544360    9.778174155  2482.6398   2  18   0.0055   0.0056   0.0114  -0.0030   0.0027  -0.0042   0.00    1.1
2026/09/06 09:51:54.000   46.273544825    9.778164452  2482.6738   2  18   0.0055   0.0056   0.0114  -0.0030   0.0027  -0.0042   0.00    1.1
2026/09/06 09:51:55.000   46.273543562    9.778160063  2482.7115   2  18   0.0055   0.0056   0.0114  -0.0029   0.0027  -0.0042   0.00    1.1
2026/09/06 09:51:56.000   46.273545756    9.778151972  2482.8459   2  18   0.0055   0.0056   0.0114  -0.0029   0.0027  -0.0042   0.00    1.1
2026/09/06 09:51:57.000   46.273541724    9.778145425  2482.8918   2  18   0.0055   0.0056   0.0115  -0.0029   0.0027  -0.0041   0.00    1.1
2026/09/06 09:51:58.000   46.273539968    9.778140464  2482.9781   2  18   0.0056   0.0057   0.0115  -0.0029   0.0027  -0.0040   0.00    1.1
2026/09/06 09:51:59.000   46.273538764    9.778135231  2483.1185   2  18   0.0056   0.0057   0.0117  -0.0029   0.0027  -0.0038   0.00    1.1
2026/09/06 09:52:00.000   46.273535735    9.778129190  2482.5399   2  18   0.0061   0.0058   0.0124  -0.0032   0.0022  -0.0025   0.00    1.0
2026/09/06 09:52:01.000   46.273532465    9.778133153  2482.2419   2  18   0.0058   0.0057   0.0117  -0.0032   0.0023  -0.0036   0.00    1.0
2026/09/06 09:52:02.000   46.273530596    9.778124565  2482.5657   2  18   0.0057   0.0057   0.0115  -0.0030   0.0025  -0.0040   0.00    1.0
2026/09/06 09:52:03.000   46.273529128    9.778122517  2482.7741   2  18   0.0056   0.0057   0.0114  -0.0030   0.0025  -0.0041   0.00    1.0
2026/09/06 09:52:04.000   46.273530119    9.778123051  2482.7995   2  18   0.0056   0.0057   0.0114  -0.0030   0.0026  -0.0042   0.00    1.0
2026/09/06 09:52:05.000   46.273529741    9.778123211  2482.8022   2  18   0.0056   0.0057   0.0114  -0.0030   0.0026  -0.0042   0.00    1.0
2026/09/06 09:52:06.000   46.273527782    9.778120628  2482.7641   2  18   0.0055   0.0057   0.0114  -0.0030   0.0027  -0.0042   0.00    1.0
2026/09/06 09:52:07.000   46.273524944    9.778120408  2482.6319   2  18   0.0055   0.0056   0.0114  -0.0030   0.0027  -0.0043   0.00    1.0
2026/09/06 09:52:08.000   46.273523504    9.778120965  2482.6605   2  18   0.0055   0.0056   0.0114  -0.0030   0.0027  -0.0043   0.00    1.0
2026/09/06 09:52:09.000   46.273523605    9.778121017  2482.6607   2  18   0.0055   0.0056   0.0113  -0.0030   0.0027  -0.0043   0.00    1.0
2026/09/06 09:52:10.000   46.273524093    9.778121243  2482.6697   2  18   0.0055   0.0056   0.0113  -0.0030   0.0027  -0.0043   0.00    1.0
2026/09/06 09:52:11.000   46.273524187    9.778119823  2482.7036   2  18   0.0055   0.0056   0.0113  -0.0030   0.0027  -0.0043   0.00    1.0
2026/09/06 09:52:12.000   46.273524253    9.778119667  2482.6972   2  18   0.0055   0.0056   0.0113  -0.0030   0.0027  -0.0043   0.00    1.0
2026/09/06 09:52:13.000   46.273523462    9.778121124  2482.6874   2  18   0.0055   0.0056   0.0113  -0.0030   0.0027  -0.0043   0.00    1.0
2026/09/06 09:52:14.000   46.273523796    9.778120746  2482.7101   2  18   0.0055   0.0056   0.0113  -0.0030   0.0027  -0.0043   0.00    1.1
2026/09/06 09:52:15.000   46.273524081    9.778120516  2482.6995   2  18   0.0055   0.0056   0.0113  -0.0030   0.0027  -0.0043   0.00    1.1
2026/09/06 09:52:16.000   46.273524140    9.778119687  2482.7165   2  18   0.0055   0.0056   0.0113  -0.0030   0.0028  -0.0043   0.00    1.1
2026/09/06 09:52:17.000   46.273523936    9.778119882  2482.7077   2  18   0.0055   0.0056   0.0113  -0.0030   0.0028  -0.0043   0.00    1.1
2026/09/06 09:52:18.000   46.273523657    9.778119352  2482.7145   2  18   0.0055   0.0056   0.0113  -0.0030   0.0028  -0.0043   0.00    1.1
2026/09/06 09:52:19.000   46.273524167    9.778119535  2482.7102   2  18   0.0055   0.0056   0.0113  -0.0030   0.0028  -0.0043   0.00    1.1
2026/09/06 09:52:20.000   46.273523711    9.778120108  2482.7200   2  18   0.0055   0.0056   0.0113  -0.0030   0.0028  -0.0043   0.00    1.1
2026/09/06 09:52:21.000   46.273522951    9.778119115  2482.7316   2  18   0.0055   0.0056   0.0113  -0.0030   0.0028  -0.0043   0.00    1.1
2026/09/06 09:52:22.000   46.273523254    9.778118994  2482.7299   2  18   0.0055   0.0056   0.0114  -0.0030   0.0028  -0.0043   0.00    1.1
2026/09/06 09:52:23.000   46.273523794    9.778118680  2482.7315   2  18   0.0055   0.0056   0.0114  -0.0030   0.0028  -0.0043   0.00    1.1
2026/09/06 09:52:24.000   46.273523822    9.778118436  2482.7320   2  18   0.0055   0.0056   0.0114  -0.0030   0.0028  -0.0043   0.00    1.1
2026/09/06 09:52:25.000   46.273524099    9.778118304  2482.7321   2  18   0.0055   0.0056   0.0114  -0.0030   0.0028  -0.0043   0.00    1.1
2026/09/06 09:52:26.000   46.273524044    9.778118276  2482.7378   2  18   0.0055   0.0056   0.0114  -0.0030   0.0028  -0.0043   0.00    1.1
2026/09/06 09:52:27.000   46.273524079    9.778118272  2482.7341   2  18   0.0055   0.0056   0.0114  -0.0030   0.0028  -0.0043   0.00    1.1
2026/09/06 09:52:28.000   46.273524044    9.778118390  2482.7392   2  18   0.0055   0.0056   0.0114  -0.0030   0.0028  -0.0043   0.00    1.1
2026/09/06 09:52:29.000   46.273524005    9.778118253  2482.7403   2  18   0.0055   0.0056   0.0114  -0.0030   0.0028  -0.0043   0.00    1.1
2026/09/06 09:52:30.000   46.273523842    9.778118366  2482.7538   2  18   0.0055   0.0056   0.0114  -0.0030   0.0028  -0.0043   0.00    1.1
2026/09/06 09:52:31.000   46.273523569    9.778120112  2482.7543   2  18   0.0055   0.0057   0.0114  -0.0030   0.0029  -0.0044   0.00    1.1
2026/09/06 09:52:32.000   46.273523043    9.778118036  2482.7640   2  18   0.0055   0.0057   0.0115  -0.0030   0.0029  -0.0044   0.00    1.1
2026/09/06 09:52:33.000   46.273521639    9.778113933  2482.7413   2  18   0.0055   0.0057   0.0116  -0.0030   0.0029  -0.0044   0.00    1.1
2026/09/06 09:52:34.000   46.273521229    9.778104472  2482.7949   2  18   0.0056   0.0057   0.0117  -0.0030   0.0031  -0.0045   0.00    1.1
2026/09/06 09:52:35.000   46.273519119    9.778097396  2482.9238   2  17   0.0056   0.0057   0.0118  -0.0031   0.0032  -0.0046   0.00    1.1
2026/09/06 09:52:36.000   46.273518717    9.778091447  2483.0400   2  17   0.0056   0.0057   0.0119  -0.0031   0.0032  -0.0046   0.00    1.1
2026/09/06 09:52:37.000   46.273516669    9.778089658  2483.0070   2  17   0.0056   0.0057   0.0119  -0.0031   0.0032  -0.0045   0.00    1.1
2026/09/06 09:52:38.000   46.273513649    9.778086621  2482.9476   2  17   0.0056   0.0057   0.0120  -0.0031   0.0032  -0.0045   0.00    1.1
2026/09/06 09:52:39.000   46.273506543    9.778079687  2482.8676   2  17   0.0057   0.0057   0.0122  -0.0031   0.0032  -0.0043   0.00    1.1
2026/09/06 09:52:40.000   46.273499645    9.778078159  2482.9995   2  17   0.0058   0.0057   0.0122  -0.0032   0.0031  -0.0041   0.00    1.1
2026/09/06 09:52:41.000   46.273496049    9.778078675  2483.2474   2  17   0.0062   0.0058   0.0128  -0.0034   0.0029  -0.0031   0.00    1.0
2026/09/06 09:52:42.000   46.273490549    9.778077265  2483.4860   2  17   0.0058   0.0058   0.0122  -0.0032   0.0031  -0.0042   0.00    1.0
2026/09/06 09:52:43.000   46.273485742    9.778073292  2483.5038   2  17   0.0057   0.0058   0.0119  -0.0031   0.0027  -0.0042   0.00    1.0
2026/09/06 09:52:44.000   46.273481100    9.778064208  2483.6598   2  18   0.0057   0.0057   0.0118  -0.0031   0.0028  -0.0043   0.00    1.0
2026/09/06 09:52:45.000   46.273482224    9.778056003  2483.6354   2  18   0.0056   0.0057   0.0117  -0.0031   0.0028  -0.0043   0.00    1.0
2026/09/06 09:52:46.000   46.273484186    9.778049712  2483.8868   2  18   0.0056   0.0057   0.0117  -0.0031   0.0029  -0.0044   0.00    1.0
2026/09/06 09:52:47.000   46.273478533    9.778045212  2483.8370   2  18   0.0056   0.0057   0.0117  -0.0031   0.0030  -0.0045   0.00    1.0
2026/09/06 09:52:48.000   46.273472713    9.778042075  2483.9504   2  18   0.0056   0.0057   0.0118  -0.0031   0.0031  -0.0045   0.00    1.0
2026/09/06 09:52:49.000   46.273470001    9.778036051  2483.9028   2  18   0.0056   0.0057   0.0118  -0.0031   0.0031  -0.0046   0.00    1.0
2026/09/06 09:52:50.000   46.273464421    9.778029807  2484.0003   2  17   0.0056   0.0057   0.0119  -0.0031   0.0031  -0.0047   0.00    1.0
2026/09/06 09:52:51.000   46.273461935    9.778020797  2484.3125   2  17   0.0056   0.0057   0.0118  -0.0031   0.0031  -0.0046   0.00    1.0
2026/09/06 09:52:52.000   46.273459887    9.778018595  2484.3945   2  18   0.0056   0.0057   0.0118  -0.0031   0.0029  -0.0046   0.00    1.0
2026/09/06 09:52:53.000   46.273456947    9.778016907  2484.5645   2  18   0.0056   0.0057   0.0118  -0.0031   0.0030  -0.0046   0.00    1.0
2026/09/06 09:52:54.000   46.273451580    9.778016044  2484.7055   2  18   0.0056   0.0057   0.0117  -0.0031   0.0029  -0.0045   0.00    1.0
2026/09/06 09:52:55.000   46.273451670    9.778013288  2484.9073   2  18   0.0056   0.0057   0.0117  -0.0031   0.0030  -0.0045   0.00    1.0
2026/09/06 09:52:56.000   46.273446534    9.778008823  2485.0513   2  18   0.0056   0.0057   0.0117  -0.0031   0.0030  -0.0045   0.00    1.0
2026/09/06 09:52:57.000   46.273447815    9.778002275  2485.3171   2  17   0.0056   0.0057   0.0119  -0.0031   0.0032  -0.0047   0.00    1.0
2026/09/06 09:52:58.000   46.273446728    9.777994276  2485.4590   2  17   0.0056   0.0057   0.0119  -0.0031   0.0031  -0.0047   0.00    1.0
2026/09/06 09:52:59.000   46.273442437    9.777989108  2485.5225   2  18   0.0056   0.0057   0.0117  -0.0030   0.0030  -0.0045   0.00    1.0
2026/09/06 09:53:00.000   46.273441209    9.777984253  2485.7203   2  18   0.0056   0.0057   0.0117  -0.0030   0.0030  -0.0045   0.00    1.0
2026/09/06 09:53:01.000   46.273441567    9.777984914  2485.7198   2  17   0.0056   0.0057   0.0119  -0.0031   0.0032  -0.0046   0.00    1.0
2026/09/06 09:53:02.000   46.273441554    9.777984186  2485.7244   2  18   0.0056   0.0057   0.0118  -0.0031   0.0030  -0.0045   0.00    1.0
2026/09/06 09:53:03.000   46.273440580    9.777982721  2485.7565   2  18   0.0056   0.0057   0.0118  -0.0031   0.0031  -0.0044   0.00    1.0
2026/09/06 09:53:04.000   46.273437102    9.777980035  2485.7705   2  18   0.0056   0.0057   0.0120  -0.0031   0.0032  -0.0044   0.00    1.0
2026/09/06 09:53:05.000   46.273434113    9.777977298  2485.6889   2  17   0.0057   0.0058   0.0123  -0.0031   0.0033  -0.0043   0.00    1.0
2026/09/06 09:53:06.000   46.273423527    9.777978553  2485.1018   2  17   0.0058   0.0058   0.0122  -0.0032   0.0031  -0.0043   0.00    1.1
2026/09/06 09:53:07.000   46.273419718    9.777977391  2485.0793   2  17   0.0060   0.0058   0.0122  -0.0033   0.0027  -0.0041   0.00    1.0
2026/09/06 09:53:08.000   46.273419393    9.777978184  2485.1778   2  17   0.0058   0.0058   0.0120  -0.0032   0.0029  -0.0044   0.00    1.0
2026/09/06 09:53:09.000   46.273417804    9.777978043  2485.1999   2  17   0.0057   0.0057   0.0119  -0.0032   0.0030  -0.0045   0.00    1.0
2026/09/06 09:53:10.000   46.273419047    9.777977270  2485.2264   2  17   0.0057   0.0057   0.0119  -0.0032   0.0030  -0.0045   0.00    1.0
2026/09/06 09:53:11.000   46.273419114    9.777977592  2485.2350   2  17   0.0056   0.0057   0.0119  -0.0032   0.0031  -0.0046   0.00    1.0
2026/09/06 09:53:12.000   46.273418775    9.777980443  2485.2515   2  18   0.0056   0.0057   0.0118  -0.0031   0.0030  -0.0045   0.00    1.0
2026/09/06 09:53:13.000   46.273418853    9.777980302  2485.2515   2  17   0.0056   0.0057   0.0118  -0.0031   0.0031  -0.0046   0.00    1.0
2026/09/06 09:53:14.000   46.273418059    9.777980812  2485.2748   2  17   0.0056   0.0057   0.0118  -0.0031   0.0031  -0.0046   0.00    1.0
2026/09/06 09:53:15.000   46.273419508    9.777980510  2485.2748   2  17   0.0056   0.0057   0.0118  -0.0031   0.0031  -0.0046   0.00    1.0
2026/09/06 09:53:16.000   46.273419582    9.777980340  2485.2760   2  18   0.0056   0.0057   0.0117  -0.0031   0.0030  -0.0045   0.00    1.0
2026/09/06 09:53:17.000   46.273417017    9.777977373  2485.1606   2  18   0.0056   0.0057   0.0118  -0.0031   0.0031  -0.0046   0.00    1.0
2026/09/06 09:53:18.000   46.273412299    9.777963581  2484.9129   2  17   0.0056   0.0057   0.0118  -0.0031   0.0031  -0.0046   0.00    1.0
2026/09/06 09:53:19.000   46.273405181    9.777954819  2485.1365   2  17   0.0056   0.0058   0.0118  -0.0032   0.0032  -0.0046   0.00    1.1
2026/09/06 09:53:20.000   46.273399615    9.777945160  2485.4274   2  17   0.0056   0.0057   0.0118  -0.0031   0.0032  -0.0046   0.00    1.0
2026/09/06 09:53:21.000   46.273396745    9.777940884  2485.5807   2  17   0.0056   0.0057   0.0118  -0.0031   0.0032  -0.0046   0.00    1.0
2026/09/06 09:53:22.000   46.273400568    9.777930560  2485.6930   2  17   0.0056   0.0057   0.0119  -0.0031   0.0032  -0.0046   0.00    1.0
2026/09/06 09:53:23.000   46.273400008    9.777921188  2485.8398   2  17   0.0056   0.0057   0.0119  -0.0031   0.0032  -0.0046   0.00    1.0
2026/09/06 09:53:24.000   46.273396892    9.777917892  2485.7707   2  17   0.0056   0.0057   0.0119  -0.0031   0.0032  -0.0046   0.00    1.0
2026/09/06 09:53:25.000   46.273387264    9.777919282  2485.7458   2  17   0.0056   0.0057   0.0120  -0.0031   0.0032  -0.0045   0.00    1.0
2026/09/06 09:53:26.000   46.273377780    9.777918921  2485.8324   2  17   0.0057   0.0057   0.0121  -0.0031   0.0032  -0.0043   0.00    1.0
2026/09/06 09:53:27.000   46.273366563    9.777918593  2485.6105   2  17   0.0058   0.0057   0.0122  -0.0032   0.0030  -0.0041   0.00    1.0
2026/09/06 09:53:28.000   46.273357686    9.777919447  2485.5838   2  17   0.0062   0.0057   0.0126  -0.0034   0.0027  -0.0032   0.00    1.0
2026/09/06 09:53:29.000   46.273354741    9.777911747  2485.4305   2  17   0.0060   0.0057   0.0122  -0.0034   0.0028  -0.0039   0.00    1.0
2026/09/06 09:53:30.000   46.273356091    9.777898882  2485.6979   2  17   0.0058   0.0057   0.0121  -0.0033   0.0030  -0.0043   0.00    1.0
2026/09/06 09:53:31.000   46.273354975    9.777893159  2486.0536   2  17   0.0057   0.0057   0.0121  -0.0032   0.0031  -0.0044   0.00    1.0
2026/09/06 09:53:32.000   46.273353152    9.777883514  2486.3687   2  17   0.0057   0.0057   0.0121  -0.0032   0.0032  -0.0044   0.00    1.0
2026/09/06 09:53:33.000   46.273349294    9.777879211  2486.4504   2  17   0.0057   0.0057   0.0122  -0.0032   0.0031  -0.0044   0.00    1.0
2026/09/06 09:53:34.000   46.273344452    9.777874645  2486.7195   2  17   0.0058   0.0058   0.0124  -0.0032   0.0033  -0.0042   0.00    1.0
2026/09/06 09:53:35.000   46.273335914    9.777867108  2486.7761   2  17   0.0058   0.0058   0.0122  -0.0032   0.0030  -0.0043   0.00    1.0
2026/09/06 09:53:36.000   46.273327178    9.777866375  2486.9091   2  17   0.0059   0.0058   0.0121  -0.0034   0.0029  -0.0040   0.00    1.0
2026/09/06 09:53:37.000   46.273321277    9.777862093  2487.0711   2  17   0.0058   0.0057   0.0120  -0.0033   0.0030  -0.0044   0.00    1.0
2026/09/06 09:53:38.000   46.273316669    9.777857961  2487.2439   2  17   0.0057   0.0057   0.0119  -0.0032   0.0031  -0.0045   0.00    1.0
2026/09/06 09:53:39.000   46.273312560    9.777855674  2487.2736   2  17   0.0057   0.0057   0.0119  -0.0032   0.0031  -0.0045   0.00    1.0
2026/09/06 09:53:40.000   46.273313528    9.777854808  2487.3161   2  17   0.0056   0.0057   0.0118  -0.0032   0.0031  -0.0046   0.00    1.0
2026/09/06 09:53:41.000   46.273311893    9.777857012  2487.3048   2  17   0.0056   0.0057   0.0118  -0.0032   0.0031  -0.0046   0.00    1.0
2026/09/06 09:53:42.000   46.273310650    9.777855446  2487.3008   2  17   0.0056   0.0057   0.0118  -0.0032   0.0031  -0.0046   0.00    1.0
2026/09/06 09:53:43.000   46.273311067    9.777856304  2487.2982   2  17   0.0056   0.0057   0.0118  -0.0032   0.0032  -0.0046   0.00    1.0
2026/09/06 09:53:44.000   46.273311103    9.777857606  2487.3017   2  17   0.0056   0.0057   0.0118  -0.0032   0.0032  -0.0047   0.00    1.0
2026/09/06 09:53:45.000   46.273310934    9.777857670  2487.3121   2  17   0.0056   0.0057   0.0118  -0.0032   0.0032  -0.0047   0.00    1.0
2026/09/06 09:53:46.000   46.273311854    9.777856105  2487.3331   2  17   0.0056   0.0057   0.0118  -0.0032   0.0032  -0.0047   0.00    1.0
2026/09/06 09:53:47.000   46.273311561    9.777855962  2487.3251   2  17   0.0056   0.0057   0.0118  -0.0032   0.0032  -0.0047   0.00    1.0
2026/09/06 09:53:48.000   46.273309984    9.777854691  2487.3101   2  17   0.0056   0.0057   0.0118  -0.0031   0.0032  -0.0047   0.00    1.0
2026/09/06 09:53:49.000   46.273311643    9.777848079  2487.3433   2  17   0.0056   0.0057   0.0118  -0.0031   0.0032  -0.0047   0.00    1.0
2026/09/06 09:53:50.000   46.273308834    9.777839959  2487.5221   2  17   0.0056   0.0057   0.0118  -0.0031   0.0032  -0.0047   0.00    1.0
2026/09/06 09:53:51.000   46.273306658    9.777836644  2487.5887   2  17   0.0056   0.0057   0.0118  -0.0031   0.0032  -0.0047   0.00    1.0
2026/09/06 09:53:52.000   46.273303756    9.777834134  2487.4887   2  17   0.0056   0.0057   0.0118  -0.0031   0.0032  -0.0047   0.00    1.0
2026/09/06 09:53:53.000   46.273304749    9.777833657  2487.4722   2  17   0.0056   0.0057   0.0118  -0.0031   0.0032  -0.0047   0.00    1.0
2026/09/06 09:53:54.000   46.273303474    9.777834705  2487.4808   2  17   0.0056   0.0057   0.0118  -0.0032   0.0032  -0.0047   0.00    1.0
2026/09/06 09:53:55.000   46.273303627    9.777835169  2487.4826   2  17   0.0056   0.0057   0.0118  -0.0032   0.0032  -0.0047   0.00    1.0
2026/09/06 09:53:56.000   46.273304166    9.777834142  2487.4951   2  17   0.0056   0.0057   0.0118  -0.0032   0.0032  -0.0047   0.00    1.1
2026/09/06 09:53:57.000   46.273304351    9.777834885  2487.4803   2  17   0.0056   0.0057   0.0118  -0.0032   0.0032  -0.0047   0.00    1.1
2026/09/06 09:53:58.000   46.273300575    9.777831991  2487.4322   2  17   0.0056   0.0057   0.0118  -0.0032   0.0033  -0.0047   0.00    1.1
2026/09/06 09:53:59.000   46.273294034    9.777827096  2487.3320   2  17   0.0056   0.0057   0.0118  -0.0032   0.0033  -0.0047   0.00    1.1
2026/09/06 09:54:00.000   46.273287269    9.777817756  2487.4836   2  17   0.0056   0.0057   0.0118  -0.0032   0.0033  -0.0047   0.00    1.1
2026/09/06 09:54:01.000   46.273284562    9.777812973  2487.6535   2  17   0.0056   0.0057   0.0118  -0.0032   0.0032  -0.0047   0.00    1.0
2026/09/06 09:54:02.000   46.273280712    9.777809420  2487.7240   2  17   0.0056   0.0057   0.0118  -0.0032   0.0032  -0.0047   0.00    1.0
2026/09/06 09:54:03.000   46.273279682    9.777808687  2487.7743   2  17   0.0056   0.0057   0.0119  -0.0032   0.0032  -0.0047   0.00    1.0
2026/09/06 09:54:04.000   46.273279923    9.777808096  2487.7719   2  17   0.0056   0.0057   0.0119  -0.0032   0.0032  -0.0046   0.00    1.0
2026/09/06 09:54:05.000   46.273279488    9.777808127  2487.7992   2  17   0.0056   0.0057   0.0119  -0.0032   0.0033  -0.0046   0.00    1.0
2026/09/06 09:54:06.000   46.273279841    9.777810493  2487.8210   2  17   0.0056   0.0057   0.0120  -0.0032   0.0033  -0.0045   0.00    1.0
2026/09/06 09:54:07.000   46.273276784    9.777810992  2487.7902   2  17   0.0056   0.0057   0.0122  -0.0032   0.0033  -0.0044   0.00    1.0
2026/09/06 09:54:08.000   46.273266931    9.777802875  2487.4789   2  17   0.0060   0.0058   0.0122  -0.0035   0.0030  -0.0040   0.00    1.0
2026/09/06 09:54:09.000   46.273260435    9.777800076  2487.7266   2  17   0.0058   0.0058   0.0120  -0.0033   0.0031  -0.0043   0.00    1.0
2026/09/06 09:54:10.000   46.273260207    9.777800796  2487.7780   2  17   0.0057   0.0057   0.0119  -0.0032   0.0031  -0.0044   0.00    1.0
2026/09/06 09:54:11.000   46.273260015    9.777800170  2487.8085   2  17   0.0057   0.0057   0.0119  -0.0032   0.0031  -0.0045   0.00    1.0
2026/09/06 09:54:12.000   46.273260391    9.777798406  2487.8453   2  17   0.0056   0.0057   0.0119  -0.0032   0.0031  -0.0045   0.00    1.0
2026/09/06 09:54:13.000   46.273259824    9.777799023  2487.8614   2  17   0.0056   0.0057   0.0119  -0.0032   0.0031  -0.0045   0.00    1.0
2026/09/06 09:54:14.000   46.273259743    9.777798172  2487.8801   2  17   0.0056   0.0057   0.0119  -0.0032   0.0032  -0.0045   0.00    1.0
2026/09/06 09:54:15.000   46.273256850    9.777798645  2487.8132   2  17   0.0056   0.0057   0.0120  -0.0032   0.0032  -0.0045   0.00    1.0
2026/09/06 09:54:16.000   46.273250116    9.777790711  2487.9528   2  17   0.0057   0.0057   0.0121  -0.0032   0.0032  -0.0043   0.00    1.0
2026/09/06 09:54:17.000   46.273249417    9.777790974  2487.8042   2  17   0.0059   0.0057   0.0121  -0.0034   0.0028  -0.0041   0.00    1.0
2026/09/06 09:54:18.000   46.273248292    9.777790611  2487.8530   2  17   0.0058   0.0057   0.0119  -0.0033   0.0030  -0.0044   0.00    1.0
2026/09/06 09:54:19.000   46.273248644    9.777792761  2487.8818   2  17   0.0057   0.0057   0.0119  -0.0032   0.0031  -0.0045   0.00    1.0
2026/09/06 09:54:20.000   46.273247964    9.777794064  2487.8561   2  17   0.0056   0.0057   0.0118  -0.0032   0.0031  -0.0046   0.00    1.0
2026/09/06 09:54:21.000   46.273247932    9.777792057  2487.9083   2  17   0.0056   0.0057   0.0118  -0.0032   0.0031  -0.0046   0.00    1.0
2026/09/06 09:54:22.000   46.273248683    9.777792781  2487.8854   2  17   0.0056   0.0057   0.0118  -0.0032   0.0032  -0.0046   0.00    1.0
2026/09/06 09:54:23.000   46.273248962    9.777793062  2487.8806   2  17   0.0056   0.0057   0.0118  -0.0032   0.0032  -0.0047   0.00    1.0
2026/09/06 09:54:24.000   46.273248773    9.777792849  2487.8813   2  17   0.0056   0.0057   0.0118  -0.0032   0.0032  -0.0047   0.00    1.0
2026/09/06 09:54:25.000   46.273248981    9.777791971  2487.8970   2  17   0.0056   0.0057   0.0118  -0.0032   0.0032  -0.0047   0.00    1.0
2026/09/06 09:54:26.000   46.273249921    9.777792061  2487.9085   2  17   0.0056   0.0057   0.0118  -0.0032   0.0032  -0.0047   0.00    1.1
2026/09/06 09:54:27.000   46.273249790    9.777792171  2487.9110   2  17   0.0055   0.0057   0.0118  -0.0032   0.0032  -0.0047   0.00    1.1
2026/09/06 09:54:28.000   46.273249008    9.777790421  2487.9338   2  17   0.0055   0.0057   0.0118  -0.0032   0.0032  -0.0047   0.00    1.1
2026/09/06 09:54:29.000   46.273248783    9.777791454  2487.9307   2  17   0.0055   0.0057   0.0118  -0.0032   0.0032  -0.0047   0.00    1.1
2026/09/06 09:54:30.000   46.273248508    9.777790978  2487.9256   2  17   0.0055   0.0057   0.0118  -0.0032   0.0032  -0.0047   0.00    1.1
2026/09/06 09:54:31.000   46.273249639    9.777791818  2487.9185   2  17   0.0055   0.0057   0.0118  -0.0032   0.0032  -0.0047   0.00    1.1
2026/09/06 09:54:32.000   46.273251536    9.777791797  2487.8526   2  17   0.0055   0.0057   0.0118  -0.0032   0.0032  -0.0047   0.00    1.1
2026/09/06 09:54:33.000   46.273250815    9.777794845  2487.7434   2  17   0.0055   0.0057   0.0118  -0.0032   0.0032  -0.0047   0.00    1.2
2026/09/06 09:54:34.000   46.273250627    9.777796003  2487.7387   2  17   0.0055   0.0057   0.0118  -0.0032   0.0032  -0.0047   0.00    1.2
2026/09/06 09:54:35.000   46.273251194    9.777795693  2487.7449   2  17   0.0055   0.0057   0.0118  -0.0032   0.0032  -0.0047   0.00    1.2
2026/09/06 09:54:36.000   46.273251514    9.777796664  2487.7554   2  17   0.0055   0.0057   0.0118  -0.0032   0.0032  -0.0047   0.00    1.2
2026/09/06 09:54:37.000   46.273251774    9.777797765  2487.7484   2  17   0.0055   0.0057   0.0118  -0.0032   0.0032  -0.0047   0.00    1.2
2026/09/06 09:54:38.000   46.273251387    9.777796320  2487.7500   2  17   0.0055   0.0057   0.0118  -0.0032   0.0032  -0.0047   0.00    1.2
2026/09/06 09:54:39.000   46.273252712    9.777795911  2487.7727   2  17   0.0055   0.0057   0.0118  -0.0032   0.0032  -0.0047   0.00    1.2
2026/09/06 09:54:40.000   46.273251978    9.777795772  2487.7616   2  17   0.0055   0.0057   0.0118  -0.0032   0.0032  -0.0047   0.00    1.2
2026/09/06 09:54:41.000   46.273251968    9.777795979  2487.7717   2  17   0.0055   0.0057   0.0118  -0.0032   0.0032  -0.0047   0.00    1.2
2026/09/06 09:54:42.000   46.273251878    9.777796115  2487.7724   2  17   0.0055   0.0057   0.0119  -0.0032   0.0032  -0.0047   0.00    1.2
2026/09/06 09:54:43.000   46.273251918    9.777796230  2487.7746   2  17   0.0055   0.0057   0.0119  -0.0032   0.0032  -0.0047   0.00    1.2
2026/09/06 09:54:44.000   46.273253573    9.777796397  2487.7779   2  17   0.0055   0.0057   0.0119  -0.0032   0.0032  -0.0047   0.00    1.2
2026/09/06 09:54:45.000   46.273254886    9.777797139  2487.8025   2  17   0.0055   0.0057   0.0119  -0.0032   0.0033  -0.0047   0.00    1.2
2026/09/06 09:54:46.000   46.273256782    9.777798865  2487.7921   2  17   0.0055   0.0057   0.0120  -0.0032   0.0033  -0.0048   0.00    1.2
2026/09/06 09:54:47.000   46.273259710    9.777796918  2487.8352   2  17   0.0055   0.0057   0.0121  -0.0032   0.0033  -0.0048   0.00    1.2
2026/09/06 09:54:48.000   46.273264869    9.777798954  2487.6227   2  17   0.0056   0.0057   0.0121  -0.0032   0.0032  -0.0048   0.00    1.2
2026/09/06 09:54:49.000   46.273271612    9.777799664  2487.7587   2  17   0.0056   0.0057   0.0121  -0.0032   0.0033  -0.0047   0.00    1.2
2026/09/06 09:54:50.000   46.273277996    9.777801401  2487.8793   2  17   0.0056   0.0057   0.0121  -0.0032   0.0033  -0.0047   0.00    1.2
2026/09/06 09:54:51.000   46.273287311    9.777802909  2488.0420   2  17   0.0056   0.0057   0.0123  -0.0032   0.0034  -0.0045   0.00    1.2
2026/09/06 09:54:52.000   46.273294547    9.777805106  2487.9949   2  17   0.0060   0.0058   0.0123  -0.0034   0.0028  -0.0041   0.00    1.0
2026/09/06 09:54:53.000   46.273301141    9.777809975  2488.1639   2  17   0.0058   0.0057   0.0121  -0.0033   0.0030  -0.0044   0.00    1.0
2026/09/06 09:54:54.000   46.273308550    9.777806863  2488.3852   2  17   0.0057   0.0057   0.0120  -0.0032   0.0031  -0.0045   0.00    1.0
2026/09/06 09:54:55.000   46.273310764    9.777800455  2488.6318   2  17   0.0056   0.0057   0.0120  -0.0032   0.0031  -0.0046   0.00    1.0
2026/09/06 09:54:56.000   46.273313076    9.777797472  2488.7143   2  17   0.0056   0.0057   0.0120  -0.0032   0.0031  -0.0046   0.00    1.0
2026/09/06 09:54:57.000   46.273314229    9.777793834  2488.8947   2  17   0.0056   0.0057   0.0119  -0.0032   0.0031  -0.0046   0.00    1.0
2026/09/06 09:54:58.000   46.273320340    9.777792191  2488.9584   2  17   0.0056   0.0057   0.0119  -0.0032   0.0032  -0.0047   0.00    1.1
2026/09/06 09:54:59.000   46.273328382    9.777790068  2488.9941   2  17   0.0056   0.0057   0.0119  -0.0032   0.0032  -0.0047   0.00    1.1
2026/09/06 09:55:00.000   46.273333647    9.777789842  2489.0079   2  17   0.0056   0.0057   0.0119  -0.0032   0.0032  -0.0047   0.00    1.1
2026/09/06 09:55:01.000   46.273336315    9.777789336  2489.0350   2  17   0.0056   0.0057   0.0120  -0.0032   0.0032  -0.0047   0.00    1.1
2026/09/06 09:55:02.000   46.273338321    9.777789038  2489.0496   2  17   0.0056   0.0057   0.0120  -0.0032   0.0032  -0.0047   0.00    1.1
2026/09/06 09:55:03.000   46.273338127    9.777789295  2489.0991   2  17   0.0056   0.0057   0.0120  -0.0032   0.0032  -0.0046   0.00    1.1
2026/09/06 09:55:04.000   46.273340130    9.777791778  2489.1466   2  17   0.0056   0.0057   0.0121  -0.0032   0.0032  -0.0046   0.00    1.1
2026/09/06 09:55:05.000   46.273344736    9.777786028  2489.2669   2  17   0.0056   0.0057   0.0124  -0.0032   0.0033  -0.0045   0.00    1.1
2026/09/06 09:55:06.000   46.273352290    9.777779623  2489.0557   2  17   0.0058   0.0058   0.0127  -0.0032   0.0032  -0.0044   0.00    1.0
2026/09/06 09:55:07.000   46.273351515    9.777779242  2489.2632   2  17   0.0062   0.0059   0.0130  -0.0034   0.0024  -0.0035   0.00    1.0
2026/09/06 09:55:08.000   46.273359217    9.777777865  2489.4171   2  17   0.0059   0.0058   0.0124  -0.0033   0.0029  -0.0042   0.00    1.0
2026/09/06 09:55:09.000   46.273360235    9.777780266  2489.4289   2  17   0.0059   0.0057   0.0123  -0.0032   0.0028  -0.0043   0.00    1.0
2026/09/06 09:55:10.000   46.273368234    9.777777596  2489.6638   2  17   0.0060   0.0057   0.0122  -0.0034   0.0028  -0.0041   0.00    1.0
2026/09/06 09:55:11.000   46.273370680    9.777773199  2490.0288   2  17   0.0057   0.0057   0.0120  -0.0033   0.0030  -0.0045   0.00    1.0
2026/09/06 09:55:12.000   46.273372033    9.777770630  2490.1794   2  17   0.0057   0.0057   0.0120  -0.0033   0.0030  -0.0046   0.00    1.0
2026/09/06 09:55:13.000   46.273371939    9.777770156  2490.1643   2  17   0.0056   0.0057   0.0119  -0.0032   0.0031  -0.0046   0.00    1.0
2026/09/06 09:55:14.000   46.273374298    9.777768409  2490.2843   2  17   0.0056   0.0057   0.0119  -0.0032   0.0031  -0.0047   0.00    1.0
2026/09/06 09:55:15.000   46.273374306    9.777768609  2490.3069   2  17   0.0056   0.0057   0.0119  -0.0032   0.0031  -0.0047   0.00    1.0
2026/09/06 09:55:16.000   46.273373865    9.777767198  2490.2887   2  17   0.0056   0.0057   0.0119  -0.0032   0.0031  -0.0047   0.00    1.0
2026/09/06 09:55:17.000   46.273372332    9.777768072  2490.3121   2  17   0.0055   0.0057   0.0118  -0.0032   0.0032  -0.0047   0.00    1.0
2026/09/06 09:55:18.000   46.273372805    9.777765285  2490.3329   2  17   0.0055   0.0056   0.0118  -0.0032   0.0032  -0.0047   0.00    1.0
2026/09/06 09:55:19.000   46.273376261    9.777766778  2490.4310   2  17   0.0055   0.0056   0.0118  -0.0032   0.0032  -0.0047   0.00    1.0
2026/09/06 09:55:20.000   46.273380558    9.777766926  2490.3674   2  17   0.0055   0.0056   0.0118  -0.0032   0.0032  -0.0047   0.00    1.0
2026/09/06 09:55:21.000   46.273383305    9.777760311  2490.5790   2  17   0.0055   0.0056   0.0118  -0.0032   0.0032  -0.0047   0.00    1.0
2026/09/06 09:55:22.000   46.273385079    9.777755569  2490.7164   2  17   0.0055   0.0056   0.0118  -0.0032   0.0032  -0.0048   0.00    1.0
2026/09/06 09:55:23.000   46.273382279    9.777750070  2490.8332   2  17   0.0055   0.0056   0.0118  -0.0032   0.0032  -0.0048   0.00    1.1
2026/09/06 09:55:24.000   46.273382357    9.777743152  2491.0518   2  17   0.0055   0.0056   0.0118  -0.0032   0.0032  -0.0048   0.00    1.1
2026/09/06 09:55:25.000   46.273381101    9.777737474  2491.2783   2  17   0.0055   0.0056   0.0118  -0.0032   0.0032  -0.0048   0.00    1.1
2026/09/06 09:55:26.000   46.273385949    9.777736569  2491.4507   2  17   0.0055   0.0056   0.0118  -0.0032   0.0032  -0.0048   0.00    1.1
2026/09/06 09:55:27.000   46.273388609    9.777731906  2491.5134   2  17   0.0055   0.0056   0.0118  -0.0032   0.0032  -0.0048   0.00    1.1
2026/09/06 09:55:28.000   46.273389630    9.777733547  2491.5332   2  17   0.0055   0.0056   0.0118  -0.0032   0.0032  -0.0048   0.00    1.1
2026/09/06 09:55:29.000   46.273394109    9.777731628  2491.4583   2  17   0.0055   0.0056   0.0118  -0.0032   0.0032  -0.0048   0.00    1.1
2026/09/06 09:55:30.000   46.273397681    9.777728201  2491.7879   2  17   0.0055   0.0056   0.0118  -0.0032   0.0032  -0.0048   0.00    1.1
2026/09/06 09:55:31.000   46.273395408    9.777724904  2491.9032   2  17   0.0055   0.0056   0.0118  -0.0032   0.0032  -0.0048   0.00    1.1
2026/09/06 09:55:32.000   46.273393514    9.777721234  2492.1780   2  17   0.0055   0.0056   0.0118  -0.0032   0.0032  -0.0048   0.00    1.1
2026/09/06 09:55:33.000   46.273391238    9.777718307  2492.4105   2  17   0.0055   0.0056   0.0118  -0.0032   0.0032  -0.0048   0.00    1.1
2026/09/06 09:55:34.000   46.273390458    9.777713653  2492.6430   2  17   0.0055   0.0056   0.0118  -0.0032   0.0032  -0.0048   0.00    1.1
2026/09/06 09:55:35.000   46.273384303    9.777711024  2492.7280   2  17   0.0055   0.0056   0.0118  -0.0032   0.0032  -0.0048   0.00    1.1
2026/09/06 09:55:36.000   46.273384794    9.777703542  2492.9376   2  17   0.0055   0.0056   0.0118  -0.0032   0.0032  -0.0048   0.00    1.1
2026/09/06 09:55:37.000   46.273384034    9.777699820  2493.1438   2  17   0.0055   0.0056   0.0118  -0.0032   0.0032  -0.0048   0.00    1.1
2026/09/06 09:55:38.000   46.273386534    9.777696124  2493.3968   2  17   0.0055   0.0056   0.0118  -0.0032   0.0032  -0.0048   0.00    1.1
2026/09/06 09:55:39.000   46.273388108    9.777688909  2493.5779   2  17   0.0055   0.0056   0.0118  -0.0032   0.0032  -0.0048   0.00    1.1
2026/09/06 09:55:40.000   46.273392925    9.777687018  2493.6954   2  17   0.0055   0.0056   0.0118  -0.0032   0.0032  -0.0048   0.00    1.1
2026/09/06 09:55:41.000   46.273395803    9.777683450  2494.0868   2  17   0.0055   0.0056   0.0118  -0.0032   0.0032  -0.0048   0.00    1.1
2026/09/06 09:55:42.000   46.273396890    9.777682438  2494.1281   2  17   0.0055   0.0056   0.0119  -0.0032   0.0032  -0.0048   0.00    1.1
2026/09/06 09:55:43.000   46.273397427    9.777676006  2494.3818   2  17   0.0055   0.0056   0.0119  -0.0032   0.0032  -0.0048   0.00    1.1
2026/09/06 09:55:44.000   46.273398098    9.777670003  2494.4866   2  17   0.0055   0.0056   0.0119  -0.0032   0.0032  -0.0048   0.00    1.1
2026/09/06 09:55:45.000   46.273399958    9.777662299  2494.6948   2  17   0.0055   0.0056   0.0119  -0.0032   0.0033  -0.0048   0.00    1.1
2026/09/06 09:55:46.000   46.273400731    9.777659221  2494.8110   2  17   0.0055   0.0056   0.0120  -0.0032   0.0033  -0.0048   0.00    1.1
2026/09/06 09:55:47.000   46.273396905    9.777650296  2495.0181   2  17   0.0055   0.0056   0.0122  -0.0032   0.0033  -0.0049   0.00    1.1
2026/09/06 09:55:48.000   46.273392269    9.777644555  2495.0585   2  17   0.0055   0.0057   0.0122  -0.0032   0.0031  -0.0048   0.00    1.0
2026/09/06 09:55:49.000   46.273389423    9.777635157  2495.3315   2  17   0.0055   0.0057   0.0120  -0.0032   0.0032  -0.0048   0.00    1.0
2026/09/06 09:55:50.000   46.273386566    9.777631729  2495.5371   2  17   0.0055   0.0057   0.0120  -0.0032   0.0032  -0.0048   0.00    1.0
2026/09/06 09:55:51.000   46.273382462    9.777626819  2495.7448   2  17   0.0055   0.0057   0.0119  -0.0032   0.0033  -0.0048   0.00    1.0
2026/09/06 09:55:52.000   46.273378005    9.777622106  2496.0954   2  17   0.0055   0.0057   0.0119  -0.0032   0.0032  -0.0048   0.00    1.0
2026/09/06 09:55:53.000   46.273375511    9.777630289  2496.3531   2  17   0.0055   0.0057   0.0119  -0.0032   0.0032  -0.0048   0.00    1.0
2026/09/06 09:55:54.000   46.273372158    9.777634601  2496.4624   2  17   0.0055   0.0057   0.0119  -0.0032   0.0032  -0.0048   0.00    1.0
2026/09/06 09:55:55.000   46.273369420    9.777644250  2496.3899   2  17   0.0055   0.0057   0.0119  -0.0032   0.0032  -0.0048   0.00    1.0
2026/09/06 09:55:56.000   46.273366907    9.777651305  2496.4261   2  17   0.0055   0.0056   0.0119  -0.0032   0.0032  -0.0048   0.00    1.0
2026/09/06 09:55:57.000   46.273367849    9.777651625  2496.4363   2  17   0.0055   0.0056   0.0119  -0.0032   0.0032  -0.0048   0.00    1.1
2026/09/06 09:55:58.000   46.273367958    9.777648915  2496.4323   2  17   0.0055   0.0056   0.0119  -0.0032   0.0032  -0.0048   0.00    1.1
2026/09/06 09:55:59.000   46.273370507    9.777647076  2496.5137   2  17   0.0055   0.0056   0.0119  -0.0032   0.0032  -0.0048   0.00    1.1
2026/09/06 09:56:00.000   46.273371622    9.777649966  2496.5066   2  17   0.0055   0.0056   0.0119  -0.0032   0.0032  -0.0048   0.00    1.1
2026/09/06 09:56:01.000   46.273371702    9.777651121  2496.5059   2  17   0.0055   0.0056   0.0119  -0.0032   0.0032  -0.0048   0.00    1.1
2026/09/06 09:56:02.000   46.273371477    9.777650416  2496.5164   2  17   0.0055   0.0056   0.0119  -0.0032   0.0032  -0.0048   0.00    1.1
2026/09/06 09:56:03.000   46.273371608    9.777650343  2496.5268   2  17   0.0055   0.0056   0.0119  -0.0032   0.0032  -0.0048   0.00    1.1
2026/09/06 09:56:04.000   46.273371920    9.777648571  2496.5466   2  17   0.0055   0.0056   0.0119  -0.0032   0.0032  -0.0048   0.00    1.1
2026/09/06 09:56:05.000   46.273372303    9.777647656  2496.5506   2  17   0.0055   0.0056   0.0119  -0.0032   0.0032  -0.0048   0.00    1.1
2026/09/06 09:56:06.000   46.273371122    9.777646760  2496.5562   2  17   0.0055   0.0056   0.0119  -0.0032   0.0032  -0.0047   0.00    1.1
2026/09/06 09:56:07.000   46.273371715    9.777639312  2496.4835   2  17   0.0055   0.0056   0.0119  -0.0032   0.0033  -0.0047   0.00    1.1
2026/09/06 09:56:08.000   46.273372314    9.777631199  2496.4861   2  17   0.0055   0.0056   0.0120  -0.0032   0.0033  -0.0047   0.00    1.1
2026/09/06 09:56:09.000   46.273373321    9.777622197  2496.4507   2  17   0.0055   0.0057   0.0120  -0.0032   0.0033  -0.0047   0.00    1.1
2026/09/06 09:56:10.000   46.273377923    9.777612737  2496.6663   2  17   0.0055   0.0057   0.0122  -0.0032   0.0033  -0.0047   0.00    1.1
2026/09/06 09:56:11.000   46.273384949    9.777608905  2496.3608   2  17   0.0055   0.0057   0.0126  -0.0032   0.0033  -0.0045   0.00    1.0
2026/09/06 09:56:12.000   46.273391665    9.777600340  2496.1172   2  17   0.0060   0.0058   0.0124  -0.0034   0.0029  -0.0040   0.00    1.0
2026/09/06 09:56:13.000   46.273398765    9.777590783  2496.4279   2  17   0.0058   0.0057   0.0122  -0.0033   0.0030  -0.0043   0.00    1.0
2026/09/06 09:56:14.000   46.273406526    9.777585476  2496.7767   2  17   0.0057   0.0057   0.0122  -0.0033   0.0031  -0.0044   0.00    1.0
2026/09/06 09:56:15.000   46.273410529    9.777578546  2497.1069   2  17   0.0057   0.0057   0.0122  -0.0033   0.0032  -0.0044   0.00    1.0
2026/09/06 09:56:16.000   46.273414279    9.777571165  2497.3421   2  17   0.0057   0.0057   0.0123  -0.0033   0.0032  -0.0044   0.00    1.0
2026/09/06 09:56:17.000   46.273422469    9.777563155  2497.2990   2  17   0.0061   0.0058   0.0128  -0.0035   0.0030  -0.0035   0.00    1.0
2026/09/06 09:56:18.000   46.273430333    9.777556573  2497.1695   2  17   0.0060   0.0058   0.0124  -0.0034   0.0030  -0.0040   0.00    1.0
2026/09/06 09:56:19.000   46.273433485    9.777551342  2497.3516   2  17   0.0058   0.0057   0.0122  -0.0033   0.0031  -0.0044   0.00    1.0
2026/09/06 09:56:20.000   46.273435244    9.777553027  2497.4027   2  17   0.0057   0.0057   0.0121  -0.0033   0.0031  -0.0045   0.00    1.0
2026/09/06 09:56:21.000   46.273434105    9.777552831  2497.4091   2  17   0.0056   0.0057   0.0121  -0.0033   0.0032  -0.0045   0.00    1.0
2026/09/06 09:56:22.000   46.273434939    9.777554203  2497.4586   2  17   0.0056   0.0057   0.0121  -0.0033   0.0032  -0.0045   0.00    1.0
2026/09/06 09:56:23.000   46.273432822    9.777548075  2497.4367   2  17   0.0056   0.0057   0.0121  -0.0033   0.0032  -0.0045   0.00    1.0
2026/09/06 09:56:24.000   46.273432620    9.777537809  2497.5499   2  17   0.0056   0.0057   0.0123  -0.0033   0.0032  -0.0044   0.00    1.0
2026/09/06 09:56:25.000   46.273436395    9.777525244  2497.4581   2  17   0.0061   0.0058   0.0128  -0.0035   0.0030  -0.0035   0.00    1.0
2026/09/06 09:56:26.000   46.273445404    9.777522645  2497.2631   2  17   0.0061   0.0059   0.0130  -0.0034   0.0029  -0.0035   0.00    1.0
2026/09/06 09:56:27.000   46.273455130    9.777522668  2497.1837   2  17   0.0060   0.0058   0.0127  -0.0034   0.0030  -0.0039   0.00    1.0
2026/09/06 09:56:28.000   46.273459225    9.777524617  2497.0100   2  17   0.0060   0.0058   0.0126  -0.0034   0.0029  -0.0039   0.00    1.0
2026/09/06 09:56:29.000   46.273463252    9.777527743  2496.9832   2  17   0.0058   0.0058   0.0125  -0.0033   0.0031  -0.0043   0.00    1.0
2026/09/06 09:56:30.000   46.273470943    9.777535328  2497.0740   2  17   0.0058   0.0057   0.0127  -0.0033   0.0033  -0.0044   0.00    1.0
2026/09/06 09:56:31.000   46.273478348    9.777535859  2496.2545   2  17   0.0060   0.0058   0.0127  -0.0034   0.0028  -0.0042   0.00    1.0
2026/09/06 09:56:32.000   46.273488207    9.777529843  2496.2480   2  17   0.0058   0.0058   0.0126  -0.0033   0.0030  -0.0043   0.00    1.0
2026/09/06 09:56:33.000   46.273497766    9.777527039  2496.3384   2  17   0.0059   0.0058   0.0125  -0.0033   0.0031  -0.0043   0.00    1.0
2026/09/06 09:56:34.000   46.273502414    9.777526573  2496.2748   2  17   0.0057   0.0057   0.0123  -0.0032   0.0032  -0.0046   0.00    1.0
2026/09/06 09:56:35.000   46.273508948    9.777531516  2496.1419   2  17   0.0056   0.0057   0.0124  -0.0032   0.0034  -0.0046   0.00    1.0
2026/09/06 09:56:36.000   46.273515577    9.777541312  2495.8582   2  17   0.0057   0.0057   0.0124  -0.0031   0.0033  -0.0044   0.00    1.0
2026/09/06 09:56:37.000   46.273523770    9.777546977  2495.9226   2  17   0.0057   0.0057   0.0123  -0.0031   0.0032  -0.0046   0.00    1.0
2026/09/06 09:56:38.000   46.273530052    9.777547050  2496.0028   2  17   0.0056   0.0057   0.0122  -0.0032   0.0031  -0.0046   0.00    1.0
2026/09/06 09:56:39.000   46.273533319    9.777545896  2496.1798   2  17   0.0056   0.0057   0.0121  -0.0032   0.0032  -0.0046   0.00    1.0
2026/09/06 09:56:40.000   46.273535895    9.777544621  2496.2811   2  17   0.0056   0.0056   0.0121  -0.0032   0.0032  -0.0047   0.00    1.0
2026/09/06 09:56:41.000   46.273535766    9.777543833  2496.2801   2  17   0.0055   0.0056   0.0120  -0.0032   0.0032  -0.0047   0.00    1.0
2026/09/06 09:56:42.000   46.273535677    9.777543643  2496.2847   2  17   0.0055   0.0056   0.0121  -0.0032   0.0032  -0.0047   0.00    1.0
2026/09/06 09:56:43.000   46.273535685    9.777544300  2496.3224   2  17   0.0055   0.0056   0.0121  -0.0032   0.0033  -0.0047   0.00    1.0
2026/09/06 09:56:44.000   46.273535441    9.777546290  2496.3446   2  17   0.0055   0.0057   0.0121  -0.0032   0.0033  -0.0047   0.00    1.0
2026/09/06 09:56:45.000   46.273531157    9.777546277  2496.3301   2  17   0.0055   0.0057   0.0122  -0.0032   0.0033  -0.0047   0.00    1.0
2026/09/06 09:56:46.000   46.273523593    9.777547312  2496.2672   2  17   0.0056   0.0057   0.0124  -0.0032   0.0034  -0.0046   0.00    1.0
2026/09/06 09:56:47.000   46.273513905    9.777544309  2495.9532   2  17   0.0058   0.0058   0.0125  -0.0034   0.0029  -0.0043   0.00    1.0
2026/09/06 09:56:48.000   46.273508835    9.777535904  2496.0765   2  17   0.0060   0.0057   0.0125  -0.0035   0.0029  -0.0040   0.00    1.0
2026/09/06 09:56:49.000   46.273501377    9.777530798  2496.1477   2  17   0.0058   0.0057   0.0124  -0.0033   0.0030  -0.0045   0.00    1.0
2026/09/06 09:56:50.000   46.273494266    9.777531534  2496.3544   2  17   0.0057   0.0057   0.0123  -0.0033   0.0031  -0.0046   0.00    1.0
2026/09/06 09:56:51.000   46.273485132    9.777533825  2496.5081   2  17   0.0057   0.0057   0.0123  -0.0033   0.0032  -0.0047   0.00    1.0
2026/09/06 09:56:52.000   46.273478555    9.777535284  2496.4438   2  17   0.0057   0.0057   0.0124  -0.0033   0.0031  -0.0047   0.00    1.0
2026/09/06 09:56:53.000   46.273474643    9.777531118  2496.6225   2  17   0.0056   0.0057   0.0123  -0.0033   0.0032  -0.0046   0.00    1.0
2026/09/06 09:56:54.000   46.273469278    9.777528194  2496.6763   2  17   0.0056   0.0057   0.0124  -0.0033   0.0032  -0.0045   0.00    1.0
2026/09/06 09:56:55.000   46.273461226    9.777526838  2496.9492   2  17   0.0058   0.0057   0.0123  -0.0033   0.0031  -0.0043   0.00    1.1
2026/09/06 09:56:56.000   46.273453843    9.777524120  2497.0882   2  17   0.0061   0.0057   0.0126  -0.0035   0.0029  -0.0038   0.00    1.0
2026/09/06 09:56:57.000   46.273445623    9.777531646  2497.0812   2  17   0.0059   0.0057   0.0126  -0.0034   0.0032  -0.0041   0.00    1.0
2026/09/06 09:56:58.000   46.273437805    9.777546800  2497.2574   2  17   0.0059   0.0058   0.0124  -0.0034   0.0031  -0.0042   0.00    1.0
2026/09/06 09:56:59.000   46.273430399    9.777556192  2497.1700   2  17   0.0061   0.0058   0.0126  -0.0034   0.0028  -0.0039   0.00    1.0
2026/09/06 09:57:00.000   46.273423952    9.777561589  2497.2865   2  17   0.0059   0.0057   0.0124  -0.0033   0.0030  -0.0042   0.00    1.0
2026/09/06 09:57:01.000   46.273420193    9.777571072  2497.3014   2  17   0.0058   0.0057   0.0124  -0.0033   0.0031  -0.0042   0.00    1.0
2026/09/06 09:57:02.000   46.273419049    9.777579763  2496.8387   2  17   0.0058   0.0057   0.0123  -0.0034   0.0031  -0.0042   0.00    1.0
2026/09/06 09:57:03.000   46.273418654    9.777592631  2496.6542   2  17   0.0061   0.0057   0.0124  -0.0035   0.0029  -0.0039   0.00    1.0
2026/09/06 09:57:04.000   46.273422302    9.777600758  2496.3168   2  17   0.0059   0.0057   0.0124  -0.0033   0.0032  -0.0042   0.00    1.0
2026/09/06 09:57:05.000   46.273423370    9.777608673  2496.3531   2  17   0.0057   0.0057   0.0122  -0.0033   0.0032  -0.0044   0.00    1.0
2026/09/06 09:57:06.000   46.273421759    9.777614772  2496.2088   2  17   0.0057   0.0057   0.0123  -0.0033   0.0033  -0.0045   0.00    1.0
2026/09/06 09:57:07.000   46.273418239    9.777623295  2496.0910   2  17   0.0057   0.0058   0.0124  -0.0033   0.0034  -0.0044   0.00    1.0
2026/09/06 09:57:08.000   46.273417259    9.777632324  2495.3900   2  17   0.0061   0.0058   0.0124  -0.0034   0.0029  -0.0039   0.00    1.0
2026/09/06 09:57:09.000   46.273421823    9.777640733  2495.5074   2  17   0.0059   0.0058   0.0122  -0.0033   0.0031  -0.0043   0.00    1.0
2026/09/06 09:57:10.000   46.273419489    9.777649483  2495.5020   2  17   0.0058   0.0057   0.0121  -0.0032   0.0031  -0.0045   0.00    1.0
2026/09/06 09:57:11.000   46.273416293    9.777659867  2495.3534   2  17   0.0057   0.0057   0.0121  -0.0033   0.0032  -0.0046   0.00    1.0
2026/09/06 09:57:12.000   46.273417427    9.777666058  2495.0809   2  17   0.0057   0.0058   0.0121  -0.0033   0.0033  -0.0046   0.00    1.0
2026/09/06 09:57:13.000   46.273411629    9.777663629  2495.0468   2  17   0.0058   0.0058   0.0120  -0.0032   0.0033  -0.0047   0.00    1.0
2026/09/06 09:57:14.000   46.273409969    9.777666702  2494.6761   2  17   0.0058   0.0057   0.0120  -0.0032   0.0033  -0.0046   0.00    1.0
2026/09/06 09:57:15.000   46.273414706    9.777673597  2494.4756   2  17   0.0058   0.0057   0.0121  -0.0032   0.0033  -0.0047   0.00    1.0
2026/09/06 09:57:16.000   46.273421936    9.777682818  2494.4020   2  17   0.0057   0.0057   0.0121  -0.0032   0.0033  -0.0046   0.00    1.0
2026/09/06 09:57:17.000   46.273426631    9.777695835  2494.2507   2  17   0.0057   0.0057   0.0121  -0.0032   0.0033  -0.0046   0.00    1.0
2026/09/06 09:57:18.000   46.273427958    9.777712173  2494.3319   2  17   0.0059   0.0058   0.0123  -0.0031   0.0034  -0.0045   0.00    1.0
2026/09/06 09:57:19.000   46.273434738    9.777717176  2494.5814   2  17   0.0058   0.0058   0.0122  -0.0032   0.0033  -0.0047   0.00    1.0
2026/09/06 09:57:20.000   46.273433407    9.777721866  2494.6997   2  17   0.0059   0.0058   0.0123  -0.0032   0.0034  -0.0047   0.00    1.1
2026/09/06 09:57:21.000   46.273437654    9.777729609  2494.2797   2  17   0.0059   0.0058   0.0125  -0.0033   0.0035  -0.0046   0.00    1.1
2026/09/06 09:57:22.000   46.273437321    9.777720812  2493.3909   2  16   0.0081   0.0061   0.0133  -0.0046   0.0028  -0.0020   0.00    1.0
2026/09/06 09:57:23.000   46.273436050    9.777718927  2493.3647   2  16   0.0072   0.0065   0.0135  -0.0040   0.0046  -0.0039   0.00    1.0
2026/09/06 09:57:24.000   46.273434859    9.777715820  2493.8311   2  17   0.0070   0.0060   0.0126  -0.0037   0.0031  -0.0036   0.00    1.0
2026/09/06 09:57:25.000   46.273431964    9.777715620  2493.5189   2  17   0.0067   0.0060   0.0126  -0.0035   0.0034  -0.0042   0.00    1.0
2026/09/06 09:57:26.000   46.273434660    9.777718111  2493.1462   2  17   0.0070   0.0063   0.0131  -0.0027   0.0031  -0.0047   0.00    1.0
2026/09/06 09:57:27.000   46.273434648    9.777715499  2493.0331   2  17   0.0069   0.0061   0.0129  -0.0028   0.0029  -0.0048   0.00    1.0
2026/09/06 09:57:28.000   46.273433706    9.777715179  2493.0945   2  17   0.0068   0.0061   0.0126  -0.0028   0.0028  -0.0048   0.00    1.0
2026/09/06 09:57:29.000   46.273433796    9.777711903  2493.5625   2  16   0.0066   0.0060   0.0125  -0.0029   0.0031  -0.0046   0.00    1.0
2026/09/06 09:57:30.000   46.273433502    9.777711110  2493.6158   2  17   0.0066   0.0059   0.0125  -0.0030   0.0031  -0.0047   0.00    1.0
2026/09/06 09:57:31.000   46.273433492    9.777711152  2493.6726   2  17   0.0066   0.0059   0.0126  -0.0031   0.0030  -0.0047   0.00    1.0
2026/09/06 09:57:32.000   46.273433082    9.777710700  2493.7343   2  17   0.0064   0.0058   0.0125  -0.0032   0.0032  -0.0046   0.00    1.0
2026/09/06 09:57:33.000   46.273432751    9.777712401  2493.4944   2  14   0.0066   0.0062   0.0172  -0.0036   0.0049  -0.0062   0.00    1.0
2026/09/06 09:57:34.000   46.273432305    9.777711795  2493.9884   2  17   0.0063   0.0058   0.0123  -0.0032   0.0032  -0.0046   0.00    1.0
2026/09/06 09:57:35.000   46.273432314    9.777711429  2494.0303   2  17   0.0063   0.0058   0.0123  -0.0032   0.0032  -0.0045   0.00    1.0
2026/09/06 09:57:36.000   46.273432497    9.777711400  2494.0520   2  17   0.0063   0.0058   0.0122  -0.0032   0.0033  -0.0045   0.00    1.0
2026/09/06 09:57:37.000   46.273433273    9.777711600  2494.0716   2  17   0.0063   0.0058   0.0123  -0.0032   0.0034  -0.0045   0.00    1.0
2026/09/06 09:57:38.000   46.273434309    9.777709943  2494.1697   2  17   0.0063   0.0058   0.0123  -0.0032   0.0035  -0.0045   0.00    1.0
2026/09/06 09:57:39.000   46.273431572    9.777708402  2494.1221   2  17   0.0063   0.0059   0.0123  -0.0032   0.0036  -0.0044   0.00    1.0
2026/09/06 09:57:40.000   46.273431380    9.777704066  2494.1562   2  16   0.0063   0.0065   0.0131  -0.0033   0.0050  -0.0045   0.00    1.0
2026/09/06 09:57:41.000   46.273433107    9.777704965  2494.9104   2  16   0.0064   0.0065   0.0132  -0.0034   0.0051  -0.0046   0.00    1.0
2026/09/06 09:57:42.000   46.273435735    9.777704674  2495.3289   2  16   0.0064   0.0065   0.0132  -0.0034   0.0051  -0.0046   0.00    1.0
2026/09/06 09:57:43.000   46.273436153    9.777705256  2495.3877   2  16   0.0064   0.0066   0.0133  -0.0035   0.0051  -0.0047   0.00    1.0
2026/09/06 09:57:44.000   46.273436604    9.777705000  2495.4859   2  16   0.0065   0.0066   0.0136  -0.0036   0.0052  -0.0047   0.00    1.1
2026/09/06 09:57:45.000   46.273436244    9.777704916  2495.2850   2  17   0.0070   0.0061   0.0134  -0.0035   0.0037  -0.0039   0.00    1.0
2026/09/06 09:57:46.000   46.273436482    9.777704827  2495.1144   2  16   0.0075   0.0063   0.0141  -0.0039   0.0037  -0.0036   0.00    1.0
2026/09/06 09:57:47.000   46.273438686    9.777704040  2495.0921   2  16   0.0112   0.0073   0.0146  -0.0053   0.0043  -0.0051   0.00    1.0
2026/09/06 09:57:48.000   46.273434534    9.777705600  2494.8620   2  16   0.0208   0.0077   0.0149  -0.0085   0.0013   0.0053   0.00    1.3
2026/09/06 09:57:49.000   46.273433543    9.777706286  2494.6807   2  16   0.0081   0.0063   0.0135  -0.0038   0.0029  -0.0052   0.00    1.3
2026/09/06 09:57:50.000   46.273432828    9.777705700  2494.5632   2  16   0.0076   0.0061   0.0130  -0.0036   0.0029  -0.0053   0.00    1.2
2026/09/06 09:57:51.000   46.273438166    9.777707573  2494.4546   2  16   0.0075   0.0060   0.0127  -0.0035   0.0030  -0.0052   0.00    1.2
2026/09/06 09:57:52.000   46.273439249    9.777706161  2494.3382   2  16   0.0073   0.0059   0.0125  -0.0035   0.0031  -0.0051   0.00    1.2
2026/09/06 09:57:53.000   46.273440677    9.777709092  2494.1754   2  16   0.0072   0.0058   0.0124  -0.0035   0.0032  -0.0051   0.00    1.2
2026/09/06 09:57:54.000   46.273439398    9.777711443  2494.0670   2  16   0.0071   0.0058   0.0124  -0.0035   0.0032  -0.0051   0.00    1.2
2026/09/06 09:57:55.000   46.273432882    9.777702852  2494.6405   2  16   0.0070   0.0058   0.0123  -0.0034   0.0032  -0.0050   0.00    1.2
2026/09/06 09:57:56.000   46.273431003    9.777698313  2494.9292   2  16   0.0070   0.0057   0.0123  -0.0034   0.0032  -0.0050   0.00    1.2
2026/09/06 09:57:57.000   46.273431289    9.777700235  2494.7821   2  16   0.0069   0.0057   0.0123  -0.0034   0.0032  -0.0050   0.00    1.2
2026/09/06 09:57:58.000   46.273431056    9.777700001  2494.7833   2  16   0.0068   0.0057   0.0123  -0.0034   0.0033  -0.0050   0.00    1.2
2026/09/06 09:57:59.000   46.273429307    9.777700284  2494.7701   2  16   0.0068   0.0057   0.0123  -0.0033   0.0033  -0.0050   0.00    1.2
2026/09/06 09:58:00.000   46.273428111    9.777697624  2494.8927   2  16   0.0067   0.0057   0.0123  -0.0033   0.0033  -0.0050   0.00    1.2
2026/09/06 09:58:01.000   46.273433037    9.777690940  2494.7769   2  16   0.0066   0.0057   0.0123  -0.0033   0.0033  -0.0050   0.00    1.2
2026/09/06 09:58:02.000   46.273437640    9.777686254  2494.4129   2  16   0.0066   0.0057   0.0122  -0.0033   0.0033  -0.0050   0.00    1.3
2026/09/06 09:58:03.000   46.273438028    9.777682963  2494.1190   2  16   0.0066   0.0057   0.0122  -0.0033   0.0033  -0.0050   0.00    1.3
2026/09/06 09:58:04.000   46.273439486    9.777682813  2494.0014   2  16   0.0065   0.0057   0.0122  -0.0033   0.0033  -0.0050   0.00    1.3
2026/09/06 09:58:05.000   46.273440166    9.777682295  2493.9989   2  16   0.0065   0.0057   0.0122  -0.0033   0.0033  -0.0050   0.00    1.3
2026/09/06 09:58:06.000   46.273440225    9.777682298  2493.9912   2  16   0.0064   0.0056   0.0122  -0.0033   0.0033  -0.0050   0.00    1.3
2026/09/06 09:58:07.000   46.273440115    9.777682371  2493.9974   2  16   0.0064   0.0056   0.0122  -0.0033   0.0033  -0.0050   0.00    1.3
2026/09/06 09:58:08.000   46.273440144    9.777682350  2493.9991   2  16   0.0064   0.0056   0.0122  -0.0032   0.0033  -0.0050   0.00    1.3
2026/09/06 09:58:09.000   46.273440150    9.777682340  2494.0081   2  16   0.0064   0.0056   0.0122  -0.0032   0.0033  -0.0050   0.00    1.3
2026/09/06 09:58:10.000   46.273440151    9.777682323  2494.0056   2  16   0.0063   0.0056   0.0122  -0.0032   0.0033  -0.0050   0.00    1.3
2026/09/06 09:58:11.000   46.273440153    9.777682303  2494.0097   2  16   0.0063   0.0056   0.0122  -0.0032   0.0033  -0.0050   0.00    1.3
2026/09/06 09:58:12.000   46.273440168    9.777682289  2494.0089   2  16   0.0063   0.0056   0.0122  -0.0032   0.0033  -0.0050   0.00    1.3
2026/09/06 09:58:13.000   46.273440168    9.777682309  2494.0110   2  16   0.0063   0.0056   0.0122  -0.0032   0.0033  -0.0050   0.00    1.3
2026/09/06 09:58:14.000   46.273440155    9.777682332  2494.0180   2  16   0.0062   0.0056   0.0122  -0.0032   0.0033  -0.0050   0.00    1.3
2026/09/06 09:58:15.000   46.273440127    9.777682397  2493.9818   2  17   0.0062   0.0056   0.0122  -0.0032   0.0034  -0.0051   0.00    1.3
2026/09/06 09:58:16.000   46.273440132    9.777682345  2493.9994   2  17   0.0062   0.0056   0.0121  -0.0032   0.0034  -0.0051   0.00    1.3
2026/09/06 09:58:17.000   46.273440154    9.777682295  2494.0116   2  17   0.0062   0.0056   0.0121  -0.0032   0.0034  -0.0051   0.00    1.3
2026/09/06 09:58:18.000   46.273440106    9.777682079  2494.0294   2  17   0.0062   0.0056   0.0121  -0.0032   0.0034  -0.0051   0.00    1.3
2026/09/06 09:58:19.000   46.273440092    9.777682131  2494.0491   2  16   0.0062   0.0056   0.0122  -0.0032   0.0033  -0.0051   0.00    1.3
2026/09/06 09:58:20.000   46.273440067    9.777682117  2494.0359   2  17   0.0061   0.0056   0.0121  -0.0032   0.0034  -0.0051   0.00    1.3
2026/09/06 09:58:21.000   46.273440079    9.777682097  2494.0388   2  17   0.0061   0.0056   0.0121  -0.0032   0.0034  -0.0051   0.00    1.3
2026/09/06 09:58:22.000   46.273440099    9.777682098  2494.0463   2  17   0.0061   0.0056   0.0121  -0.0032   0.0034  -0.0051   0.00    1.3
2026/09/06 09:58:23.000   46.273440089    9.777682132  2494.0475   2  17   0.0061   0.0056   0.0121  -0.0032   0.0034  -0.0051   0.00    1.2
2026/09/06 09:58:24.000   46.273440185    9.777682939  2494.0152   2  17   0.0061   0.0056   0.0121  -0.0032   0.0034  -0.0051   0.00    1.2
2026/09/06 09:58:25.000   46.273441458    9.777686173  2494.5102   2  17   0.0061   0.0056   0.0121  -0.0032   0.0034  -0.0051   0.00    1.2
2026/09/06 09:58:26.000   46.273440209    9.777681938  2494.1976   2  17   0.0061   0.0056   0.0121  -0.0032   0.0034  -0.0051   0.00    1.2
2026/09/06 09:58:27.000   46.273440049    9.777681060  2494.1210   2  17   0.0061   0.0056   0.0121  -0.0032   0.0034  -0.0051   0.00    1.2
2026/09/06 09:58:28.000   46.273440050    9.777681079  2494.1284   2  17   0.0060   0.0056   0.0121  -0.0032   0.0034  -0.0051   0.00    1.2
2026/09/06 09:58:29.000   46.273440048    9.777681065  2494.1363   2  17   0.0060   0.0056   0.0121  -0.0032   0.0034  -0.0051   0.00    1.2
2026/09/06 09:58:30.000   46.273439999    9.777681053  2494.1367   2  17   0.0060   0.0056   0.0121  -0.0032   0.0034  -0.0051   0.00    1.2
2026/09/06 09:58:31.000   46.273440041    9.777681037  2494.1364   2  17   0.0060   0.0056   0.0121  -0.0032   0.0034  -0.0051   0.00    1.2
2026/09/06 09:58:32.000   46.273440023    9.777681045  2494.1458   2  17   0.0060   0.0056   0.0121  -0.0032   0.0034  -0.0051   0.00    1.2
2026/09/06 09:58:33.000   46.273439994    9.777681017  2494.1422   2  17   0.0060   0.0056   0.0121  -0.0031   0.0034  -0.0051   0.00    1.2
2026/09/06 09:58:34.000   46.273440011    9.777680983  2494.1425   2  17   0.0060   0.0056   0.0121  -0.0031   0.0034  -0.0051   0.00    1.2
2026/09/06 09:58:35.000   46.273439996    9.777681015  2494.1570   2  17   0.0060   0.0056   0.0121  -0.0031   0.0034  -0.0051   0.00    1.2
2026/09/06 09:58:36.000   46.273439995    9.777680994  2494.1593   2  17   0.0060   0.0056   0.0122  -0.0031   0.0034  -0.0051   0.00    1.2
2026/09/06 09:58:37.000   46.273439969    9.777680967  2494.1609   2  17   0.0060   0.0056   0.0122  -0.0031   0.0034  -0.0051   0.00    1.2
2026/09/06 09:58:38.000   46.273439964    9.777680975  2494.1713   2  17   0.0060   0.0056   0.0122  -0.0031   0.0034  -0.0051   0.00    1.2
2026/09/06 09:58:39.000   46.273439967    9.777680944  2494.1717   2  17   0.0060   0.0056   0.0122  -0.0031   0.0034  -0.0051   0.00    1.2
2026/09/06 09:58:40.000   46.273439960    9.777680908  2494.1718   2  17   0.0060   0.0056   0.0122  -0.0031   0.0034  -0.0051   0.00    1.2
2026/09/06 09:58:41.000   46.273439951    9.777680884  2494.1751   2  17   0.0060   0.0056   0.0122  -0.0031   0.0034  -0.0051   0.00    1.2
2026/09/06 09:58:42.000   46.273439954    9.777680865  2494.1811   2  17   0.0060   0.0056   0.0122  -0.0031   0.0034  -0.0051   0.00    1.2
2026/09/06 09:58:43.000   46.273439993    9.777680896  2494.1907   2  16   0.0059   0.0056   0.0123  -0.0031   0.0033  -0.0051   0.00    1.2
2026/09/06 09:58:44.000   46.273439943    9.777680868  2494.1953   2  17   0.0059   0.0056   0.0122  -0.0031   0.0034  -0.0051   0.00    1.2
2026/09/06 09:58:45.000   46.273439979    9.777680772  2494.2078   2  17   0.0059   0.0056   0.0122  -0.0031   0.0034  -0.0051   0.00    1.2
2026/09/06 09:58:46.000   46.273439863    9.777681049  2494.1660   2  16   0.0059   0.0056   0.0123  -0.0032   0.0033  -0.0050   0.00    1.1
2026/09/06 09:58:47.000   46.273439832    9.777681072  2494.1740   2  16   0.0059   0.0057   0.0123  -0.0032   0.0033  -0.0050   0.00    1.1
2026/09/06 09:58:48.000   46.273439832    9.777681035  2494.1727   2  16   0.0059   0.0057   0.0123  -0.0032   0.0033  -0.0050   0.00    1.1
2026/09/06 09:58:49.000   46.273439834    9.777681016  2494.1817   2  16   0.0059   0.0057   0.0123  -0.0032   0.0033  -0.0050   0.00    1.1
2026/09/06 09:58:50.000   46.273439799    9.777681040  2494.1813   2  16   0.0059   0.0057   0.0123  -0.0032   0.0033  -0.0050   0.00    1.1
2026/09/06 09:58:51.000   46.273439810    9.777681012  2494.1861   2  16   0.0059   0.0057   0.0123  -0.0032   0.0033  -0.0050   0.00    1.1
2026/09/06 09:58:52.000   46.273439798    9.777681015  2494.1945   2  16   0.0059   0.0057   0.0123  -0.0032   0.0033  -0.0050   0.00    1.1
2026/09/06 09:58:53.000   46.273439763    9.777681013  2494.1976   2  16   0.0059   0.0057   0.0123  -0.0032   0.0033  -0.0050   0.00    1.1
2026/09/06 09:58:54.000   46.273439755    9.777681007  2494.2009   2  16   0.0059   0.0057   0.0123  -0.0032   0.0033  -0.0050   0.00    1.1
2026/09/06 09:58:55.000   46.273439735    9.777680981  2494.1955   2  16   0.0059   0.0057   0.0123  -0.0032   0.0033  -0.0050   0.00    1.1
2026/09/06 09:58:56.000   46.273439731    9.777680998  2494.2053   2  16   0.0059   0.0057   0.0123  -0.0032   0.0033  -0.0050   0.00    1.1
2026/09/06 09:58:57.000   46.273439722    9.777680980  2494.2037   2  16   0.0059   0.0057   0.0123  -0.0032   0.0033  -0.0050   0.00    1.1
2026/09/06 09:58:58.000   46.273439718    9.777680947  2494.2110   2  16   0.0059   0.0057   0.0123  -0.0032   0.0033  -0.0050   0.00    1.1
2026/09/06 09:58:59.000   46.273439706    9.777680969  2494.2135   2  16   0.0059   0.0057   0.0123  -0.0032   0.0033  -0.0050   0.00    1.1
2026/09/06 09:59:00.000   46.273439715    9.777680948  2494.2192   2  16   0.0059   0.0057   0.0123  -0.0032   0.0033  -0.0050   0.00    1.1
2026/09/06 09:59:01.000   46.273439692    9.777680946  2494.2243   2  16   0.0060   0.0057   0.0123  -0.0032   0.0032  -0.0050   0.00    1.1
2026/09/06 09:59:02.000   46.273439648    9.777680948  2494.2276   2  16   0.0060   0.0057   0.0123  -0.0032   0.0032  -0.0050   0.00    1.1
2026/09/06 09:59:03.000   46.273439659    9.777680944  2494.2260   2  16   0.0060   0.0057   0.0123  -0.0032   0.0032  -0.0050   0.00    1.1
2026/09/06 09:59:04.000   46.273439651    9.777680957  2494.2410   2  16   0.0060   0.0057   0.0123  -0.0032   0.0032  -0.0050   0.00    1.1
2026/09/06 09:59:05.000   46.273439658    9.777680917  2494.2406   2  16   0.0060   0.0057   0.0123  -0.0032   0.0032  -0.0050   0.00    1.1
2026/09/06 09:59:06.000   46.273439648    9.777680899  2494.2535   2  16   0.0060   0.0057   0.0124  -0.0032   0.0032  -0.0050   0.00    1.1
2026/09/06 09:59:07.000   46.273438115    9.777695663  2495.3259   2  16   0.0060   0.0057   0.0124  -0.0032   0.0032  -0.0050   0.00    1.1
2026/09/06 09:59:08.000   46.273434804    9.777700220  2495.2259   2  16   0.0060   0.0057   0.0124  -0.0032   0.0032  -0.0049   0.00    1.0
2026/09/06 09:59:09.000   46.273434379    9.777700148  2495.1570   2  16   0.0060   0.0057   0.0124  -0.0032   0.0032  -0.0049   0.00    1.0
2026/09/06 09:59:10.000   46.273434667    9.777698712  2495.2662   2  16   0.0060   0.0057   0.0124  -0.0032   0.0032  -0.0049   0.00    1.0
2026/09/06 09:59:11.000   46.273433796    9.777698745  2495.1893   2  16   0.0060   0.0057   0.0125  -0.0032   0.0032  -0.0048   0.00    1.0
2026/09/06 09:59:12.000   46.273436336    9.777697488  2495.2534   2  16   0.0061   0.0057   0.0126  -0.0033   0.0032  -0.0047   0.00    1.0
2026/09/06 09:59:13.000   46.273433076    9.777698390  2495.1107   2  16   0.0061   0.0057   0.0125  -0.0033   0.0031  -0.0047   0.00    1.1
2026/09/06 09:59:14.000   46.273431245    9.777700696  2494.9135   2  16   0.0063   0.0057   0.0125  -0.0035   0.0030  -0.0045   0.00    1.0
2026/09/06 09:59:15.000   46.273431751    9.777699025  2494.9849   2  16   0.0062   0.0057   0.0124  -0.0034   0.0031  -0.0048   0.00    1.0
2026/09/06 09:59:16.000   46.273432177    9.777698948  2495.0117   2  16   0.0061   0.0057   0.0124  -0.0033   0.0031  -0.0049   0.00    1.0
2026/09/06 09:59:17.000   46.273431955    9.777699251  2495.0247   2  16   0.0061   0.0057   0.0123  -0.0033   0.0032  -0.0049   0.00    1.0
2026/09/06 09:59:18.000   46.273432014    9.777699306  2495.0366   2  16   0.0060   0.0057   0.0123  -0.0033   0.0032  -0.0049   0.00    1.0
2026/09/06 09:59:19.000   46.273430654    9.777700114  2495.1367   2  16   0.0060   0.0057   0.0123  -0.0033   0.0032  -0.0050   0.00    1.0
2026/09/06 09:59:20.000   46.273428548    9.777700543  2495.6674   2  16   0.0060   0.0057   0.0123  -0.0033   0.0032  -0.0050   0.00    1.0
2026/09/06 09:59:21.000   46.273430262    9.777705415  2495.9311   2  16   0.0060   0.0057   0.0123  -0.0033   0.0032  -0.0050   0.00    1.0
2026/09/06 09:59:22.000   46.273429832    9.777708075  2495.6776   2  16   0.0060   0.0057   0.0123  -0.0033   0.0032  -0.0050   0.00    1.0
2026/09/06 09:59:23.000   46.273430009    9.777710083  2495.6964   2  16   0.0060   0.0057   0.0123  -0.0033   0.0032  -0.0050   0.00    1.0
2026/09/06 09:59:24.000   46.273429490    9.777709555  2495.6929   2  16   0.0060   0.0057   0.0123  -0.0033   0.0032  -0.0050   0.00    1.0
2026/09/06 09:59:25.000   46.273429466    9.777709910  2495.6919   2  16   0.0060   0.0057   0.0123  -0.0033   0.0032  -0.0050   0.00    1.0
2026/09/06 09:59:26.000   46.273429540    9.777709627  2495.6965   2  16   0.0060   0.0057   0.0123  -0.0033   0.0032  -0.0050   0.00    1.0
2026/09/06 09:59:27.000   46.273429580    9.777709440  2495.7053   2  16   0.0060   0.0057   0.0123  -0.0033   0.0032  -0.0050   0.00    1.0
2026/09/06 09:59:28.000   46.273429598    9.777709395  2495.7060   2  16   0.0060   0.0057   0.0123  -0.0033   0.0032  -0.0050   0.00    1.0
2026/09/06 09:59:29.000   46.273429691    9.777709019  2495.7091   2  16   0.0060   0.0057   0.0123  -0.0033   0.0032  -0.0050   0.00    1.0
2026/09/06 09:59:30.000   46.273429808    9.777708582  2495.7101   2  16   0.0060   0.0057   0.0123  -0.0033   0.0032  -0.0050   0.00    1.0
2026/09/06 09:59:31.000   46.273429722    9.777708829  2495.7194   2  16   0.0060   0.0057   0.0123  -0.0033   0.0032  -0.0050   0.00    1.0
2026/09/06 09:59:32.000   46.273429583    9.777709232  2495.7247   2  16   0.0060   0.0057   0.0123  -0.0033   0.0032  -0.0050   0.00    1.0
2026/09/06 09:59:33.000   46.273429648    9.777708875  2495.7262   2  16   0.0060   0.0057   0.0123  -0.0033   0.0032  -0.0050   0.00    1.0
2026/09/06 09:59:34.000   46.273429762    9.777709987  2495.7296   2  16   0.0060   0.0057   0.0123  -0.0033   0.0032  -0.0050   0.00    1.0
2026/09/06 09:59:35.000   46.273431557    9.777712961  2495.7580   2  16   0.0060   0.0057   0.0123  -0.0033   0.0032  -0.0050   0.00    1.0
2026/09/06 09:59:36.000   46.273434097    9.777718788  2496.0656   2  16   0.0060   0.0057   0.0124  -0.0033   0.0032  -0.0050   0.00    1.0
2026/09/06 09:59:37.000   46.273434344    9.777722813  2495.9860   2  16   0.0060   0.0057   0.0124  -0.0033   0.0032  -0.0050   0.00    1.0
2026/09/06 09:59:38.000   46.273433880    9.777723476  2496.0339   2  16   0.0060   0.0057   0.0124  -0.0033   0.0032  -0.0050   0.00    1.0
2026/09/06 09:59:39.000   46.273432881    9.777723894  2496.0184   2  16   0.0060   0.0057   0.0124  -0.0033   0.0032  -0.0050   0.00    1.0
2026/09/06 09:59:40.000   46.273433416    9.777722579  2496.0164   2  16   0.0060   0.0057   0.0124  -0.0033   0.0032  -0.0050   0.00    1.0
2026/09/06 09:59:41.000   46.273432856    9.777724410  2495.9574   2  16   0.0060   0.0057   0.0124  -0.0033   0.0032  -0.0050   0.00    1.0
2026/09/06 09:59:42.000   46.273433489    9.777725790  2495.9310   2  16   0.0060   0.0057   0.0124  -0.0033   0.0032  -0.0050   0.00    1.0
2026/09/06 09:59:43.000   46.273433065    9.777726193  2495.9230   2  16   0.0060   0.0057   0.0124  -0.0033   0.0032  -0.0050   0.00    1.0
2026/09/06 09:59:44.000   46.273433085    9.777726014  2495.9322   2  16   0.0060   0.0057   0.0124  -0.0033   0.0032  -0.0050   0.00    1.0
2026/09/06 09:59:45.000   46.273433107    9.777726009  2495.9317   2  16   0.0060   0.0057   0.0124  -0.0033   0.0032  -0.0050   0.00    1.0
2026/09/06 09:59:46.000   46.273433107    9.777725417  2495.9412   2  16   0.0060   0.0057   0.0124  -0.0033   0.0032  -0.0050   0.00    1.0
2026/09/06 09:59:47.000   46.273433241    9.777725200  2495.9587   2  16   0.0060   0.0057   0.0124  -0.0033   0.0032  -0.0050   0.00    1.0
2026/09/06 09:59:48.000   46.273433342    9.777725371  2495.9605   2  16   0.0060   0.0057   0.0124  -0.0033   0.0032  -0.0050   0.00    1.0
2026/09/06 09:59:49.000   46.273433381    9.777725355  2495.9649   2  16   0.0060   0.0057   0.0124  -0.0033   0.0032  -0.0050   0.00    1.0
2026/09/06 09:59:50.000   46.273433646    9.777723625  2495.9897   2  16   0.0060   0.0057   0.0124  -0.0033   0.0032  -0.0050   0.00    1.0
2026/09/06 09:59:51.000   46.273433708    9.777718261  2495.9858   2  16   0.0060   0.0057   0.0124  -0.0033   0.0032  -0.0050   0.00    1.0
2026/09/06 09:59:52.000   46.273433087    9.777718449  2495.9879   2  16   0.0060   0.0057   0.0124  -0.0033   0.0032  -0.0050   0.00    1.0
2026/09/06 09:59:53.000   46.273433452    9.777718877  2495.9937   2  16   0.0060   0.0057   0.0124  -0.0033   0.0032  -0.0050   0.00    1.0
2026/09/06 09:59:54.000   46.273433338    9.777718918  2495.9961   2  16   0.0060   0.0057   0.0124  -0.0033   0.0032  -0.0050   0.00    1.0
2026/09/06 09:59:55.000   46.273433333    9.777718885  2496.0072   2  16   0.0060   0.0057   0.0124  -0.0033   0.0032  -0.0050   0.00    1.0
2026/09/06 09:59:56.000   46.273433763    9.777719720  2496.0267   2  16   0.0060   0.0057   0.0124  -0.0033   0.0032  -0.0050   0.00    1.0
2026/09/06 09:59:57.000   46.273433943    9.777719833  2496.0317   2  16   0.0060   0.0057   0.0124  -0.0033   0.0032  -0.0050   0.00    1.0
2026/09/06 09:59:58.000   46.273434795    9.777720441  2496.0462   2  16   0.0060   0.0057   0.0124  -0.0033   0.0032  -0.0050   0.00    1.0
2026/09/06 09:59:59.000   46.273434818    9.777720449  2496.0491   2  16   0.0060   0.0057   0.0124  -0.0033   0.0032  -0.0050   0.00    1.0
2026/09/06 10:00:00.000   46.273434195    9.777719459  2496.0305   2  16   0.0060   0.0057   0.0124  -0.0033   0.0032  -0.0050   0.00    1.0
2026/09/06 10:00:01.000   46.273433881    9.777719442  2496.0353   2  16   0.0060   0.0057   0.0125  -0.0033   0.0032  -0.0050   0.00    1.0
2026/09/06 10:00:02.000   46.273432356    9.777718240  2495.9833   2  16   0.0060   0.0057   0.0125  -0.0033   0.0032  -0.0050   0.00    1.0
2026/09/06 10:00:03.000   46.273432300    9.777718175  2495.9821   2  16   0.0061   0.0057   0.0125  -0.0033   0.0032  -0.0050   0.00    1.0
2026/09/06 10:00:04.000   46.273432279    9.777718228  2495.9846   2  16   0.0061   0.0057   0.0125  -0.0033   0.0032  -0.0050   0.00    1.0
2026/09/06 10:00:05.000   46.273432263    9.777718225  2495.9924   2  16   0.0061   0.0057   0.0125  -0.0033   0.0032  -0.0050   0.00    1.0
2026/09/06 10:00:06.000   46.273432097    9.777718310  2495.9900   2  16   0.0061   0.0057   0.0125  -0.0033   0.0032  -0.0050   0.00    1.0
2026/09/06 10:00:07.000   46.273432065    9.777718327  2495.9947   2  16   0.0061   0.0057   0.0125  -0.0033   0.0032  -0.0050   0.00    1.0
2026/09/06 10:00:08.000   46.273432044    9.777718324  2496.0001   2  16   0.0061   0.0057   0.0125  -0.0033   0.0032  -0.0050   0.00    1.0
2026/09/06 10:00:09.000   46.273432081    9.777718261  2495.9719   2  16   0.0061   0.0057   0.0125  -0.0033   0.0032  -0.0050   0.00    1.0
2026/09/06 10:00:10.000   46.273432084    9.777718254  2495.9840   2  16   0.0061   0.0057   0.0124  -0.0033   0.0033  -0.0050   0.00    1.0
2026/09/06 10:00:11.000   46.273432985    9.777719914  2496.0425   2  16   0.0061   0.0057   0.0124  -0.0033   0.0033  -0.0050   0.00    1.0
2026/09/06 10:00:12.000   46.273434153    9.777720062  2496.0671   2  16   0.0061   0.0057   0.0124  -0.0033   0.0033  -0.0050   0.00    1.0
2026/09/06 10:00:13.000   46.273434784    9.777719898  2496.0931   2  16   0.0061   0.0057   0.0124  -0.0033   0.0033  -0.0050   0.00    1.0
2026/09/06 10:00:14.000   46.273435973    9.777720481  2496.1084   2  16   0.0061   0.0057   0.0124  -0.0033   0.0033  -0.0050   0.00    1.0
2026/09/06 10:00:15.000   46.273436347    9.777721288  2496.1186   2  16   0.0061   0.0057   0.0124  -0.0033   0.0033  -0.0050   0.00    1.0
2026/09/06 10:00:16.000   46.273436425    9.777721267  2496.1272   2  16   0.0061   0.0057   0.0124  -0.0033   0.0033  -0.0050   0.00    1.0
2026/09/06 10:00:17.000   46.273436174    9.777721223  2496.1272   2  16   0.0061   0.0057   0.0124  -0.0033   0.0033  -0.0050   0.00    1.0
2026/09/06 10:00:18.000   46.273436149    9.777721230  2496.1326   2  16   0.0061   0.0057   0.0124  -0.0033   0.0033  -0.0050   0.00    1.0
2026/09/06 10:00:19.000   46.273436604    9.777721214  2496.1344   2  16   0.0061   0.0057   0.0124  -0.0033   0.0033  -0.0050   0.00    1.0
2026/09/06 10:00:20.000   46.273436272    9.777721303  2496.1405   2  16   0.0061   0.0057   0.0124  -0.0033   0.0033  -0.0050   0.00    1.0
2026/09/06 10:00:21.000   46.273436066    9.777721340  2496.1395   2  16   0.0061   0.0057   0.0125  -0.0033   0.0033  -0.0050   0.00    1.0
2026/09/06 10:00:22.000   46.273435568    9.777721793  2496.1419   2  16   0.0061   0.0057   0.0125  -0.0034   0.0033  -0.0050   0.00    1.0
2026/09/06 10:00:23.000   46.273435578    9.777721822  2496.1498   2  16   0.0061   0.0057   0.0125  -0.0034   0.0033  -0.0050   0.00    1.0
2026/09/06 10:00:24.000   46.273435548    9.777721830  2496.1560   2  16   0.0061   0.0057   0.0125  -0.0034   0.0033  -0.0050   0.00    1.0
2026/09/06 10:00:25.000   46.273435031    9.777722075  2496.1482   2  16   0.0061   0.0057   0.0125  -0.0034   0.0033  -0.0050   0.00    1.0
2026/09/06 10:00:26.000   46.273435886    9.777721754  2496.1626   2  16   0.0061   0.0057   0.0125  -0.0034   0.0033  -0.0050   0.00    1.0
2026/09/06 10:00:27.000   46.273436881    9.777721299  2496.1649   2  16   0.0061   0.0057   0.0125  -0.0034   0.0033  -0.0050   0.00    1.0
2026/09/06 10:00:28.000   46.273436889    9.777721278  2496.1768   2  16   0.0061   0.0057   0.0125  -0.0034   0.0033  -0.0050   0.00    1.0
2026/09/06 10:00:29.000   46.273436816    9.777721356  2496.1728   2  16   0.0061   0.0057   0.0125  -0.0034   0.0033  -0.0050   0.00    1.0
2026/09/06 10:00:30.000   46.273436866    9.777721565  2496.1796   2  16   0.0061   0.0057   0.0125  -0.0034   0.0033  -0.0050   0.00    1.0
2026/09/06 10:00:31.000   46.273436859    9.777721578  2496.1810   2  16   0.0061   0.0057   0.0125  -0.0034   0.0033  -0.0050   0.00    1.0
2026/09/06 10:00:32.000   46.273436899    9.777721999  2496.1840   2  16   0.0061   0.0057   0.0125  -0.0034   0.0033  -0.0050   0.00    1.0
2026/09/06 10:00:33.000   46.273436971    9.777722314  2496.1844   2  16   0.0061   0.0057   0.0125  -0.0034   0.0033  -0.0050   0.00    1.0
2026/09/06 10:00:34.000   46.273436756    9.777721644  2496.1904   2  16   0.0061   0.0057   0.0125  -0.0034   0.0033  -0.0050   0.00    1.0
2026/09/06 10:00:35.000   46.273436813    9.777721950  2496.1948   2  16   0.0061   0.0057   0.0125  -0.0034   0.0033  -0.0050   0.00    1.0
2026/09/06 10:00:36.000   46.273436803    9.777721924  2496.1970   2  16   0.0061   0.0057   0.0125  -0.0034   0.0033  -0.0050   0.00    1.0
2026/09/06 10:00:37.000   46.273436841    9.777722129  2496.1980   2  16   0.0061   0.0057   0.0125  -0.0034   0.0033  -0.0050   0.00    1.0
2026/09/06 10:00:38.000   46.273436671    9.777722197  2496.2040   2  16   0.0061   0.0057   0.0125  -0.0034   0.0033  -0.0050   0.00    1.0
2026/09/06 10:00:39.000   46.273436441    9.777722282  2496.2092   2  16   0.0061   0.0057   0.0125  -0.0034   0.0033  -0.0050   0.00    1.0
2026/09/06 10:00:40.000   46.273436052    9.777722483  2496.2046   2  16   0.0061   0.0057   0.0125  -0.0034   0.0033  -0.0050   0.00    1.0
2026/09/06 10:00:41.000   46.273435941    9.777722618  2496.2103   2  16   0.0061   0.0057   0.0125  -0.0034   0.0033  -0.0050   0.00    1.0
2026/09/06 10:00:42.000   46.273435670    9.777723093  2496.2094   2  16   0.0061   0.0057   0.0125  -0.0034   0.0033  -0.0050   0.00    1.0
2026/09/06 10:00:43.000   46.273436091    9.777722758  2496.2198   2  16   0.0061   0.0057   0.0125  -0.0034   0.0033  -0.0050   0.00    1.0
2026/09/06 10:00:44.000   46.273436567    9.777722467  2496.2287   2  16   0.0061   0.0057   0.0126  -0.0034   0.0033  -0.0050   0.00    1.0
2026/09/06 10:00:45.000   46.273436272    9.777722289  2496.2317   2  16   0.0061   0.0057   0.0126  -0.0034   0.0033  -0.0050   0.00    1.0
2026/09/06 10:00:46.000   46.273436262    9.777722250  2496.2328   2  16   0.0062   0.0057   0.0126  -0.0034   0.0033  -0.0050   0.00    1.0
2026/09/06 10:00:47.000   46.273436178    9.777721798  2496.2397   2  16   0.0062   0.0057   0.0126  -0.0034   0.0032  -0.0050   0.00    1.0
2026/09/06 10:00:48.000   46.273436030    9.777721868  2496.2391   2  16   0.0062   0.0057   0.0126  -0.0034   0.0032  -0.0050   0.00    1.0
2026/09/06 10:00:49.000   46.273436047    9.777722017  2496.2467   2  16   0.0062   0.0057   0.0126  -0.0034   0.0032  -0.0050   0.00    1.0
2026/09/06 10:00:50.000   46.273435951    9.777721861  2496.2451   2  16   0.0062   0.0057   0.0126  -0.0034   0.0032  -0.0050   0.00    1.0
2026/09/06 10:00:51.000   46.273435924    9.777721732  2496.2499   2  16   0.0062   0.0057   0.0126  -0.0034   0.0032  -0.0050   0.00    1.0
2026/09/06 10:00:52.000   46.273435764    9.777722136  2496.2565   2  16   0.0062   0.0057   0.0126  -0.0034   0.0032  -0.0050   0.00    1.0
2026/09/06 10:00:53.000   46.273435612    9.777722304  2496.2486   2  16   0.0062   0.0057   0.0126  -0.0034   0.0032  -0.0050   0.00    1.0
2026/09/06 10:00:54.000   46.273435671    9.777722351  2496.2568   2  16   0.0062   0.0057   0.0126  -0.0034   0.0032  -0.0050   0.00    1.0
2026/09/06 10:00:55.000   46.273435570    9.777722091  2496.2614   2  16   0.0062   0.0057   0.0126  -0.0034   0.0032  -0.0050   0.00    1.0
2026/09/06 10:00:56.000   46.273435593    9.777722097  2496.2636   2  16   0.0062   0.0057   0.0126  -0.0034   0.0032  -0.0050   0.00    1.0
2026/09/06 10:00:57.000   46.273435602    9.777722140  2496.2682   2  16   0.0062   0.0057   0.0126  -0.0034   0.0032  -0.0050   0.00    1.0
2026/09/06 10:00:58.000   46.273435620    9.777722178  2496.2720   2  16   0.0062   0.0057   0.0126  -0.0034   0.0032  -0.0050   0.00    1.0
2026/09/06 10:00:59.000   46.273435608    9.777722151  2496.2717   2  16   0.0062   0.0057   0.0126  -0.0034   0.0032  -0.0050   0.00    1.0
2026/09/06 10:01:00.000   46.273435605    9.777722136  2496.2743   2  16   0.0062   0.0057   0.0126  -0.0034   0.0032  -0.0050   0.00    1.0
2026/09/06 10:01:01.000   46.273435765    9.777722027  2496.2805   2  16   0.0062   0.0057   0.0126  -0.0034   0.0032  -0.0050   0.00    1.0
2026/09/06 10:01:02.000   46.273435934    9.777721904  2496.2861   2  16   0.0062   0.0057   0.0126  -0.0034   0.0032  -0.0050   0.00    1.0
2026/09/06 10:01:03.000   46.273436420    9.777721500  2496.2881   2  16   0.0062   0.0057   0.0126  -0.0034   0.0032  -0.0049   0.00    1.0
2026/09/06 10:01:04.000   46.273436956    9.777721114  2496.2941   2  16   0.0062   0.0057   0.0126  -0.0034   0.0032  -0.0049   0.00    1.0
2026/09/06 10:01:05.000   46.273436994    9.777721065  2496.2958   2  16   0.0062   0.0057   0.0126  -0.0034   0.0032  -0.0049   0.00    1.0
2026/09/06 10:01:06.000   46.273436954    9.777721074  2496.3000   2  16   0.0062   0.0057   0.0126  -0.0034   0.0032  -0.0049   0.00    1.0
2026/09/06 10:01:07.000   46.273436944    9.777721069  2496.3067   2  16   0.0062   0.0057   0.0127  -0.0034   0.0032  -0.0049   0.00    1.0
2026/09/06 10:01:08.000   46.273437095    9.777721624  2496.3068   2  16   0.0062   0.0057   0.0127  -0.0034   0.0032  -0.0049   0.00    1.0
2026/09/06 10:01:09.000   46.273437334    9.777722342  2496.3034   2  16   0.0062   0.0057   0.0127  -0.0034   0.0032  -0.0049   0.00    1.0
2026/09/06 10:01:10.000   46.273436981    9.777721306  2496.3062   2  16   0.0062   0.0057   0.0127  -0.0034   0.0032  -0.0049   0.00    1.0
2026/09/06 10:01:11.000   46.273436998    9.777721295  2496.3082   2  16   0.0062   0.0057   0.0127  -0.0034   0.0032  -0.0049   0.00    1.0
2026/09/06 10:01:12.000   46.273436921    9.777721147  2496.3149   2  16   0.0062   0.0057   0.0127  -0.0034   0.0032  -0.0049   0.00    1.0
2026/09/06 10:01:13.000   46.273436830    9.777720713  2496.3106   2  16   0.0062   0.0057   0.0127  -0.0034   0.0032  -0.0049   0.00    1.0
2026/09/06 10:01:14.000   46.273436777    9.777720563  2496.3140   2  16   0.0062   0.0057   0.0127  -0.0034   0.0032  -0.0049   0.00    1.0
2026/09/06 10:01:15.000   46.273436766    9.777720443  2496.3204   2  16   0.0062   0.0057   0.0127  -0.0035   0.0032  -0.0049   0.00    1.0
2026/09/06 10:01:16.000   46.273436743    9.777720441  2496.3233   2  16   0.0062   0.0057   0.0127  -0.0035   0.0032  -0.0049   0.00    1.1
2026/09/06 10:01:17.000   46.273436741    9.777720443  2496.3262   2  16   0.0062   0.0057   0.0127  -0.0035   0.0032  -0.0049   0.00    1.1
2026/09/06 10:01:18.000   46.273436763    9.777720448  2496.3253   2  16   0.0062   0.0057   0.0127  -0.0035   0.0032  -0.0049   0.00    1.1
2026/09/06 10:01:19.000   46.273436752    9.777720470  2496.3265   2  16   0.0062   0.0057   0.0127  -0.0035   0.0032  -0.0049   0.00    1.1
2026/09/06 10:01:20.000   46.273436763    9.777720461  2496.3321   2  16   0.0062   0.0057   0.0127  -0.0035   0.0032  -0.0049   0.00    1.1
2026/09/06 10:01:21.000   46.273436795    9.777720449  2496.3353   2  16   0.0062   0.0057   0.0127  -0.0035   0.0032  -0.0049   0.00    1.1
2026/09/06 10:01:22.000   46.273436790    9.777720420  2496.3320   2  16   0.0062   0.0057   0.0127  -0.0035   0.0032  -0.0049   0.00    1.0
2026/09/06 10:01:23.000   46.273436786    9.777720445  2496.3430   2  16   0.0062   0.0057   0.0127  -0.0035   0.0032  -0.0049   0.00    1.0
2026/09/06 10:01:24.000   46.273436768    9.777720439  2496.3449   2  16   0.0062   0.0057   0.0127  -0.0035   0.0032  -0.0049   0.00    1.0
2026/09/06 10:01:25.000   46.273436747    9.777720419  2496.3453   2  16   0.0062   0.0057   0.0127  -0.0035   0.0032  -0.0049   0.00    1.0
2026/09/06 10:01:26.000   46.273436744    9.777720430  2496.3454   2  16   0.0062   0.0057   0.0127  -0.0035   0.0032  -0.0049   0.00    1.0
2026/09/06 10:01:27.000   46.273436777    9.777720430  2496.3462   2  16   0.0062   0.0057   0.0127  -0.0035   0.0032  -0.0049   0.00    1.0
2026/09/06 10:01:28.000   46.273436766    9.777720405  2496.3494   2  16   0.0062   0.0057   0.0127  -0.0035   0.0032  -0.0049   0.00    1.0
2026/09/06 10:01:29.000   46.273436746    9.777720436  2496.3533   2  16   0.0062   0.0057   0.0127  -0.0035   0.0032  -0.0049   0.00    1.0
2026/09/06 10:01:30.000   46.273436791    9.777720361  2496.3438   2  17   0.0062   0.0057   0.0126  -0.0034   0.0029  -0.0048   0.00    1.0
2026/09/06 10:01:31.000   46.273436759    9.777720393  2496.3536   2  17   0.0062   0.0057   0.0125  -0.0034   0.0029  -0.0047   0.00    1.0
2026/09/06 10:01:32.000   46.273436741    9.777720382  2496.3610   2  17   0.0062   0.0057   0.0125  -0.0034   0.0028  -0.0047   0.00    1.0
2026/09/06 10:01:33.000   46.273436741    9.777720377  2496.3597   2  17   0.0062   0.0057   0.0125  -0.0034   0.0028  -0.0047   0.00    1.0
2026/09/06 10:01:34.000   46.273436751    9.777720360  2496.3676   2  17   0.0062   0.0057   0.0125  -0.0034   0.0028  -0.0047   0.00    1.0
2026/09/06 10:01:35.000   46.273436728    9.777720360  2496.3708   2  17   0.0062   0.0057   0.0125  -0.0034   0.0028  -0.0047   0.00    1.0
2026/09/06 10:01:36.000   46.273436726    9.777720353  2496.3667   2  17   0.0062   0.0057   0.0125  -0.0034   0.0028  -0.0046   0.00    1.0
2026/09/06 10:01:37.000   46.273436705    9.777720394  2496.3741   2  17   0.0062   0.0057   0.0125  -0.0034   0.0028  -0.0046   0.00    1.0
2026/09/06 10:01:38.000   46.273436712    9.777720393  2496.3788   2  17   0.0062   0.0057   0.0125  -0.0034   0.0028  -0.0046   0.00    1.0
2026/09/06 10:01:39.000   46.273436721    9.777720397  2496.3770   2  17   0.0062   0.0057   0.0125  -0.0034   0.0028  -0.0046   0.00    1.0
2026/09/06 10:01:40.000   46.273436718    9.777720409  2496.3795   2  17   0.0062   0.0057   0.0125  -0.0034   0.0028  -0.0046   0.00    1.0
2026/09/06 10:01:41.000   46.273436733    9.777720387  2496.3857   2  17   0.0062   0.0057   0.0125  -0.0034   0.0028  -0.0046   0.00    1.0
2026/09/06 10:01:42.000   46.273436745    9.777720415  2496.3891   2  17   0.0062   0.0057   0.0125  -0.0034   0.0028  -0.0046   0.00    1.0
2026/09/06 10:01:43.000   46.273436735    9.777720413  2496.3960   2  17   0.0062   0.0057   0.0125  -0.0034   0.0028  -0.0046   0.00    1.0
2026/09/06 10:01:44.000   46.273436738    9.777720407  2496.3955   2  17   0.0062   0.0057   0.0125  -0.0034   0.0028  -0.0046   0.00    1.0
2026/09/06 10:01:45.000   46.273436745    9.777720400  2496.3999   2  17   0.0062   0.0057   0.0125  -0.0034   0.0028  -0.0046   0.00    1.0
2026/09/06 10:01:46.000   46.273436747    9.777720412  2496.4036   2  17   0.0062   0.0057   0.0125  -0.0034   0.0027  -0.0046   0.00    1.0
2026/09/06 10:01:47.000   46.273436742    9.777720402  2496.4019   2  17   0.0062   0.0057   0.0125  -0.0034   0.0027  -0.0046   0.00    1.0
2026/09/06 10:01:48.000   46.273436719    9.777720390  2496.4038   2  17   0.0062   0.0057   0.0125  -0.0034   0.0027  -0.0046   0.00    1.0
2026/09/06 10:01:49.000   46.273436711    9.777720393  2496.4045   2  17   0.0062   0.0057   0.0125  -0.0034   0.0027  -0.0046   0.00    1.0
2026/09/06 10:01:50.000   46.273436698    9.777720387  2496.4075   2  17   0.0062   0.0057   0.0125  -0.0034   0.0027  -0.0046   0.00    1.0
2026/09/06 10:01:51.000   46.273436682    9.777720367  2496.4027   2  17   0.0062   0.0057   0.0125  -0.0034   0.0027  -0.0046   0.00    1.0
2026/09/06 10:01:52.000   46.273436684    9.777720343  2496.4095   2  17   0.0062   0.0057   0.0125  -0.0034   0.0027  -0.0046   0.00    1.0
2026/09/06 10:01:53.000   46.273436704    9.777720350  2496.4096   2  17   0.0062   0.0057   0.0125  -0.0034   0.0027  -0.0046   0.00    1.0
2026/09/06 10:01:54.000   46.273436719    9.777720341  2496.4159   2  17   0.0062   0.0057   0.0125  -0.0034   0.0027  -0.0046   0.00    1.0
2026/09/06 10:01:55.000   46.273436690    9.777720359  2496.4172   2  17   0.0062   0.0057   0.0125  -0.0034   0.0027  -0.0046   0.00    1.0
2026/09/06 10:01:56.000   46.273436714    9.777720383  2496.4197   2  17   0.0062   0.0057   0.0125  -0.0034   0.0027  -0.0046   0.00    1.0
2026/09/06 10:01:57.000   46.273436691    9.777720364  2496.4152   2  17   0.0062   0.0057   0.0125  -0.0034   0.0027  -0.0046   0.00    1.0
2026/09/06 10:01:58.000   46.273436682    9.777720383  2496.4182   2  17   0.0062   0.0057   0.0126  -0.0034   0.0027  -0.0046   0.00    1.0
2026/09/06 10:01:59.000   46.273436703    9.777720355  2496.4138   2  17   0.0062   0.0057   0.0126  -0.0034   0.0027  -0.0046   0.00    1.0
2026/09/06 10:02:00.000   46.273436678    9.777720399  2496.4185   2  17   0.0062   0.0057   0.0126  -0.0034   0.0027  -0.0046   0.00    1.0
2026/09/06 10:02:01.000   46.273436691    9.777720401  2496.4238   2  17   0.0062   0.0057   0.0126  -0.0034   0.0027  -0.0046   0.00    1.0
2026/09/06 10:02:02.000   46.273436700    9.777720382  2496.4256   2  17   0.0062   0.0057   0.0126  -0.0034   0.0027  -0.0046   0.00    1.0
2026/09/06 10:02:03.000   46.273436704    9.777720409  2496.4302   2  17   0.0062   0.0057   0.0126  -0.0034   0.0027  -0.0046   0.00    1.0
2026/09/06 10:02:04.000   46.273436698    9.777720386  2496.4304   2  17   0.0062   0.0057   0.0126  -0.0034   0.0027  -0.0046   0.00    1.0
2026/09/06 10:02:05.000   46.273436682    9.777720401  2496.4365   2  17   0.0062   0.0057   0.0126  -0.0034   0.0027  -0.0046   0.00    1.0
2026/09/06 10:02:06.000   46.273436678    9.777720402  2496.4365   2  17   0.0063   0.0057   0.0126  -0.0034   0.0027  -0.0046   0.00    1.0
2026/09/06 10:02:07.000   46.273436696    9.777720375  2496.4391   2  17   0.0063   0.0057   0.0126  -0.0034   0.0027  -0.0046   0.00    1.0
2026/09/06 10:02:08.000   46.273436674    9.777720380  2496.4407   2  17   0.0063   0.0057   0.0126  -0.0035   0.0027  -0.0046   0.00    1.0
2026/09/06 10:02:09.000   46.273436692    9.777720396  2496.4438   2  17   0.0063   0.0057   0.0126  -0.0035   0.0027  -0.0046   0.00    1.0
2026/09/06 10:02:10.000   46.273436687    9.777720380  2496.4423   2  17   0.0063   0.0057   0.0126  -0.0035   0.0027  -0.0046   0.00    1.0
2026/09/06 10:02:11.000   46.273436684    9.777720392  2496.4440   2  17   0.0063   0.0057   0.0126  -0.0035   0.0027  -0.0046   0.00    1.0
2026/09/06 10:02:12.000   46.273436673    9.777720405  2496.4467   2  17   0.0063   0.0057   0.0126  -0.0035   0.0027  -0.0046   0.00    1.0
2026/09/06 10:02:13.000   46.273436673    9.777720420  2496.4473   2  17   0.0063   0.0057   0.0126  -0.0035   0.0027  -0.0046   0.00    1.0
2026/09/06 10:02:14.000   46.273436685    9.777720386  2496.4426   2  17   0.0063   0.0057   0.0126  -0.0035   0.0027  -0.0045   0.00    1.0
2026/09/06 10:02:15.000   46.273436675    9.777720405  2496.4442   2  17   0.0063   0.0057   0.0126  -0.0035   0.0027  -0.0045   0.00    1.0
2026/09/06 10:02:16.000   46.273436673    9.777720400  2496.4497   2  17   0.0063   0.0057   0.0126  -0.0035   0.0027  -0.0045   0.00    1.0
2026/09/06 10:02:17.000   46.273436669    9.777720418  2496.4527   2  17   0.0063   0.0057   0.0126  -0.0035   0.0027  -0.0045   0.00    1.0
2026/09/06 10:02:18.000   46.273436666    9.777720401  2496.4564   2  17   0.0063   0.0057   0.0126  -0.0035   0.0027  -0.0045   0.00    1.0
2026/09/06 10:02:19.000   46.273436688    9.777720398  2496.4576   2  17   0.0063   0.0057   0.0126  -0.0035   0.0027  -0.0045   0.00    1.0
2026/09/06 10:02:20.000   46.273436674    9.777720398  2496.4594   2  17   0.0063   0.0057   0.0126  -0.0035   0.0027  -0.0045   0.00    1.0
2026/09/06 10:02:21.000   46.273436658    9.777720439  2496.4664   2  17   0.0063   0.0057   0.0126  -0.0035   0.0027  -0.0045   0.00    1.0
2026/09/06 10:02:22.000   46.273436668    9.777720431  2496.4621   2  17   0.0063   0.0057   0.0126  -0.0035   0.0027  -0.0045   0.00    1.0
2026/09/06 10:02:23.000   46.273436658    9.777720450  2496.4692   2  17   0.0063   0.0057   0.0126  -0.0035   0.0027  -0.0045   0.00    1.0
2026/09/06 10:02:24.000   46.273436639    9.777720455  2496.4680   2  17   0.0063   0.0057   0.0126  -0.0035   0.0027  -0.0045   0.00    1.0
2026/09/06 10:02:25.000   46.273436627    9.777720453  2496.4679   2  17   0.0063   0.0057   0.0126  -0.0035   0.0026  -0.0045   0.00    1.0
2026/09/06 10:02:26.000   46.273436627    9.777720471  2496.4720   2  17   0.0063   0.0057   0.0126  -0.0035   0.0026  -0.0045   0.00    1.0
2026/09/06 10:02:27.000   46.273436656    9.777720442  2496.4673   2  17   0.0063   0.0057   0.0126  -0.0035   0.0026  -0.0045   0.00    1.0
2026/09/06 10:02:28.000   46.273436640    9.777720450  2496.4691   2  17   0.0063   0.0057   0.0126  -0.0035   0.0026  -0.0045   0.00    1.0
2026/09/06 10:02:29.000   46.273436660    9.777720460  2496.4702   2  17   0.0063   0.0057   0.0126  -0.0035   0.0026  -0.0045   0.00    1.0
2026/09/06 10:02:30.000   46.273436665    9.777720449  2496.4664   2  17   0.0063   0.0057   0.0127  -0.0035   0.0026  -0.0045   0.00    1.1
2026/09/06 10:02:31.000   46.273436654    9.777720462  2496.4743   2  17   0.0063   0.0057   0.0127  -0.0035   0.0026  -0.0045   0.00    1.1
2026/09/06 10:02:32.000   46.273436653    9.777720475  2496.4764   2  17   0.0063   0.0057   0.0127  -0.0035   0.0026  -0.0045   0.00    1.1
2026/09/06 10:02:33.000   46.273436679    9.777720474  2496.4767   2  17   0.0063   0.0057   0.0127  -0.0035   0.0026  -0.0045   0.00    1.1
2026/09/06 10:02:34.000   46.273436671    9.777720467  2496.4752   2  17   0.0063   0.0057   0.0127  -0.0035   0.0026  -0.0045   0.00    1.1
2026/09/06 10:02:35.000   46.273436674    9.777720481  2496.4838   2  17   0.0063   0.0057   0.0127  -0.0035   0.0026  -0.0045   0.00    1.1
2026/09/06 10:02:36.000   46.273436667    9.777720473  2496.4839   2  17   0.0063   0.0057   0.0127  -0.0035   0.0026  -0.0045   0.00    1.1
2026/09/06 10:02:37.000   46.273436663    9.777720483  2496.4832   2  17   0.0063   0.0057   0.0127  -0.0035   0.0026  -0.0045   0.00    1.1
2026/09/06 10:02:38.000   46.273436654    9.777720488  2496.4801   2  17   0.0063   0.0057   0.0127  -0.0035   0.0026  -0.0045   0.00    1.1
2026/09/06 10:02:39.000   46.273436673    9.777720468  2496.4792   2  17   0.0063   0.0057   0.0127  -0.0035   0.0026  -0.0045   0.00    1.1
2026/09/06 10:02:40.000   46.273436664    9.777720477  2496.4843   2  17   0.0063   0.0057   0.0127  -0.0035   0.0026  -0.0045   0.00    1.1
2026/09/06 10:02:41.000   46.273436679    9.777720460  2496.4831   2  17   0.0063   0.0057   0.0127  -0.0035   0.0026  -0.0045   0.00    1.1
2026/09/06 10:02:42.000   46.273436671    9.777720496  2496.4837   2  17   0.0063   0.0057   0.0127  -0.0035   0.0026  -0.0045   0.00    1.1
2026/09/06 10:02:43.000   46.273436641    9.777720493  2496.4818   2  17   0.0063   0.0057   0.0127  -0.0035   0.0026  -0.0045   0.00    1.1
2026/09/06 10:02:44.000   46.273436633    9.777720519  2496.4870   2  17   0.0063   0.0057   0.0127  -0.0035   0.0026  -0.0045   0.00    1.1
2026/09/06 10:02:45.000   46.273436657    9.777720508  2496.4884   2  17   0.0063   0.0057   0.0127  -0.0035   0.0026  -0.0045   0.00    1.1
2026/09/06 10:02:46.000   46.273436639    9.777720524  2496.4905   2  17   0.0063   0.0057   0.0127  -0.0035   0.0026  -0.0045   0.00    1.1
2026/09/06 10:02:47.000   46.273436669    9.777720550  2496.4918   2  17   0.0063   0.0057   0.0127  -0.0035   0.0026  -0.0045   0.00    1.1
2026/09/06 10:02:48.000   46.273436681    9.777720504  2496.4885   2  17   0.0063   0.0057   0.0127  -0.0035   0.0026  -0.0045   0.00    1.1
2026/09/06 10:02:49.000   46.273436670    9.777720537  2496.4890   2  17   0.0063   0.0057   0.0127  -0.0035   0.0026  -0.0045   0.00    1.1
2026/09/06 10:02:50.000   46.273436678    9.777720501  2496.4898   2  17   0.0063   0.0057   0.0127  -0.0035   0.0026  -0.0045   0.00    1.1
2026/09/06 10:02:51.000   46.273436661    9.777720531  2496.4939   2  17   0.0063   0.0057   0.0127  -0.0035   0.0026  -0.0045   0.00    1.1
2026/09/06 10:02:52.000   46.273436694    9.777720516  2496.4935   2  17   0.0063   0.0057   0.0127  -0.0035   0.0026  -0.0045   0.00    1.1
2026/09/06 10:02:53.000   46.273436706    9.777720505  2496.4918   2  17   0.0063   0.0057   0.0127  -0.0035   0.0026  -0.0045   0.00    1.1
2026/09/06 10:02:54.000   46.273436684    9.777720532  2496.4958   2  17   0.0063   0.0057   0.0127  -0.0035   0.0026  -0.0045   0.00    1.1
2026/09/06 10:02:55.000   46.273436690    9.777720515  2496.4956   2  17   0.0063   0.0057   0.0127  -0.0035   0.0026  -0.0045   0.00    1.1
2026/09/06 10:02:56.000   46.273436684    9.777720532  2496.4958   2  17   0.0063   0.0057   0.0127  -0.0035   0.0026  -0.0045   0.00    1.1
2026/09/06 10:02:57.000   46.273436674    9.777720531  2496.4974   2  17   0.0063   0.0057   0.0127  -0.0035   0.0026  -0.0045   0.00    1.1
2026/09/06 10:02:58.000   46.273436699    9.777720532  2496.5012   2  17   0.0063   0.0057   0.0127  -0.0035   0.0026  -0.0045   0.00    1.1
2026/09/06 10:02:59.000   46.273436663    9.777720547  2496.5019   2  17   0.0063   0.0057   0.0127  -0.0035   0.0026  -0.0045   0.00    1.1
2026/09/06 10:03:00.000   46.273436665    9.777720530  2496.5031   2  17   0.0063   0.0057   0.0127  -0.0035   0.0026  -0.0045   0.00    1.1
2026/09/06 10:03:01.000   46.273436660    9.777720543  2496.4973   2  17   0.0063   0.0057   0.0127  -0.0035   0.0026  -0.0045   0.00    1.1
2026/09/06 10:03:02.000   46.273436691    9.777720553  2496.4992   2  17   0.0063   0.0057   0.0127  -0.0035   0.0026  -0.0045   0.00    1.1
2026/09/06 10:03:03.000   46.273436683    9.777720532  2496.5034   2  17   0.0063   0.0057   0.0127  -0.0035   0.0026  -0.0045   0.00    1.1
2026/09/06 10:03:04.000   46.273436690    9.777720559  2496.5022   2  17   0.0063   0.0057   0.0127  -0.0035   0.0026  -0.0045   0.00    1.1
2026/09/06 10:03:05.000   46.273436713    9.777720544  2496.4978   2  17   0.0063   0.0057   0.0128  -0.0035   0.0026  -0.0045   0.00    1.1
2026/09/06 10:03:06.000   46.273436673    9.777720569  2496.4985   2  17   0.0063   0.0057   0.0128  -0.0036   0.0026  -0.0045   0.00    1.1
2026/09/06 10:03:07.000   46.273436695    9.777720555  2496.4997   2  17   0.0063   0.0057   0.0128  -0.0036   0.0026  -0.0045   0.00    1.1
2026/09/06 10:03:08.000   46.273436683    9.777720557  2496.4981   2  17   0.0063   0.0057   0.0128  -0.0036   0.0027  -0.0045   0.00    1.1
2026/09/06 10:03:09.000   46.273436673    9.777720581  2496.5017   2  17   0.0063   0.0058   0.0129  -0.0036   0.0028  -0.0045   0.00    1.1
2026/09/06 10:03:10.000   46.273436694    9.777720556  2496.4930   2  16   0.0064   0.0058   0.0130  -0.0036   0.0030  -0.0047   0.00    1.1
2026/09/06 10:03:11.000   46.273436680    9.777720572  2496.4897   2  16   0.0064   0.0058   0.0130  -0.0037   0.0030  -0.0047   0.00    1.1
2026/09/06 10:03:12.000   46.273436685    9.777720578  2496.4925   2  16   0.0064   0.0058   0.0130  -0.0037   0.0030  -0.0047   0.00    1.1
2026/09/06 10:03:13.000   46.273436701    9.777720581  2496.4899   2  16   0.0064   0.0058   0.0130  -0.0037   0.0030  -0.0047   0.00    1.1
2026/09/06 10:03:14.000   46.273436696    9.777720569  2496.4899   2  16   0.0064   0.0058   0.0130  -0.0037   0.0030  -0.0047   0.00    1.1
2026/09/06 10:03:15.000   46.273436684    9.777720592  2496.4892   2  16   0.0064   0.0058   0.0130  -0.0037   0.0030  -0.0047   0.00    1.1
2026/09/06 10:03:16.000   46.273436712    9.777720600  2496.4872   2  16   0.0064   0.0058   0.0130  -0.0037   0.0030  -0.0047   0.00    1.1
2026/09/06 10:03:17.000   46.273436730    9.777720558  2496.4829   2  16   0.0064   0.0058   0.0131  -0.0037   0.0030  -0.0047   0.00    1.1
2026/09/06 10:03:18.000   46.273436693    9.777720590  2496.4859   2  16   0.0064   0.0058   0.0131  -0.0037   0.0030  -0.0047   0.00    1.1
2026/09/06 10:03:19.000   46.273436698    9.777720574  2496.4847   2  16   0.0064   0.0058   0.0131  -0.0037   0.0030  -0.0047   0.00    1.1
2026/09/06 10:03:20.000   46.273436707    9.777720595  2496.4833   2  16   0.0064   0.0058   0.0131  -0.0037   0.0030  -0.0047   0.00    1.1
2026/09/06 10:03:21.000   46.273436708    9.777720626  2496.4850   2  16   0.0064   0.0058   0.0131  -0.0037   0.0030  -0.0047   0.00    1.1
2026/09/06 10:03:22.000   46.273436705    9.777720632  2496.4852   2  16   0.0064   0.0058   0.0131  -0.0037   0.0030  -0.0047   0.00    1.1
2026/09/06 10:03:23.000   46.273436683    9.777720641  2496.4867   2  16   0.0064   0.0058   0.0131  -0.0037   0.0030  -0.0047   0.00    1.1
2026/09/06 10:03:24.000   46.273436698    9.777720650  2496.4854   2  16   0.0064   0.0058   0.0131  -0.0037   0.0030  -0.0047   0.00    1.1
2026/09/06 10:03:25.000   46.273436695    9.777720643  2496.4879   2  16   0.0064   0.0058   0.0131  -0.0037   0.0030  -0.0047   0.00    1.1
2026/09/06 10:03:26.000   46.273436715    9.777720656  2496.4880   2  16   0.0064   0.0058   0.0131  -0.0037   0.0030  -0.0047   0.00    1.1
2026/09/06 10:03:27.000   46.273436724    9.777720654  2496.4855   2  16   0.0064   0.0058   0.0131  -0.0037   0.0030  -0.0047   0.00    1.1
2026/09/06 10:03:28.000   46.273436749    9.777720658  2496.4859   2  16   0.0064   0.0058   0.0131  -0.0037   0.0030  -0.0047   0.00    1.1
2026/09/06 10:03:29.000   46.273436729    9.777720705  2496.4876   2  16   0.0064   0.0058   0.0131  -0.0037   0.0030  -0.0047   0.00    1.1
2026/09/06 10:03:30.000   46.273436728    9.777720678  2496.4878   2  16   0.0064   0.0058   0.0131  -0.0037   0.0030  -0.0047   0.00    1.1
2026/09/06 10:03:31.000   46.273436722    9.777720699  2496.4885   2  16   0.0064   0.0058   0.0131  -0.0037   0.0030  -0.0047   0.00    1.1
2026/09/06 10:03:32.000   46.273436719    9.777720689  2496.4835   2  16   0.0064   0.0058   0.0131  -0.0037   0.0030  -0.0047   0.00    1.0
2026/09/06 10:03:33.000   46.273436688    9.777720714  2496.4844   2  16   0.0064   0.0058   0.0131  -0.0037   0.0029  -0.0047   0.00    1.0
2026/09/06 10:03:34.000   46.273436717    9.777720750  2496.4828   2  16   0.0064   0.0058   0.0131  -0.0037   0.0029  -0.0047   0.00    1.0
2026/09/06 10:03:35.000   46.273436703    9.777720748  2496.4846   2  16   0.0064   0.0058   0.0131  -0.0037   0.0029  -0.0047   0.00    1.0
2026/09/06 10:03:36.000   46.273436717    9.777720763  2496.4823   2  16   0.0064   0.0058   0.0131  -0.0037   0.0029  -0.0047   0.00    1.0
2026/09/06 10:03:37.000   46.273436715    9.777720741  2496.4773   2  16   0.0064   0.0058   0.0131  -0.0037   0.0029  -0.0047   0.00    1.0
2026/09/06 10:03:38.000   46.273436712    9.777720742  2496.4763   2  16   0.0064   0.0058   0.0131  -0.0037   0.0029  -0.0047   0.00    1.0
2026/09/06 10:03:39.000   46.273436716    9.777720740  2496.4717   2  16   0.0064   0.0058   0.0131  -0.0037   0.0029  -0.0047   0.00    1.0
2026/09/06 10:03:40.000   46.273436710    9.777720743  2496.4710   2  16   0.0064   0.0058   0.0131  -0.0037   0.0029  -0.0047   0.00    1.0
2026/09/06 10:03:41.000   46.273436721    9.777720750  2496.4721   2  16   0.0064   0.0058   0.0131  -0.0037   0.0029  -0.0047   0.00    1.0
2026/09/06 10:03:42.000   46.273436719    9.777720734  2496.4665   2  16   0.0064   0.0058   0.0131  -0.0037   0.0029  -0.0047   0.00    1.0
2026/09/06 10:03:43.000   46.273436711    9.777720752  2496.4650   2  16   0.0064   0.0058   0.0131  -0.0037   0.0029  -0.0047   0.00    1.0
2026/09/06 10:03:44.000   46.273436708    9.777720771  2496.4653   2  16   0.0064   0.0058   0.0131  -0.0037   0.0029  -0.0047   0.00    1.0
2026/09/06 10:03:45.000   46.273436725    9.777720748  2496.4616   2  16   0.0064   0.0058   0.0131  -0.0037   0.0029  -0.0047   0.00    1.0
2026/09/06 10:03:46.000   46.273436735    9.777720773  2496.4630   2  16   0.0064   0.0058   0.0131  -0.0037   0.0029  -0.0047   0.00    1.0
2026/09/06 10:03:47.000   46.273436758    9.777720749  2496.4655   2  16   0.0064   0.0058   0.0131  -0.0037   0.0029  -0.0047   0.00    1.0
2026/09/06 10:03:48.000   46.273436764    9.777720756  2496.4680   2  16   0.0064   0.0058   0.0131  -0.0037   0.0029  -0.0047   0.00    1.0
2026/09/06 10:03:49.000   46.273436770    9.777720753  2496.4617   2  16   0.0064   0.0058   0.0131  -0.0037   0.0029  -0.0047   0.00    1.0
2026/09/06 10:03:50.000   46.273436749    9.777720797  2496.4682   2  16   0.0064   0.0058   0.0131  -0.0037   0.0029  -0.0047   0.00    1.0
2026/09/06 10:03:51.000   46.273436773    9.777720782  2496.4689   2  16   0.0064   0.0058   0.0131  -0.0037   0.0029  -0.0047   0.00    1.0
2026/09/06 10:03:52.000   46.273436744    9.777720821  2496.4675   2  16   0.0064   0.0058   0.0131  -0.0037   0.0029  -0.0047   0.00    1.0
2026/09/06 10:03:53.000   46.273436749    9.777720831  2496.4719   2  16   0.0064   0.0058   0.0131  -0.0037   0.0029  -0.0047   0.00    1.0
2026/09/06 10:03:54.000   46.273436774    9.777720811  2496.4655   2  16   0.0064   0.0058   0.0131  -0.0037   0.0029  -0.0047   0.00    1.0
2026/09/06 10:03:55.000   46.273436752    9.777720833  2496.4610   2  16   0.0064   0.0058   0.0131  -0.0037   0.0029  -0.0047   0.00    1.0
2026/09/06 10:03:56.000   46.273436774    9.777720833  2496.4610   2  16   0.0064   0.0058   0.0131  -0.0037   0.0029  -0.0047   0.00    1.0
2026/09/06 10:03:57.000   46.273436766    9.777720834  2496.4596   2  16   0.0064   0.0058   0.0131  -0.0037   0.0029  -0.0047   0.00    1.0
2026/09/06 10:03:58.000   46.273436806    9.777720852  2496.4565   2  16   0.0064   0.0058   0.0131  -0.0037   0.0029  -0.0047   0.00    1.0
2026/09/06 10:03:59.000   46.273436790    9.777720857  2496.4608   2  16   0.0064   0.0058   0.0131  -0.0037   0.0029  -0.0047   0.00    1.0
2026/09/06 10:04:00.000   46.273436807    9.777720851  2496.4556   2  16   0.0064   0.0058   0.0131  -0.0037   0.0029  -0.0047   0.00    1.0
2026/09/06 10:04:01.000   46.273436786    9.777720859  2496.4506   2  16   0.0064   0.0058   0.0131  -0.0037   0.0029  -0.0047   0.00    1.0
2026/09/06 10:04:02.000   46.273436773    9.777720902  2496.4487   2  16   0.0064   0.0058   0.0131  -0.0037   0.0029  -0.0047   0.00    1.0
2026/09/06 10:04:03.000   46.273436793    9.777720873  2496.4458   2  16   0.0064   0.0058   0.0131  -0.0037   0.0029  -0.0047   0.00    1.0
2026/09/06 10:04:04.000   46.273436778    9.777720877  2496.4448   2  16   0.0064   0.0058   0.0131  -0.0037   0.0029  -0.0047   0.00    1.0
2026/09/06 10:04:05.000   46.273436778    9.777720907  2496.4492   2  16   0.0064   0.0058   0.0131  -0.0037   0.0029  -0.0047   0.00    1.0
2026/09/06 10:04:06.000   46.273436779    9.777720924  2496.4455   2  16   0.0064   0.0058   0.0131  -0.0037   0.0029  -0.0047   0.00    1.0
2026/09/06 10:04:07.000   46.273436777    9.777720924  2496.4414   2  16   0.0064   0.0058   0.0131  -0.0037   0.0029  -0.0047   0.00    1.0
2026/09/06 10:04:08.000   46.273436752    9.777720958  2496.4444   2  16   0.0064   0.0058   0.0131  -0.0037   0.0029  -0.0047   0.00    1.0
2026/09/06 10:04:09.000   46.273436762    9.777720952  2496.4357   2  16   0.0064   0.0058   0.0131  -0.0037   0.0029  -0.0047   0.00    1.0
2026/09/06 10:04:10.000   46.273436759    9.777720977  2496.4394   2  16   0.0064   0.0058   0.0131  -0.0037   0.0029  -0.0047   0.00    1.0
2026/09/06 10:04:11.000   46.273436787    9.777720962  2496.4297   2  16   0.0064   0.0058   0.0131  -0.0037   0.0029  -0.0047   0.00    1.0
2026/09/06 10:04:12.000   46.273436792    9.777720957  2496.4255   2  16   0.0064   0.0058   0.0131  -0.0037   0.0029  -0.0047   0.00    1.0
2026/09/06 10:04:13.000   46.273436787    9.777720957  2496.4272   2  16   0.0064   0.0058   0.0131  -0.0037   0.0029  -0.0047   0.00    1.0
2026/09/06 10:04:14.000   46.273436795    9.777720982  2496.4278   2  16   0.0064   0.0058   0.0131  -0.0037   0.0029  -0.0047   0.00    1.0
2026/09/06 10:04:15.000   46.273436788    9.777721006  2496.4242   2  16   0.0064   0.0058   0.0131  -0.0037   0.0029  -0.0047   0.00    1.0
2026/09/06 10:04:16.000   46.273436802    9.777721021  2496.4258   2  16   0.0064   0.0058   0.0131  -0.0037   0.0029  -0.0047   0.00    1.0
2026/09/06 10:04:17.000   46.273436804    9.777721040  2496.4282   2  16   0.0064   0.0058   0.0131  -0.0037   0.0029  -0.0047   0.00    1.0
2026/09/06 10:04:18.000   46.273436822    9.777721051  2496.4309   2  16   0.0064   0.0058   0.0131  -0.0037   0.0029  -0.0047   0.00    1.0
2026/09/06 10:04:19.000   46.273436814    9.777721064  2496.4298   2  16   0.0064   0.0058   0.0131  -0.0037   0.0029  -0.0047   0.00    1.0
2026/09/06 10:04:20.000   46.273436819    9.777721076  2496.4276   2  16   0.0064   0.0058   0.0131  -0.0037   0.0029  -0.0047   0.00    1.0
2026/09/06 10:04:21.000   46.273436825    9.777721066  2496.4261   2  16   0.0064   0.0058   0.0131  -0.0037   0.0029  -0.0047   0.00    1.0
2026/09/06 10:04:22.000   46.273436842    9.777721063  2496.4183   2  16   0.0064   0.0058   0.0131  -0.0037   0.0029  -0.0047   0.00    1.0
2026/09/06 10:04:23.000   46.273436856    9.777721061  2496.4217   2  16   0.0064   0.0058   0.0131  -0.0037   0.0029  -0.0047   0.00    1.0
2026/09/06 10:04:24.000   46.273436859    9.777721067  2496.4222   2  16   0.0064   0.0058   0.0131  -0.0037   0.0029  -0.0047   0.00    1.0
2026/09/06 10:04:25.000   46.273436840    9.777721071  2496.4164   2  16   0.0064   0.0058   0.0131  -0.0037   0.0029  -0.0047   0.00    1.0
2026/09/06 10:04:26.000   46.273436832    9.777721105  2496.4168   2  16   0.0064   0.0058   0.0131  -0.0037   0.0029  -0.0047   0.00    1.0
2026/09/06 10:04:27.000   46.273436834    9.777721117  2496.4171   2  16   0.0064   0.0058   0.0131  -0.0037   0.0029  -0.0047   0.00    1.0
2026/09/06 10:04:28.000   46.273436843    9.777721132  2496.4129   2  16   0.0064   0.0058   0.0131  -0.0037   0.0029  -0.0047   0.00    1.0
2026/09/06 10:04:29.000   46.273436875    9.777721121  2496.4107   2  16   0.0064   0.0058   0.0131  -0.0037   0.0029  -0.0047   0.00    1.0
2026/09/06 10:04:30.000   46.273436878    9.777721150  2496.4076   2  16   0.0064   0.0058   0.0131  -0.0037   0.0029  -0.0047   0.00    1.0
2026/09/06 10:04:31.000   46.273436897    9.777721158  2496.4031   2  16   0.0064   0.0058   0.0131  -0.0037   0.0029  -0.0047   0.00    1.0
2026/09/06 10:04:32.000   46.273436909    9.777721159  2496.4018   2  16   0.0064   0.0058   0.0131  -0.0037   0.0029  -0.0047   0.00    1.0
2026/09/06 10:04:33.000   46.273436900    9.777721202  2496.4013   2  16   0.0064   0.0058   0.0131  -0.0037   0.0029  -0.0047   0.00    1.0
2026/09/06 10:04:34.000   46.273436908    9.777721195  2496.3977   2  16   0.0064   0.0058   0.0131  -0.0037   0.0029  -0.0047   0.00    1.0
2026/09/06 10:04:35.000   46.273436899    9.777721211  2496.3941   2  16   0.0064   0.0058   0.0131  -0.0037   0.0029  -0.0047   0.00    1.0
2026/09/06 10:04:36.000   46.273436885    9.777721205  2496.3845   2  16   0.0064   0.0058   0.0131  -0.0037   0.0029  -0.0047   0.00    1.0
2026/09/06 10:04:37.000   46.273436876    9.777721236  2496.3905   2  16   0.0064   0.0058   0.0131  -0.0037   0.0029  -0.0047   0.00    1.0
2026/09/06 10:04:38.000   46.273436899    9.777721247  2496.3941   2  16   0.0064   0.0058   0.0131  -0.0037   0.0029  -0.0047   0.00    1.0
2026/09/06 10:04:39.000   46.273436906    9.777721247  2496.3865   2  16   0.0064   0.0058   0.0131  -0.0037   0.0029  -0.0047   0.00    1.0
2026/09/06 10:04:40.000   46.273436889    9.777721266  2496.3891   2  16   0.0064   0.0058   0.0131  -0.0037   0.0029  -0.0047   0.00    1.0
2026/09/06 10:04:41.000   46.273436900    9.777721279  2496.3875   2  16   0.0064   0.0058   0.0131  -0.0037   0.0029  -0.0047   0.00    1.0
2026/09/06 10:04:42.000   46.273436931    9.777721254  2496.3820   2  16   0.0064   0.0058   0.0131  -0.0037   0.0029  -0.0047   0.00    1.0
2026/09/06 10:04:43.000   46.273436897    9.777721294  2496.3836   2  16   0.0064   0.0058   0.0131  -0.0037   0.0029  -0.0047   0.00    1.0
2026/09/06 10:04:44.000   46.273436921    9.777721290  2496.3782   2  16   0.0063   0.0058   0.0131  -0.0037   0.0029  -0.0047   0.00    1.0
2026/09/06 10:04:45.000   46.273436949    9.777721278  2496.3739   2  16   0.0063   0.0058   0.0131  -0.0037   0.0029  -0.0047   0.00    1.0
2026/09/06 10:04:46.000   46.273436923    9.777721310  2496.3746   2  16   0.0063   0.0058   0.0131  -0.0037   0.0029  -0.0047   0.00    1.0
2026/09/06 10:04:47.000   46.273436953    9.777721334  2496.3686   2  16   0.0063   0.0058   0.0131  -0.0037   0.0029  -0.0047   0.00    1.0
2026/09/06 10:04:48.000   46.273436960    9.777721349  2496.3673   2  16   0.0063   0.0058   0.0131  -0.0037   0.0029  -0.0047   0.00    1.0
2026/09/06 10:04:49.000   46.273436936    9.777721383  2496.3676   2  16   0.0063   0.0058   0.0131  -0.0037   0.0029  -0.0047   0.00    1.0
2026/09/06 10:04:50.000   46.273436935    9.777721396  2496.3693   2  16   0.0063   0.0058   0.0131  -0.0037   0.0029  -0.0047   0.00    1.0
2026/09/06 10:04:51.000   46.273436939    9.777721384  2496.3704   2  16   0.0063   0.0058   0.0131  -0.0037   0.0029  -0.0047   0.00    1.0
2026/09/06 10:04:52.000   46.273436942    9.777721424  2496.3677   2  16   0.0063   0.0058   0.0131  -0.0037   0.0029  -0.0047   0.00    1.0
2026/09/06 10:04:53.000   46.273436949    9.777721420  2496.3660   2  16   0.0063   0.0058   0.0131  -0.0037   0.0029  -0.0047   0.00    1.0
2026/09/06 10:04:54.000   46.273436956    9.777721436  2496.3661   2  16   0.0063   0.0058   0.0131  -0.0037   0.0029  -0.0047   0.00    1.0
2026/09/06 10:04:55.000   46.273436980    9.777721448  2496.3589   2  16   0.0063   0.0058   0.0131  -0.0037   0.0029  -0.0047   0.00    1.0
2026/09/06 10:04:56.000   46.273436956    9.777721470  2496.3607   2  16   0.0063   0.0058   0.0131  -0.0037   0.0029  -0.0047   0.00    1.0
2026/09/06 10:04:57.000   46.273436962    9.777721469  2496.3562   2  16   0.0063   0.0058   0.0131  -0.0037   0.0029  -0.0047   0.00    1.0
2026/09/06 10:04:58.000   46.273436968    9.777721490  2496.3501   2  16   0.0063   0.0058   0.0131  -0.0037   0.0029  -0.0047   0.00    1.0
2026/09/06 10:04:59.000   46.273436980    9.777721499  2496.3501   2  16   0.0063   0.0058   0.0131  -0.0037   0.0029  -0.0047   0.00    1.0
2026/09/06 10:05:00.000   46.273436992    9.777721503  2496.3440   2  16   0.0063   0.0058   0.0131  -0.0037   0.0029  -0.0047   0.00    1.0
2026/09/06 10:05:01.000   46.273436981    9.777721537  2496.3435   2  16   0.0063   0.0058   0.0131  -0.0037   0.0029  -0.0047   0.00    1.0
2026/09/06 10:05:02.000   46.273437000    9.777721586  2496.3409   2  16   0.0063   0.0058   0.0131  -0.0037   0.0029  -0.0047   0.00    1.0
2026/09/06 10:05:03.000   46.273437287    9.777721316  2496.3407   2  16   0.0063   0.0058   0.0131  -0.0037   0.0030  -0.0047   0.00    1.0
2026/09/06 10:05:04.000   46.273437079    9.777721260  2496.3374   2  16   0.0063   0.0058   0.0131  -0.0037   0.0030  -0.0047   0.00    1.0
2026/09/06 10:05:05.000   46.273437132    9.777721270  2496.3334   2  16   0.0063   0.0058   0.0131  -0.0037   0.0030  -0.0047   0.00    1.0
2026/09/06 10:05:06.000   46.273436963    9.777721135  2496.3305   2  16   0.0063   0.0058   0.0131  -0.0037   0.0030  -0.0047   0.00    1.0
2026/09/06 10:05:07.000   46.273437014    9.777721180  2496.3277   2  16   0.0063   0.0058   0.0131  -0.0037   0.0030  -0.0047   0.00    1.0
2026/09/06 10:05:08.000   46.273437694    9.777721538  2496.3295   2  16   0.0063   0.0058   0.0131  -0.0037   0.0030  -0.0047   0.00    1.0
2026/09/06 10:05:09.000   46.273435119    9.777719078  2496.4993   2  16   0.0063   0.0058   0.0131  -0.0037   0.0030  -0.0047   0.00    1.0
2026/09/06 10:05:10.000   46.273432081    9.777714590  2496.4104   2  16   0.0063   0.0058   0.0131  -0.0037   0.0030  -0.0047   0.00    1.0
2026/09/06 10:05:11.000   46.273431239    9.777714739  2496.4591   2  16   0.0063   0.0058   0.0131  -0.0037   0.0030  -0.0047   0.00    1.0
2026/09/06 10:05:12.000   46.273428954    9.777712003  2496.2532   2  16   0.0063   0.0058   0.0131  -0.0037   0.0030  -0.0047   0.00    1.0
2026/09/06 10:05:13.000   46.273427902    9.777711583  2496.1667   2  16   0.0063   0.0058   0.0131  -0.0037   0.0030  -0.0047   0.00    1.0
2026/09/06 10:05:14.000   46.273428018    9.777712691  2496.1348   2  16   0.0063   0.0058   0.0131  -0.0037   0.0030  -0.0047   0.00    1.0
2026/09/06 10:05:15.000   46.273429016    9.777712552  2496.1266   2  16   0.0063   0.0058   0.0131  -0.0037   0.0030  -0.0047   0.00    1.0
2026/09/06 10:05:16.000   46.273430191    9.777710601  2496.0945   2  16   0.0063   0.0058   0.0131  -0.0037   0.0030  -0.0047   0.00    1.0
2026/09/06 10:05:17.000   46.273429836    9.777707005  2495.5709   2  16   0.0063   0.0058   0.0131  -0.0037   0.0030  -0.0047   0.00    1.0
2026/09/06 10:05:18.000   46.273430013    9.777705158  2495.3501   2  16   0.0063   0.0058   0.0131  -0.0037   0.0030  -0.0047   0.00    1.0
2026/09/06 10:05:19.000   46.273429696    9.777705280  2495.3099   2  16   0.0063   0.0058   0.0130  -0.0037   0.0030  -0.0047   0.00    1.0
2026/09/06 10:05:20.000   46.273429752    9.777705536  2495.3099   2  16   0.0063   0.0058   0.0130  -0.0037   0.0030  -0.0047   0.00    1.0
2026/09/06 10:05:21.000   46.273428988    9.777706064  2495.2929   2  16   0.0063   0.0058   0.0130  -0.0037   0.0030  -0.0047   0.00    1.0
2026/09/06 10:05:22.000   46.273428972    9.777705831  2495.2961   2  16   0.0063   0.0058   0.0130  -0.0037   0.0030  -0.0047   0.00    1.0
2026/09/06 10:05:23.000   46.273429036    9.777705579  2495.2938   2  16   0.0063   0.0058   0.0130  -0.0037   0.0030  -0.0047   0.00    1.0
2026/09/06 10:05:24.000   46.273429031    9.777705515  2495.2937   2  16   0.0063   0.0058   0.0130  -0.0037   0.0030  -0.0047   0.00    1.0
2026/09/06 10:05:25.000   46.273428827    9.777705431  2495.2977   2  16   0.0063   0.0058   0.0130  -0.0037   0.0030  -0.0047   0.00    1.0
2026/09/06 10:05:26.000   46.273428572    9.777705219  2495.2900   2  16   0.0063   0.0058   0.0130  -0.0037   0.0030  -0.0047   0.00    1.0
2026/09/06 10:05:27.000   46.273428607    9.777705017  2495.2929   2  16   0.0063   0.0058   0.0130  -0.0037   0.0030  -0.0047   0.00    1.0
2026/09/06 10:05:28.000   46.273428638    9.777704911  2495.2955   2  16   0.0063   0.0058   0.0130  -0.0037   0.0030  -0.0047   0.00    1.0
2026/09/06 10:05:29.000   46.273428698    9.777704776  2495.2920   2  16   0.0063   0.0058   0.0130  -0.0037   0.0030  -0.0047   0.00    1.0
2026/09/06 10:05:30.000   46.273428552    9.777704711  2495.2923   2  16   0.0063   0.0058   0.0130  -0.0037   0.0030  -0.0047   0.00    1.0
2026/09/06 10:05:31.000   46.273428325    9.777705048  2495.2862   2  16   0.0063   0.0058   0.0130  -0.0037   0.0030  -0.0047   0.00    1.0
2026/09/06 10:05:32.000   46.273428219    9.777704958  2495.2814   2  16   0.0063   0.0058   0.0130  -0.0037   0.0030  -0.0047   0.00    1.0
2026/09/06 10:05:33.000   46.273428807    9.777705344  2495.2686   2  16   0.0063   0.0058   0.0130  -0.0037   0.0030  -0.0047   0.00    1.0
2026/09/06 10:05:34.000   46.273429198    9.777705099  2495.2715   2  16   0.0063   0.0058   0.0130  -0.0037   0.0030  -0.0047   0.00    1.0
2026/09/06 10:05:35.000   46.273429285    9.777705001  2495.2726   2  16   0.0063   0.0058   0.0130  -0.0037   0.0030  -0.0047   0.00    1.0
2026/09/06 10:05:36.000   46.273429488    9.777704791  2495.2739   2  16   0.0063   0.0058   0.0130  -0.0037   0.0030  -0.0047   0.00    1.0
2026/09/06 10:05:37.000   46.273429247    9.777704968  2495.2688   2  16   0.0063   0.0058   0.0130  -0.0037   0.0030  -0.0047   0.00    1.0
2026/09/06 10:05:38.000   46.273429360    9.777704723  2495.2714   2  16   0.0063   0.0058   0.0130  -0.0037   0.0030  -0.0047   0.00    1.0
2026/09/06 10:05:39.000   46.273429325    9.777704806  2495.2662   2  16   0.0063   0.0058   0.0130  -0.0037   0.0030  -0.0047   0.00    1.0
2026/09/06 10:05:40.000   46.273429404    9.777704797  2495.2606   2  16   0.0063   0.0058   0.0130  -0.0037   0.0030  -0.0047   0.00    1.0
2026/09/06 10:05:41.000   46.273429252    9.777704708  2495.2573   2  16   0.0063   0.0058   0.0130  -0.0037   0.0030  -0.0047   0.00    1.0
2026/09/06 10:05:42.000   46.273429191    9.777704785  2495.2597   2  16   0.0063   0.0058   0.0130  -0.0037   0.0030  -0.0047   0.00    1.0
2026/09/06 10:05:43.000   46.273429119    9.777704896  2495.2547   2  16   0.0063   0.0058   0.0130  -0.0037   0.0030  -0.0047   0.00    1.0
2026/09/06 10:05:44.000   46.273429141    9.777704874  2495.2517   2  16   0.0063   0.0058   0.0130  -0.0037   0.0030  -0.0047   0.00    1.0
2026/09/06 10:05:45.000   46.273429267    9.777704794  2495.2586   2  16   0.0063   0.0058   0.0130  -0.0037   0.0030  -0.0047   0.00    1.0
2026/09/06 10:05:46.000   46.273429205    9.777704696  2495.2514   2  16   0.0063   0.0058   0.0130  -0.0037   0.0030  -0.0047   0.00    1.0
2026/09/06 10:05:47.000   46.273429281    9.777704878  2495.2518   2  16   0.0063   0.0058   0.0130  -0.0037   0.0030  -0.0047   0.00    1.0
2026/09/06 10:05:48.000   46.273429153    9.777704918  2495.2485   2  16   0.0063   0.0058   0.0130  -0.0037   0.0030  -0.0047   0.00    1.0
2026/09/06 10:05:49.000   46.273429191    9.777702935  2495.2685   2  16   0.0063   0.0058   0.0130  -0.0038   0.0031  -0.0047   0.00    1.0
2026/09/06 10:05:50.000   46.273427242    9.777700382  2495.2674   2  16   0.0063   0.0058   0.0130  -0.0038   0.0031  -0.0047   0.00    1.0
2026/09/06 10:05:51.000   46.273426229    9.777697072  2495.3551   2  16   0.0063   0.0058   0.0131  -0.0038   0.0031  -0.0047   0.00    1.0
2026/09/06 10:05:52.000   46.273424655    9.777696220  2495.2894   2  16   0.0063   0.0058   0.0131  -0.0038   0.0031  -0.0047   0.00    1.0
2026/09/06 10:05:53.000   46.273421879    9.777696059  2495.0670   2  16   0.0063   0.0058   0.0131  -0.0038   0.0031  -0.0047   0.00    1.0
2026/09/06 10:05:54.000   46.273421815    9.777695472  2494.9898   2  16   0.0063   0.0058   0.0131  -0.0038   0.0031  -0.0048   0.00    1.0
2026/09/06 10:05:55.000   46.273423064    9.777697972  2494.7286   2  16   0.0063   0.0059   0.0131  -0.0038   0.0032  -0.0048   0.00    1.0
2026/09/06 10:05:56.000   46.273424477    9.777697003  2494.4946   2  16   0.0063   0.0059   0.0132  -0.0038   0.0033  -0.0048   0.00    1.0
2026/09/06 10:05:57.000   46.273425491    9.777696142  2494.2989   2  16   0.0064   0.0061   0.0139  -0.0039   0.0023  -0.0041   0.00    1.0
2026/09/06 10:05:58.000   46.273425837    9.777693314  2494.3065   2  16   0.0063   0.0060   0.0135  -0.0039   0.0027  -0.0044   0.00    1.0
2026/09/06 10:05:59.000   46.273425793    9.777692830  2494.3232   2  16   0.0063   0.0059   0.0133  -0.0038   0.0029  -0.0045   0.00    1.0
2026/09/06 10:06:00.000   46.273425927    9.777692817  2494.3256   2  16   0.0063   0.0059   0.0133  -0.0038   0.0030  -0.0046   0.00    1.0
2026/09/06 10:06:01.000   46.273428147    9.777692577  2494.5594   2  16   0.0063   0.0059   0.0133  -0.0038   0.0030  -0.0046   0.00    1.0
2026/09/06 10:06:02.000   46.273427054    9.777693312  2494.4647   2  16   0.0063   0.0059   0.0132  -0.0038   0.0031  -0.0047   0.00    1.0
2026/09/06 10:06:03.000   46.273426097    9.777696716  2494.2849   2  16   0.0064   0.0059   0.0132  -0.0037   0.0031  -0.0047   0.00    1.0
2026/09/06 10:06:04.000   46.273426503    9.777694072  2494.3472   2  16   0.0063   0.0060   0.0133  -0.0037   0.0032  -0.0047   0.00    1.0
2026/09/06 10:06:05.000   46.273426455    9.777693399  2494.3701   2  16   0.0063   0.0060   0.0133  -0.0038   0.0033  -0.0047   0.00    1.0
2026/09/06 10:06:06.000   46.273426259    9.777693205  2494.3773   2  16   0.0063   0.0060   0.0133  -0.0038   0.0034  -0.0048   0.00    1.0
2026/09/06 10:06:07.000   46.273426266    9.777693659  2494.3996   2  16   0.0063   0.0061   0.0135  -0.0038   0.0035  -0.0048   0.00    1.0
2026/09/06 10:06:08.000   46.273426210    9.777696035  2494.4317   2  16   0.0063   0.0063   0.0138  -0.0039   0.0040  -0.0050   0.00    1.0
2026/09/06 10:06:09.000   46.273428945    9.777716574  2495.7399   2   8   0.0090   0.0137   0.0385  -0.0047   0.0175  -0.0120   0.00    1.0
2026/09/06 10:06:10.000   46.273440029    9.777675392  2496.5144   2   7   0.0111   0.0098   0.0544  -0.0016   0.0043  -0.0169   0.00    1.1
2026/09/06 10:06:11.000   46.273398432    9.777701760  2496.6969   2  11   0.0237   0.0150   0.0459  -0.0124   0.0153  -0.0108   0.00    0.0
2026/09/06 10:06:12.000   46.273397619    9.777704669  2497.7196   2  12   0.0226   0.0120   0.0353  -0.0132   0.0128  -0.0082   0.00    1.2
2026/09/06 10:06:13.000   46.273401549    9.777704978  2496.1596   2  12   0.0215   0.0110   0.0313  -0.0119   0.0077  -0.0037   0.00    1.6
2026/09/06 10:06:14.000   46.273402970    9.777703533  2496.2883   2  12   0.0210   0.0106   0.0290  -0.0115   0.0061   0.0033   0.00    1.2
2026/09/06 10:06:15.000   46.273403084    9.777704498  2496.6979   2  14   0.0203   0.0089   0.0205  -0.0102  -0.0078   0.0083   0.00    1.3
2026/09/06 10:06:16.000   46.273403248    9.777704562  2496.7781   2  14   0.0200   0.0086   0.0202  -0.0099  -0.0078   0.0081   0.00    1.1
2026/09/06 10:06:17.000   46.273406635    9.777705612  2496.2071   2  15   0.0192   0.0083   0.0170  -0.0101  -0.0064   0.0106   0.00    1.1
2026/09/06 10:06:18.000   46.273407750    9.777706203  2496.1212   2  15   0.0190   0.0082   0.0171  -0.0102  -0.0064   0.0109   0.00    1.9
2026/09/06 10:06:19.000   46.273407957    9.777705965  2496.3130   2  14   0.0191   0.0082   0.0187  -0.0101  -0.0069   0.0098   0.00    1.8
2026/09/06 10:06:20.000   46.273409081    9.777706202  2496.0969   2  15   0.0188   0.0081   0.0170  -0.0102  -0.0063   0.0109   0.00    1.1
2026/09/06 10:06:21.000   46.273409355    9.777705952  2496.1490   2  15   0.0187   0.0080   0.0167  -0.0102  -0.0062   0.0110   0.00    1.1
2026/09/06 10:06:22.000   46.273409690    9.777706020  2496.2024   2  15   0.0186   0.0080   0.0168  -0.0102  -0.0062   0.0110   0.00    1.1
2026/09/06 10:06:23.000   46.273409811    9.777706044  2496.1834   2  15   0.0186   0.0080   0.0168  -0.0102  -0.0061   0.0110   0.00    1.1
2026/09/06 10:06:24.000   46.273409923    9.777705639  2496.2740   2  13   0.0187   0.0080   0.0182  -0.0101  -0.0066   0.0102   0.00    1.2
2026/09/06 10:06:25.000   46.273410202    9.777705927  2496.2720   2  14   0.0186   0.0080   0.0179  -0.0101  -0.0064   0.0104   0.00    1.2
2026/09/06 10:06:26.000   46.273410345    9.777705726  2496.2984   2  14   0.0186   0.0080   0.0179  -0.0101  -0.0064   0.0104   0.00    1.2
2026/09/06 10:06:27.000   46.273410427    9.777705636  2496.3144   2  14   0.0186   0.0080   0.0180  -0.0101  -0.0064   0.0103   0.00    1.2
2026/09/06 10:06:28.000   46.273410504    9.777705594  2496.3202   2  14   0.0186   0.0080   0.0180  -0.0101  -0.0064   0.0103   0.00    1.2
2026/09/06 10:06:29.000   46.273410530    9.777705522  2496.3444   2  14   0.0186   0.0080   0.0181  -0.0101  -0.0064   0.0103   0.00    1.2
2026/09/06 10:06:30.000   46.273410601    9.777705482  2496.3633   2  14   0.0186   0.0080   0.0183  -0.0101  -0.0065   0.0102   0.00    1.1
2026/09/06 10:06:31.000   46.273410650    9.777705438  2496.3634   2  14   0.0186   0.0080   0.0184  -0.0101  -0.0065   0.0101   0.00    1.8
2026/09/06 10:06:32.000   46.273410629    9.777705344  2496.4161   2  14   0.0187   0.0081   0.0190  -0.0100  -0.0068   0.0097   0.00    1.3
2026/09/06 10:06:33.000   46.273410504    9.777705220  2496.5272   2  14   0.0186   0.0081   0.0188  -0.0101  -0.0066   0.0099   0.00    1.2
2026/09/06 10:06:34.000   46.273409679    9.777705000  2496.5994   2  13   0.0187   0.0081   0.0191  -0.0101  -0.0066   0.0098   0.00    1.5
2026/09/06 10:06:35.000   46.273413568    9.777706123  2495.6207   2  13   0.0187   0.0083   0.0201  -0.0100  -0.0069   0.0093   0.00    1.1
2026/09/06 10:06:36.000   46.273414640    9.777706334  2495.5630   2  14   0.0189   0.0084   0.0207  -0.0097  -0.0074   0.0089   0.00    1.4
2026/09/06 10:06:37.000   46.273415443    9.777705248  2494.8615   2  12   0.0190   0.0092   0.0281  -0.0106   0.0054   0.0049   0.00    1.1
2026/09/06 10:06:38.000   46.273415561    9.777704630  2494.5048   2  11   0.0193   0.0095   0.0320  -0.0108   0.0073  -0.0052   0.00    1.0
2026/09/06 10:06:39.000   46.273416509    9.777703675  2494.2536   2  12   0.0189   0.0090   0.0271  -0.0106   0.0047   0.0059   0.00    1.9
2026/09/06 10:06:40.000   46.273415857    9.777703277  2494.1959   2  14   0.0186   0.0082   0.0200  -0.0100  -0.0070   0.0096   0.00    1.1
2026/09/06 10:06:41.000   46.273416266    9.777702893  2494.1586   2  14   0.0186   0.0081   0.0193  -0.0100  -0.0069   0.0098   0.00    1.0
2026/09/06 10:06:42.000   46.273416147    9.777702796  2494.1649   2  14   0.0186   0.0081   0.0192  -0.0100  -0.0070   0.0098   0.00    1.0
2026/09/06 10:06:43.000   46.273416191    9.777702792  2494.1633   2  14   0.0185   0.0081   0.0190  -0.0100  -0.0070   0.0099   0.00    1.1
2026/09/06 10:06:44.000   46.273416134    9.777702878  2494.1473   2  14   0.0185   0.0081   0.0189  -0.0100  -0.0069   0.0100   0.00    1.1
2026/09/06 10:06:45.000   46.273414951    9.777702171  2494.0797   2  14   0.0185   0.0081   0.0186  -0.0099  -0.0070   0.0101   0.00    1.0
2026/09/06 10:06:46.000   46.273415103    9.777702160  2494.0955   2  13   0.0185   0.0081   0.0189  -0.0099  -0.0070   0.0099   0.00    1.1
2026/09/06 10:06:47.000   46.273415079    9.777702123  2494.1028   2  13   0.0185   0.0081   0.0189  -0.0099  -0.0070   0.0099   0.00    1.1
2026/09/06 10:06:48.000   46.273415049    9.777702188  2494.0913   2  13   0.0185   0.0081   0.0189  -0.0099  -0.0070   0.0099   0.00    1.1
2026/09/06 10:06:49.000   46.273415287    9.777702310  2494.1390   2  13   0.0185   0.0081   0.0190  -0.0099  -0.0070   0.0099   0.00    1.1
2026/09/06 10:06:50.000   46.273415828    9.777703078  2494.2115   2  13   0.0185   0.0080   0.0189  -0.0100  -0.0070   0.0100   0.00    1.1
2026/09/06 10:06:51.000   46.273416525    9.777705652  2494.2065   2  13   0.0185   0.0080   0.0190  -0.0100  -0.0070   0.0100   0.00    1.1
2026/09/06 10:06:52.000   46.273416169    9.777705419  2494.2148   2  14   0.0184   0.0080   0.0186  -0.0100  -0.0068   0.0102   0.00    1.1
2026/09/06 10:06:53.000   46.273416240    9.777705209  2494.2043   2  15   0.0184   0.0080   0.0184  -0.0100  -0.0068   0.0103   0.00    1.0
2026/09/06 10:06:54.000   46.273416187    9.777705104  2494.2185   2  14   0.0184   0.0080   0.0184  -0.0100  -0.0068   0.0103   0.00    1.0
2026/09/06 10:06:55.000   46.273416029    9.777705397  2494.2010   2  14   0.0184   0.0080   0.0183  -0.0100  -0.0067   0.0104   0.00    1.0
2026/09/06 10:06:56.000   46.273416255    9.777705638  2494.2536   2  14   0.0184   0.0080   0.0183  -0.0100  -0.0067   0.0104   0.00    1.0
2026/09/06 10:06:57.000   46.273415966    9.777705691  2494.2901   2  15   0.0184   0.0080   0.0181  -0.0100  -0.0067   0.0105   0.00    1.0
2026/09/06 10:06:58.000   46.273415866    9.777706143  2494.2993   2  15   0.0184   0.0080   0.0180  -0.0100  -0.0067   0.0105   0.00    1.0
2026/09/06 10:06:59.000   46.273415873    9.777706418  2494.2957   2  15   0.0184   0.0081   0.0181  -0.0101  -0.0066   0.0104   0.00    1.0
2026/09/06 10:07:00.000   46.273415717    9.777706085  2494.3039   2  14   0.0184   0.0081   0.0186  -0.0101  -0.0065   0.0102   0.00    1.1
2026/09/06 10:07:01.000   46.273415784    9.777706762  2494.3453   2  13   0.0185   0.0082   0.0190  -0.0102  -0.0062   0.0100   0.00    1.0
2026/09/06 10:07:02.000   46.273415537    9.777706767  2494.4997   2  14   0.0184   0.0082   0.0189  -0.0102  -0.0062   0.0101   0.00    1.0
2026/09/06 10:07:03.000   46.273415394    9.777706984  2494.5600   2  12   0.0188   0.0092   0.0255  -0.0109   0.0058   0.0064   0.00    1.0
2026/09/06 10:07:04.000   46.273412995    9.777711010  2495.6952   2  13   0.0185   0.0082   0.0189  -0.0102  -0.0062   0.0101   0.00    1.0
2026/09/06 10:07:05.000   46.273412995    9.777711163  2495.6892   2  13   0.0184   0.0082   0.0188  -0.0102  -0.0063   0.0102   0.00    1.0
2026/09/06 10:07:06.000   46.273412869    9.777711079  2495.7052   2  13   0.0183   0.0080   0.0175  -0.0101  -0.0068   0.0106   0.00    1.0
